mode: set
pansou/main.go:55.13,61.2 2 0
pansou/main.go:64.16,66.40 1 0
pansou/main.go:66.40,68.3 1 0
pansou/main.go:68.8,70.3 1 0
pansou/main.go:73.2,80.42 3 0
pansou/main.go:80.42,82.3 1 0
pansou/main.go:85.2,86.47 2 0
pansou/main.go:86.47,88.3 1 0
pansou/main.go:91.2,92.52 2 0
pansou/main.go:92.52,94.3 1 0
pansou/main.go:97.2,98.62 2 0
pansou/main.go:98.62,101.3 1 0
pansou/main.go:103.2,112.16 6 0
pansou/main.go:112.16,114.3 1 0
pansou/main.go:115.2,115.61 1 0
pansou/main.go:115.61,117.3 1 0
pansou/main.go:119.2,122.12 2 0
pansou/main.go:122.12,125.72 2 0
pansou/main.go:125.72,126.103 1 0
pansou/main.go:126.103,128.5 1 0
pansou/main.go:133.2,133.32 1 0
pansou/main.go:137.20,153.36 7 0
pansou/main.go:153.36,155.3 1 0
pansou/main.go:155.8,157.3 1 0
pansou/main.go:160.2,162.42 3 0
pansou/main.go:162.42,167.17 2 0
pansou/main.go:167.17,170.4 2 0
pansou/main.go:170.9,172.4 1 0
pansou/main.go:176.2,202.12 9 0
pansou/main.go:202.12,204.40 1 0
pansou/main.go:204.40,207.18 2 0
pansou/main.go:207.18,209.5 1 0
pansou/main.go:212.4,215.82 2 0
pansou/main.go:215.82,217.5 1 0
pansou/main.go:218.9,220.78 1 0
pansou/main.go:220.78,222.5 1 0
pansou/main.go:227.2,236.36 5 0
pansou/main.go:236.36,237.75 1 0
pansou/main.go:237.75,239.4 1 0
pansou/main.go:243.2,243.71 1 0
pansou/main.go:243.71,245.55 2 0
pansou/main.go:245.55,247.4 1 0
pansou/main.go:247.9,249.4 1 0
pansou/main.go:253.2,257.42 3 0
pansou/main.go:257.42,259.3 1 0
pansou/main.go:262.2,262.43 1 0
pansou/main.go:262.43,264.3 1 0
pansou/main.go:266.2,266.46 1 0
pansou/main.go:270.73,275.31 2 0
pansou/main.go:275.31,277.3 1 0
pansou/main.go:277.8,279.3 1 0
pansou/main.go:282.2,282.36 1 0
pansou/main.go:282.36,284.3 1 0
pansou/main.go:284.8,287.27 3 0
pansou/main.go:287.27,289.4 1 0
pansou/main.go:290.3,291.67 1 0
pansou/main.go:295.2,295.35 1 0
pansou/main.go:295.35,300.3 1 0
pansou/main.go:300.8,302.3 1 0
pansou/main.go:305.2,305.40 1 0
pansou/main.go:305.40,308.3 1 0
pansou/main.go:308.8,310.3 1 0
pansou/main.go:313.2,319.42 3 0
pansou/main.go:319.42,321.3 1 0
pansou/main.go:321.8,323.3 1 0
pansou/main.go:325.2,326.43 2 0
pansou/main.go:326.43,328.3 1 0
pansou/main.go:328.8,330.3 1 0
pansou/main.go:332.2,333.39 2 0
pansou/main.go:333.39,335.3 1 0
pansou/main.go:335.8,338.3 2 0
pansou/main.go:340.2,347.41 2 0
pansou/main.go:347.41,350.54 2 0
pansou/main.go:350.54,352.4 1 0
pansou/main.go:352.9,355.4 2 0
pansou/main.go:358.3,359.52 2 0
pansou/main.go:359.52,361.4 1 0
pansou/main.go:361.9,363.4 1 0
pansou/main.go:365.3,369.40 1 0
pansou/main.go:370.8,372.3 1 0
pansou/main.go:375.2,379.42 3 0
pansou/main.go:379.42,381.53 1 0
pansou/main.go:381.53,383.4 1 0
pansou/main.go:384.3,384.55 1 0
pansou/main.go:387.2,387.28 1 0
pansou/main.go:387.28,389.3 1 0
pansou/database/connection.go:21.21,30.18 6 0
pansou/database/connection.go:30.18,32.3 1 0
pansou/database/connection.go:36.2,58.16 4 0
pansou/database/connection.go:58.16,60.3 1 0
pansou/database/connection.go:63.2,64.16 2 0
pansou/database/connection.go:64.16,66.3 1 0
pansou/database/connection.go:70.2,82.37 5 0
pansou/database/connection.go:82.37,84.3 1 0
pansou/database/connection.go:87.2,90.12 3 0
pansou/database/connection.go:94.22,95.15 1 0
pansou/database/connection.go:95.15,97.3 1 0
pansou/database/connection.go:99.2,100.16 2 0
pansou/database/connection.go:100.16,102.3 1 0
pansou/database/connection.go:104.2,104.38 1 0
pansou/database/connection.go:104.38,106.3 1 0
pansou/database/connection.go:108.2,109.12 2 0
pansou/database/connection.go:113.23,115.2 1 0
pansou/database/json_migrator.go:34.49,38.57 2 0
pansou/database/json_migrator.go:38.57,41.3 2 0
pansou/database/json_migrator.go:44.2,46.16 3 0
pansou/database/json_migrator.go:46.16,49.3 2 0
pansou/database/json_migrator.go:52.2,53.60 2 0
pansou/database/json_migrator.go:53.60,56.3 2 0
pansou/database/json_migrator.go:58.2,61.24 2 0
pansou/database/json_migrator.go:61.24,64.3 2 0
pansou/database/json_migrator.go:67.2,71.35 4 0
pansou/database/json_migrator.go:71.35,89.17 3 0
pansou/database/json_migrator.go:89.17,91.36 1 0
pansou/database/json_migrator.go:91.36,94.13 3 0
pansou/database/json_migrator.go:98.4,100.12 3 0
pansou/database/json_migrator.go:104.3,105.17 2 0
pansou/database/json_migrator.go:109.2,121.20 9 0
pansou/database/json_migrator.go:121.20,123.3 1 0
pansou/database/json_migrator.go:125.2,125.12 1 0
pansou/database/json_migrator.go:130.41,132.2 1 0
pansou/database/migration.go:12.26,22.16 3 0
pansou/database/migration.go:22.16,25.3 2 0
pansou/database/migration.go:27.2,32.12 5 0
pansou/database/seed.go:17.31,23.16 4 0
pansou/database/seed.go:23.16,26.3 2 0
pansou/database/seed.go:29.2,29.20 1 0
pansou/database/seed.go:29.20,32.3 2 0
pansou/database/seed.go:35.2,40.16 4 0
pansou/database/seed.go:40.16,43.3 2 0
pansou/database/seed.go:46.2,54.16 3 0
pansou/database/seed.go:54.16,56.35 1 0
pansou/database/seed.go:56.35,59.4 2 0
pansou/database/seed.go:60.3,61.13 2 0
pansou/database/seed.go:65.2,71.12 6 0
pansou/api/middleware/admin_auth.go:14.34,15.30 1 0
pansou/api/middleware/admin_auth.go:15.30,18.14 2 0
pansou/api/middleware/admin_auth.go:18.14,25.4 3 0
pansou/api/middleware/admin_auth.go:28.3,28.22 1 0
pansou/api/middleware/admin_auth.go:28.22,35.4 3 0
pansou/api/middleware/admin_auth.go:38.3,38.11 1 0
pansou/api/middleware/jwt_auth.go:18.32,19.30 1 0
pansou/api/middleware/jwt_auth.go:19.30,22.23 2 0
pansou/api/middleware/jwt_auth.go:22.23,29.4 3 0
pansou/api/middleware/jwt_auth.go:32.3,33.46 2 0
pansou/api/middleware/jwt_auth.go:33.46,40.4 3 0
pansou/api/middleware/jwt_auth.go:42.3,47.17 4 0
pansou/api/middleware/jwt_auth.go:47.17,54.4 3 0
pansou/api/middleware/jwt_auth.go:57.3,61.11 4 0
pansou/api/middleware/jwt_auth.go:70.48,72.22 2 0
pansou/api/middleware/jwt_auth.go:72.22,74.3 1 0
pansou/api/middleware/jwt_auth.go:76.2,77.50 2 0
pansou/api/middleware/jwt_auth.go:77.50,79.3 1 0
pansou/api/middleware/jwt_auth.go:81.2,81.53 1 0
pansou/api/admin_handler.go:44.73,50.2 1 0
pansou/api/admin_handler.go:53.46,63.29 7 0
pansou/api/admin_handler.go:63.29,64.22 1 0
pansou/api/admin_handler.go:64.22,66.4 1 0
pansou/api/admin_handler.go:70.2,70.34 1 0
pansou/api/admin_handler.go:70.34,72.3 1 0
pansou/api/admin_handler.go:75.2,77.13 3 0
pansou/api/admin_handler.go:84.40,86.47 2 0
pansou/api/admin_handler.go:86.47,92.3 2 0
pansou/api/admin_handler.go:95.2,95.43 1 0
pansou/api/admin_handler.go:95.43,101.3 2 0
pansou/api/admin_handler.go:104.2,104.46 1 0
pansou/api/admin_handler.go:104.46,111.3 3 0
pansou/api/admin_handler.go:113.2,117.29 3 0
pansou/api/admin_handler.go:117.29,124.3 3 0
pansou/api/admin_handler.go:127.2,133.16 2 0
pansou/api/admin_handler.go:133.16,135.33 1 0
pansou/api/admin_handler.go:135.33,137.4 1 0
pansou/api/admin_handler.go:137.9,144.4 3 0
pansou/api/admin_handler.go:145.8,147.3 1 0
pansou/api/admin_handler.go:150.2,156.16 2 0
pansou/api/admin_handler.go:156.16,162.3 2 0
pansou/api/admin_handler.go:164.2,167.4 1 0
pansou/api/admin_handler.go:171.79,172.30 1 0
pansou/api/admin_handler.go:172.30,174.17 2 0
pansou/api/admin_handler.go:174.17,180.4 2 0
pansou/api/admin_handler.go:182.3,184.5 1 0
pansou/api/admin_handler.go:189.80,190.30 1 0
pansou/api/admin_handler.go:190.30,192.48 2 0
pansou/api/admin_handler.go:192.48,198.4 2 0
pansou/api/admin_handler.go:201.3,202.17 2 0
pansou/api/admin_handler.go:202.17,208.4 2 0
pansou/api/admin_handler.go:210.3,212.5 1 0
pansou/api/admin_handler.go:217.80,218.30 1 0
pansou/api/admin_handler.go:218.30,220.16 2 0
pansou/api/admin_handler.go:220.16,226.4 2 0
pansou/api/admin_handler.go:228.3,229.17 2 0
pansou/api/admin_handler.go:229.17,235.4 2 0
pansou/api/admin_handler.go:237.3,239.5 1 0
pansou/api/admin_handler.go:300.81,301.30 1 0
pansou/api/admin_handler.go:301.30,304.27 2 0
pansou/api/admin_handler.go:304.27,310.4 2 0
pansou/api/admin_handler.go:313.3,317.29 3 0
pansou/api/admin_handler.go:317.29,324.4 1 0
pansou/api/admin_handler.go:327.3,328.56 2 0
pansou/api/admin_handler.go:328.56,336.4 1 0
pansou/api/admin_handler.go:339.3,369.24 4 0
pansou/api/admin_handler.go:374.47,399.40 2 0
pansou/api/admin_handler.go:399.40,401.3 1 0
pansou/api/admin_handler.go:402.2,402.35 1 0
pansou/api/admin_handler.go:413.80,414.30 1 0
pansou/api/admin_handler.go:414.30,416.16 2 0
pansou/api/admin_handler.go:416.16,422.4 2 0
pansou/api/admin_handler.go:424.3,425.48 2 0
pansou/api/admin_handler.go:425.48,431.4 2 0
pansou/api/admin_handler.go:434.3,434.111 1 0
pansou/api/admin_handler.go:434.111,440.4 2 0
pansou/api/admin_handler.go:443.3,444.29 2 0
pansou/api/admin_handler.go:444.29,446.4 1 0
pansou/api/admin_handler.go:448.3,449.34 2 0
pansou/api/admin_handler.go:449.34,451.4 1 0
pansou/api/admin_handler.go:453.3,454.17 2 0
pansou/api/admin_handler.go:454.17,460.4 2 0
pansou/api/admin_handler.go:462.3,464.5 1 0
pansou/api/admin_handler.go:475.86,476.30 1 0
pansou/api/admin_handler.go:476.30,478.48 2 0
pansou/api/admin_handler.go:478.48,484.4 2 0
pansou/api/admin_handler.go:487.3,487.25 1 0
pansou/api/admin_handler.go:487.25,493.4 2 0
pansou/api/admin_handler.go:496.3,497.17 2 0
pansou/api/admin_handler.go:497.17,503.4 2 0
pansou/api/admin_handler.go:505.3,510.5 1 0
pansou/api/admin_handler.go:523.86,524.30 1 0
pansou/api/admin_handler.go:524.30,526.48 2 0
pansou/api/admin_handler.go:526.48,532.4 2 0
pansou/api/admin_handler.go:535.3,536.17 2 0
pansou/api/admin_handler.go:536.17,542.4 2 0
pansou/api/admin_handler.go:544.3,547.5 1 0
pansou/api/admin_handler.go:557.86,558.30 1 0
pansou/api/admin_handler.go:558.30,560.48 2 0
pansou/api/admin_handler.go:560.48,566.4 2 0
pansou/api/admin_handler.go:569.3,569.25 1 0
pansou/api/admin_handler.go:569.25,575.4 2 0
pansou/api/admin_handler.go:578.3,579.17 2 0
pansou/api/admin_handler.go:579.17,585.4 2 0
pansou/api/admin_handler.go:587.3,592.5 1 0
pansou/api/admin_handler.go:597.78,598.30 1 0
pansou/api/admin_handler.go:598.30,600.23 2 0
pansou/api/admin_handler.go:600.23,606.4 2 0
pansou/api/admin_handler.go:609.3,610.27 2 0
pansou/api/admin_handler.go:610.27,616.4 2 0
pansou/api/admin_handler.go:619.3,622.29 4 0
pansou/api/admin_handler.go:622.29,623.30 1 0
pansou/api/admin_handler.go:623.30,626.10 3 0
pansou/api/admin_handler.go:631.3,631.12 1 0
pansou/api/admin_handler.go:631.12,635.18 3 0
pansou/api/admin_handler.go:635.18,642.5 2 0
pansou/api/admin_handler.go:644.4,650.10 2 0
pansou/api/admin_handler.go:654.3,655.56 2 0
pansou/api/admin_handler.go:655.56,656.29 1 0
pansou/api/admin_handler.go:656.29,663.19 3 0
pansou/api/admin_handler.go:663.19,666.20 2 0
pansou/api/admin_handler.go:666.20,673.7 2 0
pansou/api/admin_handler.go:675.5,677.56 2 0
pansou/api/admin_handler.go:677.56,684.6 1 0
pansou/api/admin_handler.go:684.11,691.6 1 0
pansou/api/admin_handler.go:692.5,692.11 1 0
pansou/api/admin_handler.go:697.3,700.5 1 0
pansou/api/admin_handler.go:710.39,711.30 1 0
pansou/api/admin_handler.go:711.30,713.48 2 0
pansou/api/admin_handler.go:713.48,719.4 2 0
pansou/api/admin_handler.go:722.3,728.17 3 0
pansou/api/admin_handler.go:728.17,731.18 2 0
pansou/api/admin_handler.go:731.18,738.5 2 0
pansou/api/admin_handler.go:740.3,743.54 2 0
pansou/api/admin_handler.go:743.54,749.4 1 0
pansou/api/admin_handler.go:749.9,755.4 1 0
pansou/api/admin_handler.go:768.44,769.30 1 0
pansou/api/admin_handler.go:769.30,771.48 2 0
pansou/api/admin_handler.go:771.48,777.4 2 0
pansou/api/admin_handler.go:780.3,789.17 3 0
pansou/api/admin_handler.go:789.17,795.4 2 0
pansou/api/admin_handler.go:797.3,806.5 1 0
pansou/api/admin_handler.go:811.44,812.30 1 0
pansou/api/admin_handler.go:812.30,814.23 2 0
pansou/api/admin_handler.go:814.23,820.4 2 0
pansou/api/admin_handler.go:823.3,826.17 3 0
pansou/api/admin_handler.go:826.17,832.4 2 0
pansou/api/admin_handler.go:834.3,838.5 1 0
pansou/api/admin_handler.go:850.44,851.30 1 0
pansou/api/admin_handler.go:851.30,853.23 2 0
pansou/api/admin_handler.go:853.23,859.4 2 0
pansou/api/admin_handler.go:861.3,862.48 2 0
pansou/api/admin_handler.go:862.48,868.4 2 0
pansou/api/admin_handler.go:871.3,880.17 3 0
pansou/api/admin_handler.go:880.17,886.4 2 0
pansou/api/admin_handler.go:888.3,897.5 1 0
pansou/api/auth_handler.go:27.73,28.30 1 0
pansou/api/auth_handler.go:28.30,30.48 2 0
pansou/api/auth_handler.go:30.48,33.4 2 0
pansou/api/auth_handler.go:36.3,36.85 1 0
pansou/api/auth_handler.go:36.85,38.63 1 0
pansou/api/auth_handler.go:38.63,41.5 2 0
pansou/api/auth_handler.go:44.4,45.18 2 0
pansou/api/auth_handler.go:45.18,48.5 2 0
pansou/api/auth_handler.go:50.4,50.14 1 0
pansou/api/auth_handler.go:50.14,53.5 2 0
pansou/api/auth_handler.go:56.4,63.18 2 0
pansou/api/auth_handler.go:63.18,66.5 2 0
pansou/api/auth_handler.go:69.4,75.10 3 0
pansou/api/auth_handler.go:80.3,80.36 1 0
pansou/api/auth_handler.go:80.36,83.4 2 0
pansou/api/auth_handler.go:86.3,86.80 1 0
pansou/api/auth_handler.go:86.80,89.4 2 0
pansou/api/auth_handler.go:92.3,93.48 2 0
pansou/api/auth_handler.go:93.48,96.4 2 0
pansou/api/auth_handler.go:99.3,105.17 2 0
pansou/api/auth_handler.go:105.17,108.4 2 0
pansou/api/auth_handler.go:111.3,116.5 2 0
pansou/api/auth_handler.go:121.36,123.35 1 0
pansou/api/auth_handler.go:123.35,129.3 2 0
pansou/api/auth_handler.go:132.2,133.13 2 0
pansou/api/auth_handler.go:133.13,136.3 2 0
pansou/api/auth_handler.go:138.2,141.4 1 0
pansou/api/auth_handler.go:145.36,149.2 1 0
pansou/api/auth_handler.go:163.85,164.30 1 0
pansou/api/auth_handler.go:164.30,167.19 2 0
pansou/api/auth_handler.go:167.19,170.4 1 0
pansou/api/auth_handler.go:172.3,172.19 1 0
pansou/api/auth_handler.go:172.19,178.4 2 0
pansou/api/auth_handler.go:181.3,182.17 2 0
pansou/api/auth_handler.go:182.17,188.4 2 0
pansou/api/auth_handler.go:191.3,199.61 5 0
pansou/api/auth_handler.go:199.61,202.25 3 0
pansou/api/auth_handler.go:202.25,204.5 1 0
pansou/api/auth_handler.go:205.9,208.4 1 0
pansou/api/auth_handler.go:211.3,212.26 2 0
pansou/api/auth_handler.go:212.26,214.4 1 0
pansou/api/auth_handler.go:217.3,218.33 2 0
pansou/api/auth_handler.go:218.33,221.4 2 0
pansou/api/auth_handler.go:223.3,236.24 3 0
pansou/api/filter.go:9.123,10.77 1 0
pansou/api/filter.go:10.77,12.3 1 0
pansou/api/filter.go:15.2,16.36 2 0
pansou/api/filter.go:16.36,18.3 1 0
pansou/api/filter.go:20.2,21.36 2 0
pansou/api/filter.go:21.36,23.3 1 0
pansou/api/filter.go:26.2,26.56 1 0
pansou/api/filter.go:26.56,32.47 3 0
pansou/api/filter.go:32.47,34.4 1 0
pansou/api/filter.go:35.3,35.25 1 0
pansou/api/filter.go:36.8,36.59 1 0
pansou/api/filter.go:36.59,42.26 3 0
pansou/api/filter.go:42.26,44.4 1 0
pansou/api/filter.go:47.2,47.17 1 0
pansou/api/filter.go:51.117,52.24 1 0
pansou/api/filter.go:52.24,54.3 1 0
pansou/api/filter.go:56.2,58.43 2 0
pansou/api/filter.go:58.43,61.30 2 0
pansou/api/filter.go:61.30,62.64 1 0
pansou/api/filter.go:62.64,64.5 1 0
pansou/api/filter.go:68.3,68.29 1 0
pansou/api/filter.go:68.29,70.4 1 0
pansou/api/filter.go:73.2,73.17 1 0
pansou/api/filter.go:77.114,78.20 1 0
pansou/api/filter.go:78.20,80.3 1 0
pansou/api/filter.go:82.2,84.33 2 0
pansou/api/filter.go:84.33,86.67 1 0
pansou/api/filter.go:86.67,87.12 1 0
pansou/api/filter.go:91.3,92.37 2 0
pansou/api/filter.go:92.37,95.23 2 0
pansou/api/filter.go:95.23,97.5 1 0
pansou/api/filter.go:99.4,99.64 1 0
pansou/api/filter.go:99.64,101.5 1 0
pansou/api/filter.go:105.3,105.29 1 0
pansou/api/filter.go:105.29,108.4 2 0
pansou/api/filter.go:111.2,111.17 1 0
pansou/api/filter.go:115.79,119.37 2 0
pansou/api/filter.go:119.37,120.38 1 0
pansou/api/filter.go:120.38,122.4 1 0
pansou/api/filter.go:126.2,126.30 1 0
pansou/api/filter.go:126.30,128.38 2 0
pansou/api/filter.go:128.38,129.39 1 0
pansou/api/filter.go:129.39,131.10 2 0
pansou/api/filter.go:134.3,134.15 1 0
pansou/api/filter.go:134.15,136.4 1 0
pansou/api/filter.go:139.2,139.13 1 0
pansou/api/handler.go:24.55,26.2 1 0
pansou/api/handler.go:29.55,31.2 1 0
pansou/api/handler.go:39.36,48.21 5 0
pansou/api/handler.go:48.21,50.3 1 0
pansou/api/handler.go:53.2,53.21 1 0
pansou/api/handler.go:53.21,56.67 2 0
pansou/api/handler.go:56.67,60.39 3 0
pansou/api/handler.go:60.39,62.29 1 0
pansou/api/handler.go:62.29,64.41 2 0
pansou/api/handler.go:64.41,66.7 1 0
pansou/api/handler.go:73.2,73.21 1 0
pansou/api/handler.go:73.21,76.3 2 0
pansou/api/handler.go:80.2,80.26 1 0
pansou/api/handler.go:80.26,83.3 2 0
pansou/api/handler.go:86.2,87.16 2 0
pansou/api/handler.go:87.16,90.3 2 0
pansou/api/handler.go:95.2,95.70 1 0
pansou/api/handler.go:95.70,98.3 2 0
pansou/api/handler.go:101.2,101.25 1 0
pansou/api/handler.go:101.25,104.3 2 0
pansou/api/handler.go:107.2,107.40 1 0
pansou/api/handler.go:107.40,116.46 4 0
pansou/api/handler.go:116.46,118.31 2 0
pansou/api/handler.go:118.31,120.22 2 0
pansou/api/handler.go:120.22,122.6 1 0
pansou/api/handler.go:127.3,129.38 3 0
pansou/api/handler.go:129.38,131.4 1 0
pansou/api/handler.go:134.3,136.68 3 0
pansou/api/handler.go:136.68,138.4 1 0
pansou/api/handler.go:141.3,142.44 2 0
pansou/api/handler.go:142.44,144.4 1 0
pansou/api/handler.go:146.3,147.44 2 0
pansou/api/handler.go:147.44,149.4 1 0
pansou/api/handler.go:152.3,154.43 2 0
pansou/api/handler.go:154.43,157.45 2 0
pansou/api/handler.go:157.45,159.32 2 0
pansou/api/handler.go:159.32,161.23 2 0
pansou/api/handler.go:161.23,163.7 1 0
pansou/api/handler.go:166.9,169.4 1 0
pansou/api/handler.go:172.3,174.47 2 0
pansou/api/handler.go:174.47,177.51 2 0
pansou/api/handler.go:177.51,179.32 2 0
pansou/api/handler.go:179.32,181.23 2 0
pansou/api/handler.go:181.23,183.7 1 0
pansou/api/handler.go:186.9,189.4 1 0
pansou/api/handler.go:192.3,194.36 3 0
pansou/api/handler.go:194.36,196.22 1 0
pansou/api/handler.go:196.22,198.5 1 0
pansou/api/handler.go:198.10,199.68 1 0
pansou/api/handler.go:199.68,202.6 2 0
pansou/api/handler.go:206.3,206.17 1 0
pansou/api/handler.go:206.17,208.4 1 0
pansou/api/handler.go:211.3,213.42 3 0
pansou/api/handler.go:213.42,215.72 2 0
pansou/api/handler.go:215.72,218.5 2 0
pansou/api/handler.go:221.3,232.4 1 0
pansou/api/handler.go:233.8,236.17 2 0
pansou/api/handler.go:236.17,239.4 2 0
pansou/api/handler.go:241.3,241.56 1 0
pansou/api/handler.go:241.56,244.4 2 0
pansou/api/handler.go:248.2,248.28 1 0
pansou/api/handler.go:248.28,250.3 1 0
pansou/api/handler.go:253.2,253.26 1 0
pansou/api/handler.go:253.26,255.3 1 0
pansou/api/handler.go:255.8,255.38 1 0
pansou/api/handler.go:255.38,258.3 1 0
pansou/api/handler.go:261.2,261.26 1 0
pansou/api/handler.go:261.26,263.3 1 0
pansou/api/handler.go:266.2,266.28 1 0
pansou/api/handler.go:266.28,268.3 1 0
pansou/api/handler.go:268.8,268.39 1 0
pansou/api/handler.go:268.39,270.3 1 0
pansou/api/handler.go:270.8,270.36 1 0
pansou/api/handler.go:270.36,272.50 1 0
pansou/api/handler.go:272.50,274.4 1 0
pansou/api/handler.go:282.2,284.16 2 0
pansou/api/handler.go:284.16,289.3 4 0
pansou/api/handler.go:292.2,292.23 1 0
pansou/api/handler.go:292.23,294.3 1 0
pansou/api/handler.go:299.2,299.67 1 0
pansou/api/handler.go:299.68,302.3 0 0
pansou/api/handler.go:305.2,307.53 3 0
pansou/api/middleware.go:16.39,17.30 1 0
pansou/api/middleware.go:17.30,22.36 4 0
pansou/api/middleware.go:22.36,25.4 2 0
pansou/api/middleware.go:27.3,27.11 1 0
pansou/api/middleware.go:32.41,33.30 1 0
pansou/api/middleware.go:33.30,54.81 8 0
pansou/api/middleware.go:54.81,55.55 1 0
pansou/api/middleware.go:55.55,56.62 1 0
pansou/api/middleware.go:56.62,57.71 1 0
pansou/api/middleware.go:57.71,60.7 1 0
pansou/api/middleware.go:66.3,74.73 3 0
pansou/api/middleware.go:79.75,80.30 1 0
pansou/api/middleware.go:80.30,82.71 1 0
pansou/api/middleware.go:82.71,85.4 2 0
pansou/api/middleware.go:88.3,88.39 1 0
pansou/api/middleware.go:88.39,91.4 2 0
pansou/api/middleware.go:94.3,94.50 1 0
pansou/api/middleware.go:94.50,95.92 1 0
pansou/api/middleware.go:95.92,100.28 4 0
pansou/api/middleware.go:100.28,102.6 1 0
pansou/api/middleware.go:103.5,104.11 2 0
pansou/api/middleware.go:109.3,109.61 1 0
pansou/api/middleware.go:109.61,110.48 1 0
pansou/api/middleware.go:110.48,111.77 1 0
pansou/api/middleware.go:111.77,116.6 4 0
pansou/api/middleware.go:121.3,125.12 2 0
pansou/api/middleware.go:131.40,132.30 1 0
pansou/api/middleware.go:132.30,135.18 2 0
pansou/api/middleware.go:135.18,142.4 3 0
pansou/api/middleware.go:145.3,146.17 2 0
pansou/api/middleware.go:146.17,153.4 3 0
pansou/api/middleware.go:156.3,156.29 1 0
pansou/api/middleware.go:156.29,163.4 3 0
pansou/api/middleware.go:165.3,168.11 4 0
pansou/api/middleware.go:173.38,174.30 1 0
pansou/api/middleware.go:174.30,177.18 2 0
pansou/api/middleware.go:177.18,184.4 3 0
pansou/api/middleware.go:187.3,188.17 2 0
pansou/api/middleware.go:188.17,195.4 3 0
pansou/api/middleware.go:197.3,200.11 4 0
pansou/api/middleware.go:205.48,207.22 2 0
pansou/api/middleware.go:207.22,209.3 1 0
pansou/api/middleware.go:211.2,212.50 2 0
pansou/api/middleware.go:212.50,214.3 1 0
pansou/api/middleware.go:216.2,216.53 1 0
pansou/api/middleware.go:220.43,223.18 2 0
pansou/api/middleware.go:223.18,225.3 1 0
pansou/api/middleware.go:228.2,228.23 1 0
pansou/api/middleware.go:232.37,248.32 2 0
pansou/api/middleware.go:248.32,249.33 1 0
pansou/api/middleware.go:249.33,251.4 1 0
pansou/api/middleware.go:254.2,254.14 1 0
pansou/api/refresh_token_handler.go:45.55,50.2 3 0
pansou/api/refresh_token_handler.go:53.102,54.30 1 0
pansou/api/refresh_token_handler.go:54.30,56.48 2 0
pansou/api/refresh_token_handler.go:56.48,62.4 2 0
pansou/api/refresh_token_handler.go:65.3,65.44 1 0
pansou/api/refresh_token_handler.go:65.44,71.4 2 0
pansou/api/refresh_token_handler.go:74.3,74.47 1 0
pansou/api/refresh_token_handler.go:74.47,80.4 2 0
pansou/api/refresh_token_handler.go:82.3,82.30 1 0
pansou/api/refresh_token_handler.go:82.30,88.4 2 0
pansou/api/refresh_token_handler.go:91.3,95.17 2 0
pansou/api/refresh_token_handler.go:95.17,101.4 2 0
pansou/api/refresh_token_handler.go:104.3,110.17 2 0
pansou/api/refresh_token_handler.go:110.17,116.4 2 0
pansou/api/refresh_token_handler.go:118.3,125.91 2 0
pansou/api/refresh_token_handler.go:125.91,128.31 2 0
pansou/api/refresh_token_handler.go:128.31,130.5 1 0
pansou/api/refresh_token_handler.go:133.4,139.18 2 0
pansou/api/refresh_token_handler.go:139.18,142.5 1 0
pansou/api/refresh_token_handler.go:142.10,145.19 2 0
pansou/api/refresh_token_handler.go:145.19,147.6 1 0
pansou/api/refresh_token_handler.go:151.3,151.24 1 0
pansou/api/refresh_token_handler.go:156.139,157.30 1 0
pansou/api/refresh_token_handler.go:157.30,159.48 2 0
pansou/api/refresh_token_handler.go:159.48,162.4 2 0
pansou/api/refresh_token_handler.go:165.3,165.85 1 0
pansou/api/refresh_token_handler.go:165.85,167.63 1 0
pansou/api/refresh_token_handler.go:167.63,170.5 2 0
pansou/api/refresh_token_handler.go:173.4,174.18 2 0
pansou/api/refresh_token_handler.go:174.18,177.5 2 0
pansou/api/refresh_token_handler.go:179.4,179.14 1 0
pansou/api/refresh_token_handler.go:179.14,182.5 2 0
pansou/api/refresh_token_handler.go:185.4,192.18 2 0
pansou/api/refresh_token_handler.go:192.18,195.5 2 0
pansou/api/refresh_token_handler.go:197.4,204.92 2 0
pansou/api/refresh_token_handler.go:204.92,206.32 2 0
pansou/api/refresh_token_handler.go:206.32,208.6 1 0
pansou/api/refresh_token_handler.go:210.5,216.19 2 0
pansou/api/refresh_token_handler.go:216.19,218.20 2 0
pansou/api/refresh_token_handler.go:218.20,220.7 1 0
pansou/api/refresh_token_handler.go:224.4,225.10 2 0
pansou/api/refresh_token_handler.go:229.3,229.36 1 0
pansou/api/refresh_token_handler.go:229.36,232.4 2 0
pansou/api/refresh_token_handler.go:234.3,234.80 1 0
pansou/api/refresh_token_handler.go:234.80,237.4 2 0
pansou/api/refresh_token_handler.go:239.3,240.48 2 0
pansou/api/refresh_token_handler.go:240.48,243.4 2 0
pansou/api/refresh_token_handler.go:246.3,252.17 2 0
pansou/api/refresh_token_handler.go:252.17,255.4 2 0
pansou/api/refresh_token_handler.go:257.3,264.91 2 0
pansou/api/refresh_token_handler.go:264.91,266.31 2 0
pansou/api/refresh_token_handler.go:266.31,268.5 1 0
pansou/api/refresh_token_handler.go:270.4,276.18 2 0
pansou/api/refresh_token_handler.go:276.18,278.19 2 0
pansou/api/refresh_token_handler.go:278.19,280.6 1 0
pansou/api/refresh_token_handler.go:284.3,284.24 1 0
pansou/api/refresh_token_handler.go:289.98,290.30 1 0
pansou/api/refresh_token_handler.go:290.30,292.48 2 0
pansou/api/refresh_token_handler.go:292.48,298.4 2 0
pansou/api/refresh_token_handler.go:301.3,301.74 1 0
pansou/api/refresh_token_handler.go:301.74,307.4 2 0
pansou/api/refresh_token_handler.go:310.3,311.17 2 0
pansou/api/refresh_token_handler.go:311.17,317.4 2 0
pansou/api/refresh_token_handler.go:320.3,321.30 2 0
pansou/api/refresh_token_handler.go:321.30,323.4 1 0
pansou/api/refresh_token_handler.go:326.3,327.17 2 0
pansou/api/refresh_token_handler.go:327.17,333.4 2 0
pansou/api/refresh_token_handler.go:336.3,342.17 2 0
pansou/api/refresh_token_handler.go:342.17,348.4 2 0
pansou/api/refresh_token_handler.go:351.3,358.17 3 0
pansou/api/refresh_token_handler.go:358.17,364.4 2 0
pansou/api/refresh_token_handler.go:367.3,368.17 2 0
pansou/api/refresh_token_handler.go:368.17,374.4 2 0
pansou/api/refresh_token_handler.go:376.3,380.5 1 0
pansou/api/refresh_token_handler.go:385.98,386.30 1 0
pansou/api/refresh_token_handler.go:386.30,391.48 2 0
pansou/api/refresh_token_handler.go:391.48,397.4 2 0
pansou/api/refresh_token_handler.go:399.3,399.74 1 0
pansou/api/refresh_token_handler.go:399.74,402.4 2 0
pansou/api/refresh_token_handler.go:405.3,406.17 2 0
pansou/api/refresh_token_handler.go:406.17,410.4 2 0
pansou/api/refresh_token_handler.go:413.3,415.48 2 0
pansou/api/router.go:14.190,37.2 11 0
pansou/api/router.go:37.2,41.3 2 0
pansou/api/router.go:41.3,59.4 9 0
pansou/api/router.go:64.3,71.3 5 0
pansou/api/router.go:71.3,81.4 4 0
pansou/api/router.go:84.3,93.3 6 0
pansou/api/router.go:93.3,96.4 2 0
pansou/api/router.go:96.4,105.5 4 0
pansou/api/router.go:108.4,120.45 13 0
pansou/api/router.go:124.3,124.43 1 0
pansou/api/router.go:124.43,130.89 4 0
pansou/api/router.go:130.89,133.31 3 0
pansou/api/router.go:133.31,135.6 1 0
pansou/api/router.go:139.4,151.22 4 0
pansou/api/router.go:151.22,154.5 2 0
pansou/api/router.go:156.4,156.25 1 0
pansou/api/router.go:162.2,162.108 1 0
pansou/api/router.go:162.108,164.36 2 0
pansou/api/router.go:164.36,165.60 1 0
pansou/api/router.go:165.60,167.5 1 0
pansou/api/router.go:171.2,171.10 1 0
pansou/model/apikey.go:29.34,31.2 1 0
pansou/model/apikey.go:34.33,35.18 1 0
pansou/model/apikey.go:35.18,37.3 1 0
pansou/model/apikey.go:40.2,40.26 1 0
pansou/model/apikey.go:40.26,42.3 1 0
pansou/model/apikey.go:45.2,45.24 1 0
pansou/model/apikey.go:45.24,47.3 1 0
pansou/model/apikey.go:50.2,50.40 1 0
pansou/model/apikey.go:54.35,56.26 1 0
pansou/model/apikey.go:56.26,58.3 1 0
pansou/model/apikey.go:61.2,61.24 1 0
pansou/model/apikey.go:61.24,63.3 1 0
pansou/model/apikey.go:65.2,65.39 1 0
pansou/model/apikey.go:70.42,71.26 1 0
pansou/model/apikey.go:71.26,75.21 3 0
pansou/model/apikey.go:75.21,78.4 2 0
pansou/model/apikey.go:79.3,79.14 1 0
pansou/model/apikey.go:81.2,81.14 1 0
pansou/model/apikey.go:85.35,86.18 1 0
pansou/model/apikey.go:86.18,88.3 1 0
pansou/model/apikey.go:91.2,91.29 1 0
pansou/model/apikey.go:91.29,93.3 1 0
pansou/model/apikey.go:95.2,98.31 2 0
pansou/model/apikey.go:98.31,100.3 1 0
pansou/model/apikey.go:103.2,103.48 1 0
pansou/model/apikey.go:108.46,112.31 2 0
pansou/model/apikey.go:112.31,115.3 2 0
pansou/model/apikey.go:118.2,118.29 1 0
pansou/model/apikey.go:118.29,121.3 2 0
pansou/model/apikey.go:124.2,124.46 1 0
pansou/model/apikey.go:124.46,126.3 1 0
pansou/model/apikey.go:128.2,129.13 2 0
pansou/model/apikey.go:133.45,134.29 1 0
pansou/model/apikey.go:134.29,136.3 1 0
pansou/model/apikey.go:138.2,141.31 2 0
pansou/model/apikey.go:141.31,143.3 1 0
pansou/model/apikey.go:145.2,146.19 2 0
pansou/model/apikey.go:146.19,148.3 1 0
pansou/model/apikey.go:149.2,149.18 1 0
pansou/model/plugin_result.go:17.45,19.2 1 0
pansou/model/plugin_result.go:22.42,24.2 1 0
pansou/model/plugin_result.go:27.58,28.22 1 0
pansou/model/plugin_result.go:28.22,30.3 1 0
pansou/model/plugin_result.go:31.2,31.18 1 0
pansou/model/refresh_token.go:22.45,25.40 2 0
pansou/model/refresh_token.go:25.40,27.3 1 0
pansou/model/refresh_token.go:29.2,29.50 1 0
pansou/model/refresh_token.go:33.42,35.2 1 0
pansou/model/refresh_token.go:38.40,40.2 1 0
pansou/model/response.go:55.52,61.2 1 0
pansou/model/response.go:64.58,69.2 1 0
pansou/model/user.go:23.32,25.2 1 0
pansou/model/user.go:28.31,30.2 1 0
pansou/model/user.go:33.37,35.2 1 0
pansou/api/controller/apikey_controller.go:22.82,26.2 1 0
pansou/api/controller/apikey_controller.go:99.62,103.47 2 0
pansou/api/controller/apikey_controller.go:103.47,111.3 3 0
pansou/api/controller/apikey_controller.go:114.2,114.22 1 0
pansou/api/controller/apikey_controller.go:114.22,121.3 2 0
pansou/api/controller/apikey_controller.go:123.2,123.30 1 0
pansou/api/controller/apikey_controller.go:123.30,130.3 2 0
pansou/api/controller/apikey_controller.go:133.2,137.16 3 0
pansou/api/controller/apikey_controller.go:137.16,145.3 3 0
pansou/api/controller/apikey_controller.go:148.2,153.4 2 0
pansou/api/controller/apikey_controller.go:160.59,166.28 4 0
pansou/api/controller/apikey_controller.go:166.28,168.3 1 0
pansou/api/controller/apikey_controller.go:170.2,171.42 2 0
pansou/api/controller/apikey_controller.go:171.42,173.3 1 0
pansou/api/controller/apikey_controller.go:176.2,177.16 2 0
pansou/api/controller/apikey_controller.go:177.16,185.3 3 0
pansou/api/controller/apikey_controller.go:188.2,198.4 2 0
pansou/api/controller/apikey_controller.go:204.60,208.16 3 0
pansou/api/controller/apikey_controller.go:208.16,215.3 2 0
pansou/api/controller/apikey_controller.go:218.2,218.66 1 0
pansou/api/controller/apikey_controller.go:218.66,226.3 3 0
pansou/api/controller/apikey_controller.go:229.2,234.4 2 0
pansou/api/controller/apikey_controller.go:240.66,244.16 3 0
pansou/api/controller/apikey_controller.go:244.16,251.3 2 0
pansou/api/controller/apikey_controller.go:253.2,256.47 2 0
pansou/api/controller/apikey_controller.go:256.47,264.3 3 0
pansou/api/controller/apikey_controller.go:267.2,267.87 1 0
pansou/api/controller/apikey_controller.go:267.87,275.3 3 0
pansou/api/controller/apikey_controller.go:278.2,279.19 2 0
pansou/api/controller/apikey_controller.go:279.19,281.3 1 0
pansou/api/controller/apikey_controller.go:282.2,287.4 2 0
pansou/api/controller/apikey_controller.go:297.58,301.47 2 0
pansou/api/controller/apikey_controller.go:301.47,309.3 3 0
pansou/api/controller/apikey_controller.go:312.2,315.19 2 0
pansou/api/controller/apikey_controller.go:315.19,322.3 2 0
pansou/api/controller/apikey_controller.go:325.2,326.13 2 0
pansou/api/controller/apikey_controller.go:326.13,333.3 2 0
pansou/api/controller/apikey_controller.go:336.2,337.9 2 0
pansou/api/controller/apikey_controller.go:337.9,344.3 2 0
pansou/api/controller/apikey_controller.go:347.2,347.68 1 0
pansou/api/controller/apikey_controller.go:347.68,349.57 1 0
pansou/api/controller/apikey_controller.go:349.57,357.4 3 0
pansou/api/controller/apikey_controller.go:359.3,359.60 1 0
pansou/api/controller/apikey_controller.go:359.60,367.4 3 0
pansou/api/controller/apikey_controller.go:370.3,376.9 3 0
pansou/api/controller/apikey_controller.go:380.2,381.16 2 0
pansou/api/controller/apikey_controller.go:381.16,389.3 3 0
pansou/api/controller/apikey_controller.go:391.2,396.4 2 0
pansou/api/controller/apikey_controller.go:402.61,405.13 2 0
pansou/api/controller/apikey_controller.go:405.13,412.3 2 0
pansou/api/controller/apikey_controller.go:415.2,416.9 2 0
pansou/api/controller/apikey_controller.go:416.9,423.3 2 0
pansou/api/controller/apikey_controller.go:426.2,427.16 2 0
pansou/api/controller/apikey_controller.go:427.16,429.99 1 0
pansou/api/controller/apikey_controller.go:429.99,437.4 3 0
pansou/api/controller/apikey_controller.go:440.3,446.9 3 0
pansou/api/controller/apikey_controller.go:450.2,455.4 2 0
pansou/api/controller/auth_controller.go:21.74,25.2 1 0
pansou/api/controller/auth_controller.go:62.54,66.47 2 0
pansou/api/controller/auth_controller.go:66.47,74.3 3 0
pansou/api/controller/auth_controller.go:77.2,81.53 3 0
pansou/api/controller/auth_controller.go:81.53,88.3 2 0
pansou/api/controller/auth_controller.go:90.2,90.53 1 0
pansou/api/controller/auth_controller.go:90.53,97.3 2 0
pansou/api/controller/auth_controller.go:100.2,101.16 2 0
pansou/api/controller/auth_controller.go:101.16,103.58 1 0
pansou/api/controller/auth_controller.go:103.58,111.4 3 0
pansou/api/controller/auth_controller.go:114.3,120.9 3 0
pansou/api/controller/auth_controller.go:124.2,129.4 2 0
pansou/api/controller/auth_controller.go:135.51,139.47 2 0
pansou/api/controller/auth_controller.go:139.47,147.3 3 0
pansou/api/controller/auth_controller.go:150.2,154.24 3 0
pansou/api/controller/auth_controller.go:154.24,161.3 2 0
pansou/api/controller/auth_controller.go:163.2,163.24 1 0
pansou/api/controller/auth_controller.go:163.24,170.3 2 0
pansou/api/controller/auth_controller.go:173.2,174.16 2 0
pansou/api/controller/auth_controller.go:174.16,176.64 1 0
pansou/api/controller/auth_controller.go:176.64,185.4 3 0
pansou/api/controller/auth_controller.go:188.3,194.9 3 0
pansou/api/controller/auth_controller.go:198.2,206.4 2 0
pansou/api/controller/auth_controller.go:212.59,215.22 2 0
pansou/api/controller/auth_controller.go:215.22,222.3 2 0
pansou/api/controller/auth_controller.go:225.2,226.45 2 0
pansou/api/controller/auth_controller.go:226.45,233.3 2 0
pansou/api/controller/auth_controller.go:235.2,239.16 3 0
pansou/api/controller/auth_controller.go:239.16,247.3 3 0
pansou/api/controller/auth_controller.go:250.2,258.4 1 0
pansou/api/controller/auth_controller.go:264.60,267.13 2 0
pansou/api/controller/auth_controller.go:267.13,274.3 2 0
pansou/api/controller/auth_controller.go:277.2,278.9 2 0
pansou/api/controller/auth_controller.go:278.9,285.3 2 0
pansou/api/controller/auth_controller.go:288.2,289.16 2 0
pansou/api/controller/auth_controller.go:289.16,290.45 1 0
pansou/api/controller/auth_controller.go:290.45,297.4 2 0
pansou/api/controller/auth_controller.go:299.3,305.9 3 0
pansou/api/controller/auth_controller.go:309.2,313.4 1 0
pansou/config/config.go:77.13,143.2 5 0
pansou/config/config.go:146.36,148.23 2 0
pansou/config/config.go:148.23,150.3 1 0
pansou/config/config.go:151.2,151.40 1 0
pansou/config/config.go:155.34,157.26 2 0
pansou/config/config.go:157.26,159.36 2 0
pansou/config/config.go:159.36,161.4 1 0
pansou/config/config.go:166.2,171.26 4 0
pansou/config/config.go:171.26,173.30 2 0
pansou/config/config.go:173.30,175.4 1 0
pansou/config/config.go:179.2,179.22 1 0
pansou/config/config.go:179.22,181.3 1 0
pansou/config/config.go:184.2,185.21 2 0
pansou/config/config.go:185.21,187.3 1 0
pansou/config/config.go:189.2,189.20 1 0
pansou/config/config.go:194.48,195.22 1 0
pansou/config/config.go:195.22,197.3 1 0
pansou/config/config.go:200.2,201.26 2 0
pansou/config/config.go:201.26,203.3 1 0
pansou/config/config.go:206.2,210.21 3 0
pansou/config/config.go:210.21,212.3 1 0
pansou/config/config.go:215.2,215.44 1 0
pansou/config/config.go:219.23,221.16 2 0
pansou/config/config.go:221.16,223.3 1 0
pansou/config/config.go:224.2,224.13 1 0
pansou/config/config.go:227.27,229.2 1 0
pansou/config/config.go:231.31,232.57 1 0
pansou/config/config.go:232.57,234.3 1 0
pansou/config/config.go:235.2,235.32 1 0
pansou/config/config.go:238.32,239.58 1 0
pansou/config/config.go:239.58,241.3 1 0
pansou/config/config.go:242.2,242.33 1 0
pansou/config/config.go:246.29,248.19 2 0
pansou/config/config.go:248.19,250.3 1 0
pansou/config/config.go:251.2,251.45 1 0
pansou/config/config.go:255.28,257.16 2 0
pansou/config/config.go:257.16,260.17 2 0
pansou/config/config.go:260.17,262.4 1 0
pansou/config/config.go:263.3,263.21 1 0
pansou/config/config.go:265.2,265.13 1 0
pansou/config/config.go:269.28,271.19 2 0
pansou/config/config.go:271.19,273.3 1 0
pansou/config/config.go:274.2,275.29 2 0
pansou/config/config.go:275.29,277.3 1 0
pansou/config/config.go:278.2,278.13 1 0
pansou/config/config.go:282.24,284.18 2 0
pansou/config/config.go:284.18,286.3 1 0
pansou/config/config.go:287.2,288.28 2 0
pansou/config/config.go:288.28,290.3 1 0
pansou/config/config.go:291.2,291.12 1 0
pansou/config/config.go:295.34,297.19 2 0
pansou/config/config.go:297.19,299.3 1 0
pansou/config/config.go:300.2,300.44 1 0
pansou/config/config.go:304.33,306.19 2 0
pansou/config/config.go:306.19,308.3 1 0
pansou/config/config.go:309.2,310.29 2 0
pansou/config/config.go:310.29,312.3 1 0
pansou/config/config.go:313.2,313.13 1 0
pansou/config/config.go:317.25,319.22 2 0
pansou/config/config.go:319.22,321.3 1 0
pansou/config/config.go:322.2,323.32 2 0
pansou/config/config.go:323.32,325.3 1 0
pansou/config/config.go:326.2,326.16 1 0
pansou/config/config.go:330.31,332.19 2 0
pansou/config/config.go:332.19,334.3 1 0
pansou/config/config.go:335.2,335.45 1 0
pansou/config/config.go:339.29,341.22 2 0
pansou/config/config.go:341.22,343.3 1 0
pansou/config/config.go:344.2,345.32 2 0
pansou/config/config.go:345.32,347.3 1 0
pansou/config/config.go:348.2,348.16 1 0
pansou/config/config.go:352.35,354.19 2 0
pansou/config/config.go:354.19,356.3 1 0
pansou/config/config.go:357.2,357.45 1 0
pansou/config/config.go:364.35,366.13 2 0
pansou/config/config.go:366.13,369.3 1 0
pansou/config/config.go:371.2,371.19 1 0
pansou/config/config.go:371.19,374.3 1 0
pansou/config/config.go:377.2,378.53 2 0
pansou/config/config.go:378.53,380.19 2 0
pansou/config/config.go:380.19,382.4 1 0
pansou/config/config.go:385.2,385.15 1 0
pansou/config/config.go:389.36,391.22 2 0
pansou/config/config.go:391.22,393.3 1 0
pansou/config/config.go:394.2,395.32 2 0
pansou/config/config.go:395.32,397.3 1 0
pansou/config/config.go:398.2,398.16 1 0
pansou/config/config.go:402.41,404.19 2 0
pansou/config/config.go:404.19,406.29 2 0
pansou/config/config.go:406.29,408.4 1 0
pansou/config/config.go:413.2,417.18 3 0
pansou/config/config.go:417.18,419.3 1 0
pansou/config/config.go:421.2,421.16 1 0
pansou/config/config.go:425.39,427.19 2 0
pansou/config/config.go:427.19,429.29 2 0
pansou/config/config.go:429.29,431.4 1 0
pansou/config/config.go:435.2,439.17 3 0
pansou/config/config.go:439.17,441.3 1 0
pansou/config/config.go:443.2,443.14 1 0
pansou/config/config.go:447.34,449.18 2 0
pansou/config/config.go:449.18,451.3 1 0
pansou/config/config.go:452.2,453.28 2 0
pansou/config/config.go:453.28,455.3 1 0
pansou/config/config.go:456.2,456.12 1 0
pansou/config/config.go:460.41,462.22 2 0
pansou/config/config.go:462.22,464.32 2 0
pansou/config/config.go:464.32,466.4 1 0
pansou/config/config.go:470.2,473.29 2 0
pansou/config/config.go:473.29,477.37 3 0
pansou/config/config.go:477.37,479.4 1 0
pansou/config/config.go:482.2,482.16 1 0
pansou/config/config.go:486.42,488.22 2 0
pansou/config/config.go:488.22,490.32 2 0
pansou/config/config.go:490.32,492.4 1 0
pansou/config/config.go:496.2,504.37 4 0
pansou/config/config.go:504.37,506.3 1 0
pansou/config/config.go:508.2,508.16 1 0
pansou/config/config.go:512.41,514.22 2 0
pansou/config/config.go:514.22,516.32 2 0
pansou/config/config.go:516.32,518.4 1 0
pansou/config/config.go:522.2,522.26 1 0
pansou/config/config.go:526.28,528.23 2 0
pansou/config/config.go:528.23,530.33 2 0
pansou/config/config.go:530.33,532.4 1 0
pansou/config/config.go:537.2,541.21 3 0
pansou/config/config.go:541.21,543.3 1 0
pansou/config/config.go:545.2,545.17 1 0
pansou/config/config.go:549.32,551.18 2 0
pansou/config/config.go:551.18,553.3 1 0
pansou/config/config.go:554.2,555.16 2 0
pansou/config/config.go:555.16,557.3 1 0
pansou/config/config.go:558.2,558.16 1 0
pansou/config/config.go:562.28,565.2 2 0
pansou/config/config.go:568.39,570.20 2 0
pansou/config/config.go:570.20,572.3 1 0
pansou/config/config.go:574.2,576.29 3 0
pansou/config/config.go:576.29,578.22 2 0
pansou/config/config.go:578.22,581.40 3 0
pansou/config/config.go:581.40,583.5 1 0
pansou/config/config.go:586.2,586.14 1 0
pansou/config/config.go:590.41,592.21 2 0
pansou/config/config.go:592.21,594.3 1 0
pansou/config/config.go:595.2,596.31 2 0
pansou/config/config.go:596.31,598.3 1 0
pansou/config/config.go:599.2,599.42 1 0
pansou/config/config.go:603.32,605.18 2 0
pansou/config/config.go:605.18,614.3 5 0
pansou/config/config.go:615.2,615.15 1 0
pansou/config/config.go:619.30,622.2 2 0
pansou/config/config.go:625.42,627.18 2 0
pansou/config/config.go:627.18,629.3 1 0
pansou/config/config.go:630.2,631.28 2 0
pansou/config/config.go:631.28,633.3 1 0
pansou/config/config.go:634.2,634.39 1 0
pansou/config/config.go:638.34,640.16 2 0
pansou/config/config.go:640.16,643.17 2 0
pansou/config/config.go:643.17,645.4 1 0
pansou/config/config.go:646.3,646.21 1 0
pansou/config/config.go:648.2,648.13 1 0
pansou/config/config.go:652.36,654.16 2 0
pansou/config/config.go:654.16,658.3 2 0
pansou/config/config.go:659.2,659.13 1 0
pansou/config/config.go:663.24,668.30 2 0
pansou/config/config.go:668.30,671.3 1 0
pansou/config/config.go:675.36,677.19 2 0
pansou/config/config.go:677.19,679.3 1 0
pansou/config/config.go:680.2,680.45 1 0
pansou/config/config.go:684.41,686.18 2 0
pansou/config/config.go:686.18,688.3 1 0
pansou/config/config.go:689.2,690.28 2 0
pansou/config/config.go:690.28,692.3 1 0
pansou/config/config.go:693.2,693.39 1 0
pansou/config/config.go:697.40,699.16 2 0
pansou/config/config.go:699.16,702.17 2 0
pansou/config/config.go:702.17,704.4 1 0
pansou/config/config.go:705.3,705.21 1 0
pansou/config/config.go:707.2,707.13 1 0
pansou/config/config.go:711.41,713.15 2 0
pansou/config/config.go:713.15,718.3 3 0
pansou/config/config.go:719.2,719.12 1 0
pansou/config/config.go:723.25,725.16 2 0
pansou/config/config.go:725.16,727.3 1 0
pansou/config/config.go:728.2,728.13 1 0
pansou/config/config.go:732.25,734.16 2 0
pansou/config/config.go:734.16,736.3 1 0
pansou/config/config.go:737.2,737.13 1 0
pansou/config/config.go:741.25,743.16 2 0
pansou/config/config.go:743.16,745.3 1 0
pansou/config/config.go:746.2,746.13 1 0
pansou/config/config.go:750.29,752.20 2 0
pansou/config/config.go:752.20,754.3 1 0
pansou/config/config.go:755.2,755.17 1 0
pansou/config/config.go:759.25,761.18 2 0
pansou/config/config.go:761.18,764.3 2 0
pansou/config/config.go:765.2,765.15 1 0
pansou/config/custom_plugins.go:29.52,30.30 1 0
pansou/config/custom_plugins.go:30.30,36.3 2 0
pansou/config/custom_plugins.go:37.2,37.30 1 0
pansou/config/custom_plugins.go:41.44,46.16 4 0
pansou/config/custom_plugins.go:46.16,47.25 1 0
pansou/config/custom_plugins.go:47.25,51.4 2 0
pansou/config/custom_plugins.go:52.3,52.13 1 0
pansou/config/custom_plugins.go:55.2,55.41 1 0
pansou/config/custom_plugins.go:59.44,63.2 3 0
pansou/config/custom_plugins.go:65.55,67.16 2 0
pansou/config/custom_plugins.go:67.16,69.3 1 0
pansou/config/custom_plugins.go:70.2,70.41 1 0
pansou/config/custom_plugins.go:74.68,79.30 3 0
pansou/config/custom_plugins.go:79.30,80.28 1 0
pansou/config/custom_plugins.go:80.28,82.4 1 0
pansou/config/custom_plugins.go:85.2,87.28 3 0
pansou/config/custom_plugins.go:91.63,95.30 3 0
pansou/config/custom_plugins.go:95.30,96.21 1 0
pansou/config/custom_plugins.go:96.21,99.4 2 0
pansou/config/custom_plugins.go:101.2,101.12 1 0
pansou/config/custom_plugins.go:105.59,112.2 5 0
pansou/config/custom_plugins.go:115.66,120.30 4 0
pansou/config/custom_plugins.go:120.30,121.16 1 0
pansou/config/custom_plugins.go:121.16,123.4 1 0
pansou/config/custom_plugins.go:125.2,125.15 1 0
pansou/config/custom_plugins.go:129.84,133.30 3 0
pansou/config/custom_plugins.go:133.30,134.21 1 0
pansou/config/custom_plugins.go:134.21,137.4 2 0
pansou/config/custom_plugins.go:139.2,139.12 1 0
pansou/plugin/baseasyncplugin.go:58.31,64.47 4 0
pansou/plugin/baseasyncplugin.go:64.47,66.3 1 0
pansou/plugin/baseasyncplugin.go:68.2,73.59 4 0
pansou/plugin/baseasyncplugin.go:73.59,75.47 2 0
pansou/plugin/baseasyncplugin.go:75.47,78.51 2 0
pansou/plugin/baseasyncplugin.go:78.51,83.5 4 0
pansou/plugin/baseasyncplugin.go:85.3,85.14 1 0
pansou/plugin/baseasyncplugin.go:89.2,89.34 1 0
pansou/plugin/baseasyncplugin.go:89.34,91.3 1 0
pansou/plugin/baseasyncplugin.go:93.2,96.22 2 0
pansou/plugin/baseasyncplugin.go:96.22,98.3 1 0
pansou/plugin/baseasyncplugin.go:102.24,106.17 3 0
pansou/plugin/baseasyncplugin.go:106.17,108.3 1 0
pansou/plugin/baseasyncplugin.go:111.2,112.29 2 0
pansou/plugin/baseasyncplugin.go:112.29,114.3 1 0
pansou/plugin/baseasyncplugin.go:116.2,120.20 2 0
pansou/plugin/baseasyncplugin.go:124.30,126.2 1 0
pansou/plugin/baseasyncplugin.go:135.31,138.29 2 0
pansou/plugin/baseasyncplugin.go:138.29,140.3 1 0
pansou/plugin/baseasyncplugin.go:143.2,143.57 1 0
pansou/plugin/baseasyncplugin.go:143.57,145.3 1 0
pansou/plugin/baseasyncplugin.go:148.2,148.9 1 0
pansou/plugin/baseasyncplugin.go:149.42,151.14 2 0
pansou/plugin/baseasyncplugin.go:152.10,153.15 1 0
pansou/plugin/baseasyncplugin.go:158.26,161.2 2 0
pansou/plugin/baseasyncplugin.go:164.23,166.2 1 0
pansou/plugin/baseasyncplugin.go:169.24,171.2 1 0
pansou/plugin/baseasyncplugin.go:174.30,176.2 1 0
pansou/plugin/baseasyncplugin.go:179.36,181.50 1 0
pansou/plugin/baseasyncplugin.go:181.50,186.3 4 0
pansou/plugin/baseasyncplugin.go:189.2,189.49 1 0
pansou/plugin/baseasyncplugin.go:189.49,191.3 1 0
pansou/plugin/baseasyncplugin.go:191.8,193.3 1 0
pansou/plugin/baseasyncplugin.go:196.2,196.29 1 0
pansou/plugin/baseasyncplugin.go:215.69,217.18 1 0
pansou/plugin/baseasyncplugin.go:217.18,219.3 1 0
pansou/plugin/baseasyncplugin.go:222.2,227.29 4 0
pansou/plugin/baseasyncplugin.go:227.29,231.3 3 0
pansou/plugin/baseasyncplugin.go:233.2,245.3 1 0
pansou/plugin/baseasyncplugin.go:249.103,251.18 1 0
pansou/plugin/baseasyncplugin.go:251.18,253.3 1 0
pansou/plugin/baseasyncplugin.go:256.2,261.29 4 0
pansou/plugin/baseasyncplugin.go:261.29,265.3 3 0
pansou/plugin/baseasyncplugin.go:267.2,279.3 1 0
pansou/plugin/baseasyncplugin.go:283.55,285.2 1 0
pansou/plugin/baseasyncplugin.go:288.61,290.2 1 0
pansou/plugin/baseasyncplugin.go:293.126,295.2 1 0
pansou/plugin/baseasyncplugin.go:298.41,300.2 1 0
pansou/plugin/baseasyncplugin.go:303.42,305.2 1 0
pansou/plugin/baseasyncplugin.go:308.52,310.2 1 0
pansou/plugin/baseasyncplugin.go:318.33,320.16 1 0
pansou/plugin/baseasyncplugin.go:320.16,322.3 1 0
pansou/plugin/baseasyncplugin.go:324.2,330.74 3 0
pansou/plugin/baseasyncplugin.go:330.74,334.79 2 0
pansou/plugin/baseasyncplugin.go:334.79,339.65 3 0
pansou/plugin/baseasyncplugin.go:339.65,341.5 1 0
pansou/plugin/baseasyncplugin.go:343.4,343.36 1 0
pansou/plugin/baseasyncplugin.go:347.3,347.36 1 0
pansou/plugin/baseasyncplugin.go:347.36,352.56 3 0
pansou/plugin/baseasyncplugin.go:352.56,359.5 2 0
pansou/plugin/baseasyncplugin.go:361.4,361.36 1 0
pansou/plugin/baseasyncplugin.go:365.2,373.12 5 0
pansou/plugin/baseasyncplugin.go:373.12,375.27 1 0
pansou/plugin/baseasyncplugin.go:375.27,378.18 2 0
pansou/plugin/baseasyncplugin.go:378.18,379.12 1 0
pansou/plugin/baseasyncplugin.go:380.27,380.27 0 0
pansou/plugin/baseasyncplugin.go:381.13,381.13 0 0
pansou/plugin/baseasyncplugin.go:383.5,383.11 1 0
pansou/plugin/baseasyncplugin.go:386.4,386.11 1 0
pansou/plugin/baseasyncplugin.go:387.31,387.31 0 0
pansou/plugin/baseasyncplugin.go:388.12,388.12 0 0
pansou/plugin/baseasyncplugin.go:392.4,403.10 3 0
pansou/plugin/baseasyncplugin.go:405.3,411.10 3 0
pansou/plugin/baseasyncplugin.go:412.19,414.18 1 0
pansou/plugin/baseasyncplugin.go:414.18,419.74 3 0
pansou/plugin/baseasyncplugin.go:419.74,425.42 4 0
pansou/plugin/baseasyncplugin.go:425.42,431.33 3 0
pansou/plugin/baseasyncplugin.go:431.33,434.8 2 0
pansou/plugin/baseasyncplugin.go:437.7,437.49 1 0
pansou/plugin/baseasyncplugin.go:437.49,438.36 1 0
pansou/plugin/baseasyncplugin.go:438.36,440.9 1 0
pansou/plugin/baseasyncplugin.go:444.7,444.30 1 0
pansou/plugin/baseasyncplugin.go:448.5,458.60 3 0
pansou/plugin/baseasyncplugin.go:462.11,464.18 1 0
pansou/plugin/baseasyncplugin.go:464.18,465.12 1 0
pansou/plugin/baseasyncplugin.go:466.27,466.27 0 0
pansou/plugin/baseasyncplugin.go:467.13,467.13 0 0
pansou/plugin/baseasyncplugin.go:469.10,471.74 1 0
pansou/plugin/baseasyncplugin.go:471.74,473.42 2 0
pansou/plugin/baseasyncplugin.go:473.42,479.33 3 0
pansou/plugin/baseasyncplugin.go:479.33,482.8 2 0
pansou/plugin/baseasyncplugin.go:485.7,485.49 1 0
pansou/plugin/baseasyncplugin.go:485.49,486.36 1 0
pansou/plugin/baseasyncplugin.go:486.36,488.9 1 0
pansou/plugin/baseasyncplugin.go:492.7,492.30 1 0
pansou/plugin/baseasyncplugin.go:496.5,496.12 1 0
pansou/plugin/baseasyncplugin.go:497.32,497.32 0 0
pansou/plugin/baseasyncplugin.go:498.13,498.13 0 0
pansou/plugin/baseasyncplugin.go:502.5,511.60 2 0
pansou/plugin/baseasyncplugin.go:519.2,520.29 2 0
pansou/plugin/baseasyncplugin.go:520.29,522.3 1 0
pansou/plugin/baseasyncplugin.go:525.2,525.9 1 0
pansou/plugin/baseasyncplugin.go:526.31,528.22 2 0
pansou/plugin/baseasyncplugin.go:529.26,531.18 2 0
pansou/plugin/baseasyncplugin.go:532.37,536.13 1 0
pansou/plugin/baseasyncplugin.go:536.13,538.4 1 0
pansou/plugin/baseasyncplugin.go:541.3,541.75 1 0
pansou/plugin/baseasyncplugin.go:541.75,543.37 2 0
pansou/plugin/baseasyncplugin.go:543.37,549.5 3 0
pansou/plugin/baseasyncplugin.go:553.3,565.37 3 0
pansou/plugin/baseasyncplugin.go:575.37,577.16 1 0
pansou/plugin/baseasyncplugin.go:577.16,579.3 1 0
pansou/plugin/baseasyncplugin.go:581.2,587.74 3 0
pansou/plugin/baseasyncplugin.go:587.74,591.79 2 0
pansou/plugin/baseasyncplugin.go:591.79,596.65 3 0
pansou/plugin/baseasyncplugin.go:596.65,598.5 1 0
pansou/plugin/baseasyncplugin.go:600.4,606.10 1 0
pansou/plugin/baseasyncplugin.go:610.3,610.36 1 0
pansou/plugin/baseasyncplugin.go:610.36,615.56 3 0
pansou/plugin/baseasyncplugin.go:615.56,618.5 1 0
pansou/plugin/baseasyncplugin.go:620.4,626.10 1 0
pansou/plugin/baseasyncplugin.go:630.2,638.12 5 0
pansou/plugin/baseasyncplugin.go:638.12,639.16 1 0
pansou/plugin/baseasyncplugin.go:639.16,640.11 1 0
pansou/plugin/baseasyncplugin.go:641.20,641.20 0 0
pansou/plugin/baseasyncplugin.go:642.12,643.20 1 0
pansou/plugin/baseasyncplugin.go:648.3,648.27 1 0
pansou/plugin/baseasyncplugin.go:648.27,651.18 2 0
pansou/plugin/baseasyncplugin.go:651.18,652.12 1 0
pansou/plugin/baseasyncplugin.go:653.27,653.27 0 0
pansou/plugin/baseasyncplugin.go:654.13,654.13 0 0
pansou/plugin/baseasyncplugin.go:656.5,656.11 1 0
pansou/plugin/baseasyncplugin.go:659.4,659.11 1 0
pansou/plugin/baseasyncplugin.go:660.31,660.31 0 0
pansou/plugin/baseasyncplugin.go:661.12,661.12 0 0
pansou/plugin/baseasyncplugin.go:663.4,663.10 1 0
pansou/plugin/baseasyncplugin.go:665.3,669.17 3 0
pansou/plugin/baseasyncplugin.go:669.17,670.11 1 0
pansou/plugin/baseasyncplugin.go:671.26,671.26 0 0
pansou/plugin/baseasyncplugin.go:672.12,672.12 0 0
pansou/plugin/baseasyncplugin.go:674.9,675.11 1 0
pansou/plugin/baseasyncplugin.go:676.31,676.31 0 0
pansou/plugin/baseasyncplugin.go:677.12,677.12 0 0
pansou/plugin/baseasyncplugin.go:683.2,684.29 2 0
pansou/plugin/baseasyncplugin.go:684.29,686.3 1 0
pansou/plugin/baseasyncplugin.go:688.2,688.9 1 0
pansou/plugin/baseasyncplugin.go:689.31,703.54 2 0
pansou/plugin/baseasyncplugin.go:703.54,705.18 2 0
pansou/plugin/baseasyncplugin.go:705.18,707.5 1 0
pansou/plugin/baseasyncplugin.go:710.3,716.9 1 0
pansou/plugin/baseasyncplugin.go:718.26,720.41 1 0
pansou/plugin/baseasyncplugin.go:722.37,741.9 3 0
pansou/plugin/baseasyncplugin.go:753.3,754.15 1 0
pansou/plugin/baseasyncplugin.go:754.15,755.10 1 0
pansou/plugin/baseasyncplugin.go:756.19,756.19 0 0
pansou/plugin/baseasyncplugin.go:757.11,758.19 1 0
pansou/plugin/baseasyncplugin.go:763.2,764.16 2 0
pansou/plugin/baseasyncplugin.go:764.16,766.3 1 0
pansou/plugin/baseasyncplugin.go:769.2,780.53 3 0
pansou/plugin/baseasyncplugin.go:780.53,782.17 2 0
pansou/plugin/baseasyncplugin.go:782.17,784.4 1 0
pansou/plugin/baseasyncplugin.go:796.3,798.16 1 0
pansou/plugin/baseasyncplugin.go:798.16,800.3 1 0
pansou/plugin/baseasyncplugin.go:805.2,805.26 1 0
pansou/plugin/baseasyncplugin.go:805.26,807.3 1 0
pansou/plugin/baseasyncplugin.go:808.2,815.37 4 0
pansou/plugin/baseasyncplugin.go:815.37,817.3 1 0
pansou/plugin/baseasyncplugin.go:820.2,824.28 3 0
pansou/plugin/baseasyncplugin.go:824.28,827.3 2 0
pansou/plugin/baseasyncplugin.go:830.2,830.37 1 0
pansou/plugin/baseasyncplugin.go:830.37,831.31 1 0
pansou/plugin/baseasyncplugin.go:831.31,833.4 1 0
pansou/plugin/baseasyncplugin.go:837.2,851.67 4 0
pansou/plugin/baseasyncplugin.go:857.90,859.2 1 0
pansou/plugin/baseasyncplugin.go:862.113,864.49 1 0
pansou/plugin/baseasyncplugin.go:864.49,866.3 1 0
pansou/plugin/baseasyncplugin.go:869.2,869.23 1 0
pansou/plugin/baseasyncplugin.go:869.23,871.3 1 0
pansou/plugin/baseasyncplugin.go:875.2,876.22 2 0
pansou/plugin/baseasyncplugin.go:876.22,878.3 1 0
pansou/plugin/baseasyncplugin.go:879.2,882.39 2 0
pansou/plugin/baseasyncplugin.go:882.39,884.3 1 0
pansou/plugin/baseasyncplugin.go:887.2,891.31 2 0
pansou/plugin/baseasyncplugin.go:891.31,893.17 2 0
pansou/plugin/baseasyncplugin.go:893.17,895.4 1 0
pansou/plugin/baseasyncplugin.go:900.117,901.19 1 0
pansou/plugin/baseasyncplugin.go:901.19,903.3 1 0
pansou/plugin/baseasyncplugin.go:906.2,914.33 4 0
pansou/plugin/baseasyncplugin.go:914.33,921.31 4 0
pansou/plugin/baseasyncplugin.go:921.31,923.80 1 0
pansou/plugin/baseasyncplugin.go:923.80,925.10 2 0
pansou/plugin/baseasyncplugin.go:929.3,929.14 1 0
pansou/plugin/baseasyncplugin.go:929.14,931.4 1 0
pansou/plugin/baseasyncplugin.go:934.2,934.24 1 0
pansou/plugin/baseasyncplugin.go:938.52,940.2 1 0
pansou/plugin/baseasyncplugin.go:943.71,947.2 3 0
pansou/plugin/baseasyncplugin.go:950.67,954.2 3 0
pansou/plugin/baseasyncplugin.go:966.4,968.2 1 0
pansou/plugin/baseasyncplugin.go:974.3,976.2 1 0
pansou/plugin/plugin.go:51.53,52.19 1 0
pansou/plugin/plugin.go:52.19,54.3 1 0
pansou/plugin/plugin.go:56.2,60.16 4 0
pansou/plugin/plugin.go:60.16,62.3 1 0
pansou/plugin/plugin.go:64.2,64.31 1 0
pansou/plugin/plugin.go:68.49,73.40 4 0
pansou/plugin/plugin.go:73.40,75.3 1 0
pansou/plugin/plugin.go:77.2,77.16 1 0
pansou/plugin/plugin.go:81.61,87.2 4 0
pansou/plugin/plugin.go:95.40,99.2 1 0
pansou/plugin/plugin.go:102.67,104.2 1 0
pansou/plugin/plugin.go:107.53,108.48 1 0
pansou/plugin/plugin.go:108.48,110.3 1 0
pansou/plugin/plugin.go:114.59,116.2 1 0
pansou/plugin/plugin.go:119.96,120.19 1 0
pansou/plugin/plugin.go:120.19,122.3 1 0
pansou/plugin/plugin.go:125.2,133.33 4 0
pansou/plugin/plugin.go:133.33,140.31 4 0
pansou/plugin/plugin.go:140.31,142.80 1 0
pansou/plugin/plugin.go:142.80,144.10 2 0
pansou/plugin/plugin.go:148.3,148.14 1 0
pansou/plugin/plugin.go:148.14,150.4 1 0
pansou/plugin/plugin.go:153.2,153.24 1 0
pansou/plugin/cyg/cyg.go:83.13,88.2 2 0
pansou/plugin/cyg/cyg.go:91.102,93.16 2 0
pansou/plugin/cyg/cyg.go:93.16,95.3 1 0
pansou/plugin/cyg/cyg.go:96.2,96.28 1 0
pansou/plugin/cyg/cyg.go:100.116,102.2 1 0
pansou/plugin/cyg/cyg.go:105.127,115.16 4 0
pansou/plugin/cyg/cyg.go:115.16,117.3 1 0
pansou/plugin/cyg/cyg.go:119.2,119.21 1 0
pansou/plugin/cyg/cyg.go:119.21,121.3 1 0
pansou/plugin/cyg/cyg.go:124.2,129.29 3 0
pansou/plugin/cyg/cyg.go:133.98,140.16 4 0
pansou/plugin/cyg/cyg.go:140.16,142.3 1 0
pansou/plugin/cyg/cyg.go:145.2,149.16 3 0
pansou/plugin/cyg/cyg.go:149.16,151.3 1 0
pansou/plugin/cyg/cyg.go:152.2,155.28 2 0
pansou/plugin/cyg/cyg.go:155.28,157.3 1 0
pansou/plugin/cyg/cyg.go:160.2,161.16 2 0
pansou/plugin/cyg/cyg.go:161.16,163.3 1 0
pansou/plugin/cyg/cyg.go:165.2,166.53 2 0
pansou/plugin/cyg/cyg.go:166.53,168.3 1 0
pansou/plugin/cyg/cyg.go:170.2,170.19 1 0
pansou/plugin/cyg/cyg.go:174.120,181.29 4 0
pansou/plugin/cyg/cyg.go:181.29,183.39 2 0
pansou/plugin/cyg/cyg.go:183.39,188.17 3 0
pansou/plugin/cyg/cyg.go:188.17,188.32 1 0
pansou/plugin/cyg/cyg.go:191.4,192.18 2 0
pansou/plugin/cyg/cyg.go:192.18,195.5 1 0
pansou/plugin/cyg/cyg.go:198.4,198.22 1 0
pansou/plugin/cyg/cyg.go:198.22,201.5 2 0
pansou/plugin/cyg/cyg.go:206.2,206.12 1 0
pansou/plugin/cyg/cyg.go:206.12,209.3 2 0
pansou/plugin/cyg/cyg.go:212.2,213.33 2 0
pansou/plugin/cyg/cyg.go:213.33,215.3 1 0
pansou/plugin/cyg/cyg.go:217.2,217.16 1 0
pansou/plugin/cyg/cyg.go:221.93,231.16 5 0
pansou/plugin/cyg/cyg.go:231.16,233.3 1 0
pansou/plugin/cyg/cyg.go:236.2,240.16 3 0
pansou/plugin/cyg/cyg.go:240.16,242.3 1 0
pansou/plugin/cyg/cyg.go:243.2,246.28 2 0
pansou/plugin/cyg/cyg.go:246.28,248.3 1 0
pansou/plugin/cyg/cyg.go:251.2,252.16 2 0
pansou/plugin/cyg/cyg.go:252.16,254.3 1 0
pansou/plugin/cyg/cyg.go:256.2,257.60 2 0
pansou/plugin/cyg/cyg.go:257.60,259.3 1 0
pansou/plugin/cyg/cyg.go:262.2,262.44 1 0
pansou/plugin/cyg/cyg.go:266.96,276.2 1 0
pansou/plugin/cyg/cyg.go:279.77,281.36 2 0
pansou/plugin/cyg/cyg.go:281.36,284.27 2 0
pansou/plugin/cyg/cyg.go:284.27,286.4 1 0
pansou/plugin/cyg/cyg.go:288.3,293.30 2 0
pansou/plugin/cyg/cyg.go:295.2,295.14 1 0
pansou/plugin/cyg/cyg.go:299.64,300.9 1 0
pansou/plugin/cyg/cyg.go:301.39,302.17 1 0
pansou/plugin/cyg/cyg.go:303.36,304.14 1 0
pansou/plugin/cyg/cyg.go:305.39,306.17 1 0
pansou/plugin/cyg/cyg.go:307.40,308.18 1 0
pansou/plugin/cyg/cyg.go:309.40,310.18 1 0
pansou/plugin/cyg/cyg.go:311.40,312.18 1 0
pansou/plugin/cyg/cyg.go:313.37,314.15 1 0
pansou/plugin/cyg/cyg.go:315.40,316.18 1 0
pansou/plugin/cyg/cyg.go:317.40,318.18 1 0
pansou/plugin/cyg/cyg.go:319.40,320.18 1 0
pansou/plugin/cyg/cyg.go:321.44,322.22 1 0
pansou/plugin/cyg/cyg.go:323.37,324.15 1 0
pansou/plugin/cyg/cyg.go:325.40,326.18 1 0
pansou/plugin/cyg/cyg.go:327.40,328.18 1 0
pansou/plugin/cyg/cyg.go:329.38,330.16 1 0
pansou/plugin/cyg/cyg.go:331.10,332.18 1 0
pansou/plugin/cyg/cyg.go:337.60,338.50 1 0
pansou/plugin/cyg/cyg.go:339.32,340.17 1 0
pansou/plugin/cyg/cyg.go:341.24,342.14 1 0
pansou/plugin/cyg/cyg.go:343.41,344.17 1 0
pansou/plugin/cyg/cyg.go:345.58,346.18 1 0
pansou/plugin/cyg/cyg.go:347.42,348.18 1 0
pansou/plugin/cyg/cyg.go:349.52,350.18 1 0
pansou/plugin/cyg/cyg.go:351.26,352.15 1 0
pansou/plugin/cyg/cyg.go:353.55,354.18 1 0
pansou/plugin/cyg/cyg.go:355.42,356.18 1 0
pansou/plugin/cyg/cyg.go:357.39,358.18 1 0
pansou/plugin/cyg/cyg.go:359.33,360.22 1 0
pansou/plugin/cyg/cyg.go:361.36,362.15 1 0
pansou/plugin/cyg/cyg.go:363.32,364.18 1 0
pansou/plugin/cyg/cyg.go:365.32,366.18 1 0
pansou/plugin/cyg/cyg.go:367.14,368.16 1 0
pansou/plugin/cyg/cyg.go:369.10,370.18 1 0
pansou/plugin/cyg/cyg.go:375.58,381.2 5 0
pansou/plugin/cyg/cyg.go:384.104,388.34 3 0
pansou/plugin/cyg/cyg.go:388.34,389.12 1 0
pansou/plugin/cyg/cyg.go:389.12,393.4 2 0
pansou/plugin/cyg/cyg.go:396.3,399.43 3 0
pansou/plugin/cyg/cyg.go:399.43,401.4 1 0
pansou/plugin/cyg/cyg.go:403.3,403.18 1 0
pansou/plugin/cyg/cyg.go:403.18,405.4 1 0
pansou/plugin/cyg/cyg.go:406.3,406.16 1 0
pansou/plugin/cyg/cyg.go:409.2,409.81 1 0
pansou/plugin/cyg/cyg.go:413.82,421.16 2 0
pansou/plugin/cyg/cyg.go:421.16,423.3 1 0
pansou/plugin/cyg/cyg.go:425.2,425.61 1 0
pansou/plugin/cyg/cyg.go:425.61,427.3 1 0
pansou/plugin/cyg/cyg.go:429.2,429.51 1 0
pansou/plugin/cyg/cyg.go:429.51,431.3 1 0
pansou/plugin/cyg/cyg.go:433.2,433.66 1 0
pansou/plugin/cyg/cyg.go:433.66,435.3 1 0
pansou/plugin/cyg/cyg.go:437.2,437.59 1 0
pansou/plugin/cyg/cyg.go:437.59,439.3 1 0
pansou/plugin/cyg/cyg.go:441.2,441.13 1 0
pansou/plugin/cyg/cyg.go:445.58,459.2 5 0
pansou/plugin/cyg/cyg.go:462.61,464.61 1 0
pansou/plugin/cyg/cyg.go:464.61,466.3 1 0
pansou/plugin/cyg/cyg.go:469.2,475.33 2 0
pansou/plugin/cyg/cyg.go:475.33,476.56 1 0
pansou/plugin/cyg/cyg.go:476.56,478.4 1 0
pansou/plugin/cyg/cyg.go:482.2,482.19 1 0
pansou/plugin/fox4k/fox4k.go:137.69,149.20 2 0
pansou/plugin/fox4k/fox4k.go:149.20,151.3 1 0
pansou/plugin/fox4k/fox4k.go:153.2,153.46 1 0
pansou/plugin/fox4k/fox4k.go:153.46,156.17 2 0
pansou/plugin/fox4k/fox4k.go:156.17,158.4 1 0
pansou/plugin/fox4k/fox4k.go:159.3,160.71 2 0
pansou/plugin/fox4k/fox4k.go:161.8,164.17 2 0
pansou/plugin/fox4k/fox4k.go:164.17,166.4 1 0
pansou/plugin/fox4k/fox4k.go:167.3,168.69 2 0
pansou/plugin/fox4k/fox4k.go:171.2,171.23 1 0
pansou/plugin/fox4k/fox4k.go:175.47,178.18 2 0
pansou/plugin/fox4k/fox4k.go:178.18,182.3 2 0
pansou/plugin/fox4k/fox4k.go:182.8,186.3 2 0
pansou/plugin/fox4k/fox4k.go:188.2,189.16 2 0
pansou/plugin/fox4k/fox4k.go:189.16,192.3 2 0
pansou/plugin/fox4k/fox4k.go:194.2,194.41 1 0
pansou/plugin/fox4k/fox4k.go:194.41,196.3 1 0
pansou/plugin/fox4k/fox4k.go:198.2,201.3 1 0
pansou/plugin/fox4k/fox4k.go:205.36,210.2 1 0
pansou/plugin/fox4k/fox4k.go:213.54,214.15 1 0
pansou/plugin/fox4k/fox4k.go:214.15,216.3 1 0
pansou/plugin/fox4k/fox4k.go:220.13,225.2 2 0
pansou/plugin/fox4k/fox4k.go:228.26,232.21 3 0
pansou/plugin/fox4k/fox4k.go:232.21,236.3 2 0
pansou/plugin/fox4k/fox4k.go:240.104,242.16 2 0
pansou/plugin/fox4k/fox4k.go:242.16,244.3 1 0
pansou/plugin/fox4k/fox4k.go:245.2,245.28 1 0
pansou/plugin/fox4k/fox4k.go:249.118,257.29 4 0
pansou/plugin/fox4k/fox4k.go:257.29,259.36 2 0
pansou/plugin/fox4k/fox4k.go:259.36,260.14 1 0
pansou/plugin/fox4k/fox4k.go:260.14,261.10 1 0
pansou/plugin/fox4k/fox4k.go:263.4,263.80 1 0
pansou/plugin/fox4k/fox4k.go:267.2,267.20 1 0
pansou/plugin/fox4k/fox4k.go:271.129,277.30 4 0
pansou/plugin/fox4k/fox4k.go:277.30,279.3 1 0
pansou/plugin/fox4k/fox4k.go:281.2,286.16 4 0
pansou/plugin/fox4k/fox4k.go:286.16,288.3 1 0
pansou/plugin/fox4k/fox4k.go:289.2,293.33 3 0
pansou/plugin/fox4k/fox4k.go:293.33,295.3 1 0
pansou/plugin/fox4k/fox4k.go:297.2,297.44 1 0
pansou/plugin/fox4k/fox4k.go:297.44,303.51 4 0
pansou/plugin/fox4k/fox4k.go:303.51,305.25 2 0
pansou/plugin/fox4k/fox4k.go:305.25,308.19 3 0
pansou/plugin/fox4k/fox4k.go:308.19,312.6 3 0
pansou/plugin/fox4k/fox4k.go:316.3,319.39 2 0
pansou/plugin/fox4k/fox4k.go:319.39,321.4 1 0
pansou/plugin/fox4k/fox4k.go:325.2,337.21 6 0
pansou/plugin/fox4k/fox4k.go:341.123,346.15 3 0
pansou/plugin/fox4k/fox4k.go:346.15,348.3 1 0
pansou/plugin/fox4k/fox4k.go:348.8,350.3 1 0
pansou/plugin/fox4k/fox4k.go:352.2,360.16 5 0
pansou/plugin/fox4k/fox4k.go:360.16,362.3 1 0
pansou/plugin/fox4k/fox4k.go:365.2,385.15 17 0
pansou/plugin/fox4k/fox4k.go:385.15,386.39 1 0
pansou/plugin/fox4k/fox4k.go:386.39,387.33 1 0
pansou/plugin/fox4k/fox4k.go:387.33,389.5 1 0
pansou/plugin/fox4k/fox4k.go:393.2,397.16 4 0
pansou/plugin/fox4k/fox4k.go:397.16,400.41 3 0
pansou/plugin/fox4k/fox4k.go:400.41,402.24 2 0
pansou/plugin/fox4k/fox4k.go:402.24,404.5 1 0
pansou/plugin/fox4k/fox4k.go:405.4,405.26 1 0
pansou/plugin/fox4k/fox4k.go:405.26,407.5 1 0
pansou/plugin/fox4k/fox4k.go:409.3,409.88 1 0
pansou/plugin/fox4k/fox4k.go:411.2,417.28 4 0
pansou/plugin/fox4k/fox4k.go:417.28,420.3 2 0
pansou/plugin/fox4k/fox4k.go:423.2,424.16 2 0
pansou/plugin/fox4k/fox4k.go:424.16,426.3 1 0
pansou/plugin/fox4k/fox4k.go:428.2,432.15 3 0
pansou/plugin/fox4k/fox4k.go:432.15,440.17 6 0
pansou/plugin/fox4k/fox4k.go:440.17,442.4 1 0
pansou/plugin/fox4k/fox4k.go:442.9,444.4 1 0
pansou/plugin/fox4k/fox4k.go:448.2,449.16 2 0
pansou/plugin/fox4k/fox4k.go:449.16,451.3 1 0
pansou/plugin/fox4k/fox4k.go:454.2,458.67 3 0
pansou/plugin/fox4k/fox4k.go:458.67,460.20 2 0
pansou/plugin/fox4k/fox4k.go:460.20,462.4 1 0
pansou/plugin/fox4k/fox4k.go:465.2,465.33 1 0
pansou/plugin/fox4k/fox4k.go:469.66,472.20 2 0
pansou/plugin/fox4k/fox4k.go:472.20,474.3 1 0
pansou/plugin/fox4k/fox4k.go:477.2,478.21 2 0
pansou/plugin/fox4k/fox4k.go:478.21,480.3 1 0
pansou/plugin/fox4k/fox4k.go:482.2,484.34 3 0
pansou/plugin/fox4k/fox4k.go:484.34,486.3 1 0
pansou/plugin/fox4k/fox4k.go:488.2,488.19 1 0
pansou/plugin/fox4k/fox4k.go:492.87,496.27 3 0
pansou/plugin/fox4k/fox4k.go:496.27,498.3 1 0
pansou/plugin/fox4k/fox4k.go:501.2,501.34 1 0
pansou/plugin/fox4k/fox4k.go:501.34,503.3 1 0
pansou/plugin/fox4k/fox4k.go:506.2,507.22 2 0
pansou/plugin/fox4k/fox4k.go:507.22,509.3 1 0
pansou/plugin/fox4k/fox4k.go:510.2,515.17 4 0
pansou/plugin/fox4k/fox4k.go:515.17,517.3 1 0
pansou/plugin/fox4k/fox4k.go:520.2,522.56 3 0
pansou/plugin/fox4k/fox4k.go:522.56,524.3 1 0
pansou/plugin/fox4k/fox4k.go:527.2,540.21 6 0
pansou/plugin/fox4k/fox4k.go:540.21,542.30 2 0
pansou/plugin/fox4k/fox4k.go:542.30,544.18 2 0
pansou/plugin/fox4k/fox4k.go:544.18,545.13 1 0
pansou/plugin/fox4k/fox4k.go:549.4,549.37 1 0
pansou/plugin/fox4k/fox4k.go:549.37,550.13 1 0
pansou/plugin/fox4k/fox4k.go:554.4,554.63 1 0
pansou/plugin/fox4k/fox4k.go:554.63,555.36 1 0
pansou/plugin/fox4k/fox4k.go:555.36,557.6 1 0
pansou/plugin/fox4k/fox4k.go:558.10,558.27 1 0
pansou/plugin/fox4k/fox4k.go:558.27,560.5 1 0
pansou/plugin/fox4k/fox4k.go:560.10,560.29 1 0
pansou/plugin/fox4k/fox4k.go:560.29,562.5 1 0
pansou/plugin/fox4k/fox4k.go:562.10,564.5 1 0
pansou/plugin/fox4k/fox4k.go:569.2,570.18 2 0
pansou/plugin/fox4k/fox4k.go:570.18,572.3 1 0
pansou/plugin/fox4k/fox4k.go:573.2,573.16 1 0
pansou/plugin/fox4k/fox4k.go:573.16,575.3 1 0
pansou/plugin/fox4k/fox4k.go:576.2,576.18 1 0
pansou/plugin/fox4k/fox4k.go:576.18,578.3 1 0
pansou/plugin/fox4k/fox4k.go:579.2,579.20 1 0
pansou/plugin/fox4k/fox4k.go:579.20,581.3 1 0
pansou/plugin/fox4k/fox4k.go:584.2,585.21 2 0
pansou/plugin/fox4k/fox4k.go:585.21,587.3 1 0
pansou/plugin/fox4k/fox4k.go:588.2,588.17 1 0
pansou/plugin/fox4k/fox4k.go:588.17,590.3 1 0
pansou/plugin/fox4k/fox4k.go:592.2,600.3 1 0
pansou/plugin/fox4k/fox4k.go:604.116,605.23 1 0
pansou/plugin/fox4k/fox4k.go:605.23,607.3 1 0
pansou/plugin/fox4k/fox4k.go:610.2,617.33 6 0
pansou/plugin/fox4k/fox4k.go:617.33,619.22 2 0
pansou/plugin/fox4k/fox4k.go:619.22,624.17 3 0
pansou/plugin/fox4k/fox4k.go:624.17,624.32 1 0
pansou/plugin/fox4k/fox4k.go:627.4,628.22 2 0
pansou/plugin/fox4k/fox4k.go:628.22,630.5 1 0
pansou/plugin/fox4k/fox4k.go:631.4,635.25 3 0
pansou/plugin/fox4k/fox4k.go:635.25,638.33 3 0
pansou/plugin/fox4k/fox4k.go:638.33,640.6 1 0
pansou/plugin/fox4k/fox4k.go:642.5,642.41 1 0
pansou/plugin/fox4k/fox4k.go:642.41,644.62 2 0
pansou/plugin/fox4k/fox4k.go:644.62,645.29 1 0
pansou/plugin/fox4k/fox4k.go:645.29,647.13 2 0
pansou/plugin/fox4k/fox4k.go:650.6,650.16 1 0
pansou/plugin/fox4k/fox4k.go:650.16,652.7 1 0
pansou/plugin/fox4k/fox4k.go:654.5,654.19 1 0
pansou/plugin/fox4k/fox4k.go:659.2,663.41 3 0
pansou/plugin/fox4k/fox4k.go:663.41,664.28 1 0
pansou/plugin/fox4k/fox4k.go:664.28,666.4 1 0
pansou/plugin/fox4k/fox4k.go:669.2,669.21 1 0
pansou/plugin/fox4k/fox4k.go:673.89,678.44 3 0
pansou/plugin/fox4k/fox4k.go:678.44,679.53 1 0
pansou/plugin/fox4k/fox4k.go:679.53,680.47 1 0
pansou/plugin/fox4k/fox4k.go:680.47,683.5 2 0
pansou/plugin/fox4k/fox4k.go:688.2,699.16 6 0
pansou/plugin/fox4k/fox4k.go:699.16,701.3 1 0
pansou/plugin/fox4k/fox4k.go:704.2,712.16 7 0
pansou/plugin/fox4k/fox4k.go:712.16,714.3 1 0
pansou/plugin/fox4k/fox4k.go:715.2,717.28 2 0
pansou/plugin/fox4k/fox4k.go:717.28,719.3 1 0
pansou/plugin/fox4k/fox4k.go:722.2,723.16 2 0
pansou/plugin/fox4k/fox4k.go:723.16,725.3 1 0
pansou/plugin/fox4k/fox4k.go:728.2,739.84 4 0
pansou/plugin/fox4k/fox4k.go:739.84,740.39 1 0
pansou/plugin/fox4k/fox4k.go:740.39,742.4 1 0
pansou/plugin/fox4k/fox4k.go:743.3,743.29 1 0
pansou/plugin/fox4k/fox4k.go:747.2,750.72 2 0
pansou/plugin/fox4k/fox4k.go:750.72,752.17 2 0
pansou/plugin/fox4k/fox4k.go:752.17,755.115 2 0
pansou/plugin/fox4k/fox4k.go:755.115,757.5 1 0
pansou/plugin/fox4k/fox4k.go:762.2,771.15 5 0
pansou/plugin/fox4k/fox4k.go:775.68,791.23 8 0
pansou/plugin/fox4k/fox4k.go:791.23,793.3 1 0
pansou/plugin/fox4k/fox4k.go:794.2,794.22 1 0
pansou/plugin/fox4k/fox4k.go:794.22,796.3 1 0
pansou/plugin/fox4k/fox4k.go:798.2,798.14 1 0
pansou/plugin/fox4k/fox4k.go:802.95,808.43 3 0
pansou/plugin/fox4k/fox4k.go:808.43,810.3 1 0
pansou/plugin/fox4k/fox4k.go:813.2,814.39 2 0
pansou/plugin/fox4k/fox4k.go:814.39,816.3 1 0
pansou/plugin/fox4k/fox4k.go:819.2,819.45 1 0
pansou/plugin/fox4k/fox4k.go:819.45,821.35 2 0
pansou/plugin/fox4k/fox4k.go:821.35,825.4 2 0
pansou/plugin/fox4k/fox4k.go:829.2,829.83 1 0
pansou/plugin/fox4k/fox4k.go:829.83,832.84 2 0
pansou/plugin/fox4k/fox4k.go:832.84,833.33 1 0
pansou/plugin/fox4k/fox4k.go:833.33,835.5 1 0
pansou/plugin/fox4k/fox4k.go:839.3,839.91 1 0
pansou/plugin/fox4k/fox4k.go:839.91,844.96 3 0
pansou/plugin/fox4k/fox4k.go:844.96,846.5 1 0
pansou/plugin/fox4k/fox4k.go:849.4,849.65 1 0
pansou/plugin/fox4k/fox4k.go:849.65,850.50 1 0
pansou/plugin/fox4k/fox4k.go:850.50,852.6 1 0
pansou/plugin/fox4k/fox4k.go:856.4,857.60 2 0
pansou/plugin/fox4k/fox4k.go:862.2,862.83 1 0
pansou/plugin/fox4k/fox4k.go:862.83,867.3 4 0
pansou/plugin/fox4k/fox4k.go:871.90,872.16 1 0
pansou/plugin/fox4k/fox4k.go:872.16,874.3 1 0
pansou/plugin/fox4k/fox4k.go:877.2,877.38 1 0
pansou/plugin/fox4k/fox4k.go:877.38,879.3 1 0
pansou/plugin/fox4k/fox4k.go:882.2,882.39 1 0
pansou/plugin/fox4k/fox4k.go:882.39,885.3 2 0
pansou/plugin/fox4k/fox4k.go:888.2,888.37 1 0
pansou/plugin/fox4k/fox4k.go:888.37,891.3 2 0
pansou/plugin/fox4k/fox4k.go:894.2,894.45 1 0
pansou/plugin/fox4k/fox4k.go:894.45,895.30 1 0
pansou/plugin/fox4k/fox4k.go:895.30,899.4 3 0
pansou/plugin/fox4k/fox4k.go:904.94,906.38 1 0
pansou/plugin/fox4k/fox4k.go:906.38,910.3 1 0
pansou/plugin/fox4k/fox4k.go:913.2,914.43 2 0
pansou/plugin/fox4k/fox4k.go:914.43,916.3 1 0
pansou/plugin/fox4k/fox4k.go:919.2,920.39 2 0
pansou/plugin/fox4k/fox4k.go:920.39,922.3 1 0
pansou/plugin/fox4k/fox4k.go:925.2,925.45 1 0
pansou/plugin/fox4k/fox4k.go:925.45,927.35 2 0
pansou/plugin/fox4k/fox4k.go:927.35,930.4 2 0
pansou/plugin/fox4k/fox4k.go:935.67,937.40 1 0
pansou/plugin/fox4k/fox4k.go:937.40,938.66 1 0
pansou/plugin/fox4k/fox4k.go:938.66,940.4 1 0
pansou/plugin/fox4k/fox4k.go:942.2,942.11 1 0
pansou/plugin/fox4k/fox4k.go:946.73,948.65 1 0
pansou/plugin/fox4k/fox4k.go:948.65,950.3 1 0
pansou/plugin/fox4k/fox4k.go:953.2,953.40 1 0
pansou/plugin/fox4k/fox4k.go:953.40,954.66 1 0
pansou/plugin/fox4k/fox4k.go:954.66,956.4 1 0
pansou/plugin/fox4k/fox4k.go:959.2,959.11 1 0
pansou/plugin/fox4k/fox4k.go:963.103,964.19 1 0
pansou/plugin/fox4k/fox4k.go:964.19,966.3 1 0
pansou/plugin/fox4k/fox4k.go:969.2,969.41 1 0
pansou/plugin/fox4k/fox4k.go:969.41,971.3 1 0
pansou/plugin/fox4k/fox4k.go:974.2,974.48 1 0
pansou/plugin/fox4k/fox4k.go:974.48,975.34 1 0
pansou/plugin/fox4k/fox4k.go:975.34,977.4 1 0
pansou/plugin/fox4k/fox4k.go:981.2,987.51 2 0
pansou/plugin/fox4k/fox4k.go:991.106,997.34 4 0
pansou/plugin/fox4k/fox4k.go:997.34,1000.12 2 0
pansou/plugin/fox4k/fox4k.go:1000.12,1005.4 3 0
pansou/plugin/fox4k/fox4k.go:1008.3,1016.17 6 0
pansou/plugin/fox4k/fox4k.go:1016.17,1019.12 3 0
pansou/plugin/fox4k/fox4k.go:1022.3,1024.29 2 0
pansou/plugin/fox4k/fox4k.go:1024.29,1027.4 2 0
pansou/plugin/fox4k/fox4k.go:1029.3,1032.23 2 0
pansou/plugin/fox4k/fox4k.go:1032.23,1035.44 3 0
pansou/plugin/fox4k/fox4k.go:1035.44,1037.31 2 0
pansou/plugin/fox4k/fox4k.go:1037.31,1039.6 1 0
pansou/plugin/fox4k/fox4k.go:1040.5,1040.73 1 0
pansou/plugin/fox4k/fox4k.go:1044.3,1044.56 1 0
pansou/plugin/fox4k/fox4k.go:1047.2,1048.81 2 0
pansou/plugin/fox4k/fox4k.go:1052.27,1064.2 2 0
pansou/plugin/fox4k/fox4k.go:1067.32,1077.2 3 0
pansou/plugin/duoduo/duoduo.go:76.13,81.2 2 0
pansou/plugin/duoduo/duoduo.go:84.26,88.21 3 0
pansou/plugin/duoduo/duoduo.go:88.21,92.3 2 0
pansou/plugin/duoduo/duoduo.go:102.47,115.2 2 0
pansou/plugin/duoduo/duoduo.go:118.43,123.2 1 0
pansou/plugin/duoduo/duoduo.go:126.110,128.16 2 0
pansou/plugin/duoduo/duoduo.go:128.16,130.3 1 0
pansou/plugin/duoduo/duoduo.go:131.2,131.28 1 0
pansou/plugin/duoduo/duoduo.go:135.124,137.2 1 0
pansou/plugin/duoduo/duoduo.go:140.135,144.15 3 0
pansou/plugin/duoduo/duoduo.go:144.15,147.3 2 0
pansou/plugin/duoduo/duoduo.go:150.2,150.30 1 0
pansou/plugin/duoduo/duoduo.go:150.30,152.3 1 0
pansou/plugin/duoduo/duoduo.go:155.2,163.16 5 0
pansou/plugin/duoduo/duoduo.go:163.16,165.3 1 0
pansou/plugin/duoduo/duoduo.go:168.2,178.16 9 0
pansou/plugin/duoduo/duoduo.go:178.16,180.3 1 0
pansou/plugin/duoduo/duoduo.go:181.2,183.28 2 0
pansou/plugin/duoduo/duoduo.go:183.28,185.3 1 0
pansou/plugin/duoduo/duoduo.go:188.2,189.16 2 0
pansou/plugin/duoduo/duoduo.go:189.16,191.3 1 0
pansou/plugin/duoduo/duoduo.go:194.2,196.73 2 0
pansou/plugin/duoduo/duoduo.go:196.73,198.28 2 0
pansou/plugin/duoduo/duoduo.go:198.28,200.4 1 0
pansou/plugin/duoduo/duoduo.go:204.2,207.69 2 0
pansou/plugin/duoduo/duoduo.go:211.102,216.13 3 0
pansou/plugin/duoduo/duoduo.go:216.13,218.3 1 0
pansou/plugin/duoduo/duoduo.go:221.2,222.22 2 0
pansou/plugin/duoduo/duoduo.go:222.22,224.3 1 0
pansou/plugin/duoduo/duoduo.go:226.2,239.81 8 0
pansou/plugin/duoduo/duoduo.go:239.81,241.20 2 0
pansou/plugin/duoduo/duoduo.go:241.20,243.4 1 0
pansou/plugin/duoduo/duoduo.go:245.2,249.72 3 0
pansou/plugin/duoduo/duoduo.go:249.72,251.40 2 0
pansou/plugin/duoduo/duoduo.go:251.40,253.4 1 0
pansou/plugin/duoduo/duoduo.go:257.2,258.72 2 0
pansou/plugin/duoduo/duoduo.go:258.72,260.40 2 0
pansou/plugin/duoduo/duoduo.go:260.40,261.80 1 0
pansou/plugin/duoduo/duoduo.go:261.80,263.24 2 0
pansou/plugin/duoduo/duoduo.go:263.24,265.6 1 0
pansou/plugin/duoduo/duoduo.go:271.2,271.102 1 0
pansou/plugin/duoduo/duoduo.go:271.102,274.3 2 0
pansou/plugin/duoduo/duoduo.go:275.2,279.19 3 0
pansou/plugin/duoduo/duoduo.go:279.19,281.3 1 0
pansou/plugin/duoduo/duoduo.go:282.2,282.20 1 0
pansou/plugin/duoduo/duoduo.go:282.20,284.3 1 0
pansou/plugin/duoduo/duoduo.go:285.2,285.21 1 0
pansou/plugin/duoduo/duoduo.go:285.21,287.22 2 0
pansou/plugin/duoduo/duoduo.go:287.22,289.4 1 0
pansou/plugin/duoduo/duoduo.go:290.3,290.60 1 0
pansou/plugin/duoduo/duoduo.go:292.2,292.16 1 0
pansou/plugin/duoduo/duoduo.go:292.16,294.3 1 0
pansou/plugin/duoduo/duoduo.go:296.2,300.15 4 0
pansou/plugin/duoduo/duoduo.go:304.120,312.33 5 0
pansou/plugin/duoduo/duoduo.go:312.33,314.33 2 0
pansou/plugin/duoduo/duoduo.go:314.33,319.17 3 0
pansou/plugin/duoduo/duoduo.go:319.17,319.32 1 0
pansou/plugin/duoduo/duoduo.go:322.4,323.22 2 0
pansou/plugin/duoduo/duoduo.go:323.22,328.5 4 0
pansou/plugin/duoduo/duoduo.go:330.4,333.50 2 0
pansou/plugin/duoduo/duoduo.go:333.50,334.60 1 0
pansou/plugin/duoduo/duoduo.go:334.60,340.6 5 0
pansou/plugin/duoduo/duoduo.go:342.4,353.15 7 0
pansou/plugin/duoduo/duoduo.go:357.2,358.24 2 0
pansou/plugin/duoduo/duoduo.go:362.112,366.34 3 0
pansou/plugin/duoduo/duoduo.go:366.34,367.12 1 0
pansou/plugin/duoduo/duoduo.go:367.12,371.4 2 0
pansou/plugin/duoduo/duoduo.go:374.3,377.43 3 0
pansou/plugin/duoduo/duoduo.go:377.43,379.4 1 0
pansou/plugin/duoduo/duoduo.go:381.3,381.18 1 0
pansou/plugin/duoduo/duoduo.go:381.18,383.4 1 0
pansou/plugin/duoduo/duoduo.go:384.3,384.16 1 0
pansou/plugin/duoduo/duoduo.go:387.2,387.81 1 0
pansou/plugin/duoduo/duoduo.go:391.95,395.15 3 0
pansou/plugin/duoduo/duoduo.go:395.15,398.3 2 0
pansou/plugin/duoduo/duoduo.go:400.2,408.16 5 0
pansou/plugin/duoduo/duoduo.go:408.16,410.3 1 0
pansou/plugin/duoduo/duoduo.go:413.2,421.16 7 0
pansou/plugin/duoduo/duoduo.go:421.16,423.3 1 0
pansou/plugin/duoduo/duoduo.go:424.2,426.28 2 0
pansou/plugin/duoduo/duoduo.go:426.28,428.3 1 0
pansou/plugin/duoduo/duoduo.go:430.2,431.16 2 0
pansou/plugin/duoduo/duoduo.go:431.16,433.3 1 0
pansou/plugin/duoduo/duoduo.go:435.2,438.84 2 0
pansou/plugin/duoduo/duoduo.go:438.84,440.93 1 0
pansou/plugin/duoduo/duoduo.go:440.93,442.41 1 0
pansou/plugin/duoduo/duoduo.go:442.41,443.65 1 0
pansou/plugin/duoduo/duoduo.go:443.65,450.6 2 0
pansou/plugin/duoduo/duoduo.go:455.3,455.60 1 0
pansou/plugin/duoduo/duoduo.go:455.60,456.49 1 0
pansou/plugin/duoduo/duoduo.go:456.49,458.42 1 0
pansou/plugin/duoduo/duoduo.go:458.42,459.66 1 0
pansou/plugin/duoduo/duoduo.go:459.66,462.42 2 0
pansou/plugin/duoduo/duoduo.go:462.42,463.39 1 0
pansou/plugin/duoduo/duoduo.go:463.39,465.14 2 0
pansou/plugin/duoduo/duoduo.go:469.7,469.23 1 0
pansou/plugin/duoduo/duoduo.go:469.23,476.8 2 0
pansou/plugin/duoduo/duoduo.go:483.2,483.14 1 0
pansou/plugin/duoduo/duoduo.go:487.69,492.111 1 0
pansou/plugin/duoduo/duoduo.go:492.111,494.3 1 0
pansou/plugin/duoduo/duoduo.go:497.2,511.33 1 0
pansou/plugin/duoduo/duoduo.go:515.66,516.9 1 0
pansou/plugin/duoduo/duoduo.go:517.39,518.17 1 0
pansou/plugin/duoduo/duoduo.go:519.36,520.14 1 0
pansou/plugin/duoduo/duoduo.go:521.39,522.17 1 0
pansou/plugin/duoduo/duoduo.go:523.40,524.18 1 0
pansou/plugin/duoduo/duoduo.go:525.40,526.18 1 0
pansou/plugin/duoduo/duoduo.go:527.40,528.18 1 0
pansou/plugin/duoduo/duoduo.go:529.37,530.15 1 0
pansou/plugin/duoduo/duoduo.go:531.40,532.18 1 0
pansou/plugin/duoduo/duoduo.go:533.40,534.18 1 0
pansou/plugin/duoduo/duoduo.go:535.40,536.18 1 0
pansou/plugin/duoduo/duoduo.go:537.44,538.22 1 0
pansou/plugin/duoduo/duoduo.go:539.37,540.15 1 0
pansou/plugin/duoduo/duoduo.go:541.40,542.18 1 0
pansou/plugin/duoduo/duoduo.go:543.40,544.18 1 0
pansou/plugin/duoduo/duoduo.go:545.38,546.16 1 0
pansou/plugin/duoduo/duoduo.go:547.10,548.12 1 0
pansou/plugin/duoduo/duoduo.go:553.24,554.11 1 0
pansou/plugin/duoduo/duoduo.go:554.11,556.3 1 0
pansou/plugin/duoduo/duoduo.go:557.2,557.10 1 0
pansou/plugin/duoduo/duoduo.go:561.74,570.29 8 0
pansou/plugin/duoduo/duoduo.go:570.29,572.3 1 0
pansou/plugin/duoduo/duoduo.go:573.2,573.29 1 0
pansou/plugin/duoduo/duoduo.go:573.29,575.3 1 0
pansou/plugin/duoduo/duoduo.go:576.2,576.41 1 0
pansou/plugin/duoduo/duoduo.go:576.41,578.3 1 0
pansou/plugin/duoduo/duoduo.go:580.2,590.3 1 0
pansou/plugin/huban/huban.go:53.13,55.2 1 0
pansou/plugin/huban/huban.go:88.47,101.2 2 0
pansou/plugin/huban/huban.go:104.41,109.2 1 0
pansou/plugin/huban/huban.go:112.109,114.38 1 0
pansou/plugin/huban/huban.go:114.38,116.52 2 0
pansou/plugin/huban/huban.go:116.52,118.4 1 0
pansou/plugin/huban/huban.go:121.3,122.50 2 0
pansou/plugin/huban/huban.go:122.50,123.50 1 0
pansou/plugin/huban/huban.go:123.50,124.17 1 0
pansou/plugin/huban/huban.go:124.17,126.6 1 0
pansou/plugin/huban/huban.go:127.5,128.10 2 0
pansou/plugin/huban/huban.go:132.3,132.15 1 0
pansou/plugin/huban/huban.go:132.15,133.16 1 0
pansou/plugin/huban/huban.go:133.16,135.5 1 0
pansou/plugin/huban/huban.go:136.4,136.69 1 0
pansou/plugin/huban/huban.go:140.2,141.16 2 0
pansou/plugin/huban/huban.go:141.16,143.3 1 0
pansou/plugin/huban/huban.go:144.2,144.28 1 0
pansou/plugin/huban/huban.go:148.123,150.2 1 0
pansou/plugin/huban/huban.go:153.134,157.15 3 0
pansou/plugin/huban/huban.go:157.15,160.3 2 0
pansou/plugin/huban/huban.go:163.2,163.30 1 0
pansou/plugin/huban/huban.go:163.30,165.3 1 0
pansou/plugin/huban/huban.go:168.2,174.33 2 0
pansou/plugin/huban/huban.go:174.33,175.66 1 0
pansou/plugin/huban/huban.go:175.66,177.4 1 0
pansou/plugin/huban/huban.go:177.9,177.20 1 0
pansou/plugin/huban/huban.go:177.20,180.4 1 0
pansou/plugin/huban/huban.go:183.2,183.70 1 0
pansou/plugin/huban/huban.go:187.108,193.16 4 0
pansou/plugin/huban/huban.go:193.16,195.3 1 0
pansou/plugin/huban/huban.go:198.2,206.16 7 0
pansou/plugin/huban/huban.go:206.16,208.3 1 0
pansou/plugin/huban/huban.go:209.2,213.16 3 0
pansou/plugin/huban/huban.go:213.16,215.3 1 0
pansou/plugin/huban/huban.go:217.2,218.59 2 0
pansou/plugin/huban/huban.go:218.59,220.3 1 0
pansou/plugin/huban/huban.go:223.2,223.27 1 0
pansou/plugin/huban/huban.go:223.27,225.3 1 0
pansou/plugin/huban/huban.go:228.2,229.40 2 0
pansou/plugin/huban/huban.go:229.40,230.57 1 0
pansou/plugin/huban/huban.go:230.57,232.4 1 0
pansou/plugin/huban/huban.go:235.2,235.21 1 0
pansou/plugin/huban/huban.go:268.79,274.17 3 0
pansou/plugin/huban/huban.go:274.17,276.3 1 0
pansou/plugin/huban/huban.go:279.2,286.24 4 0
pansou/plugin/huban/huban.go:286.24,288.3 1 0
pansou/plugin/huban/huban.go:291.2,299.3 1 0
pansou/plugin/huban/huban.go:303.67,307.25 2 0
pansou/plugin/huban/huban.go:307.25,310.18 3 0
pansou/plugin/huban/huban.go:310.18,312.4 1 0
pansou/plugin/huban/huban.go:316.2,316.28 1 0
pansou/plugin/huban/huban.go:316.28,319.21 3 0
pansou/plugin/huban/huban.go:319.21,321.4 1 0
pansou/plugin/huban/huban.go:324.2,324.24 1 0
pansou/plugin/huban/huban.go:324.24,326.3 1 0
pansou/plugin/huban/huban.go:328.2,328.27 1 0
pansou/plugin/huban/huban.go:328.27,330.3 1 0
pansou/plugin/huban/huban.go:332.2,332.42 1 0
pansou/plugin/huban/huban.go:336.89,337.43 1 0
pansou/plugin/huban/huban.go:337.43,339.3 1 0
pansou/plugin/huban/huban.go:342.2,347.28 5 0
pansou/plugin/huban/huban.go:347.28,349.3 1 0
pansou/plugin/huban/huban.go:351.2,351.30 1 0
pansou/plugin/huban/huban.go:351.30,353.21 2 0
pansou/plugin/huban/huban.go:353.21,354.12 1 0
pansou/plugin/huban/huban.go:359.3,362.40 2 0
pansou/plugin/huban/huban.go:362.40,364.4 1 0
pansou/plugin/huban/huban.go:367.3,368.39 2 0
pansou/plugin/huban/huban.go:368.39,372.59 2 0
pansou/plugin/huban/huban.go:372.59,373.13 1 0
pansou/plugin/huban/huban.go:377.4,383.6 2 0
pansou/plugin/huban/huban.go:388.2,388.34 1 0
pansou/plugin/huban/huban.go:392.69,393.34 1 0
pansou/plugin/huban/huban.go:394.14,395.14 1 0
pansou/plugin/huban/huban.go:396.14,397.17 1 0
pansou/plugin/huban/huban.go:398.14,399.18 1 0
pansou/plugin/huban/huban.go:400.14,401.17 1 0
pansou/plugin/huban/huban.go:402.15,403.15 1 0
pansou/plugin/huban/huban.go:404.15,405.15 1 0
pansou/plugin/huban/huban.go:406.14,407.18 1 0
pansou/plugin/huban/huban.go:408.14,409.18 1 0
pansou/plugin/huban/huban.go:410.14,411.18 1 0
pansou/plugin/huban/huban.go:412.14,413.18 1 0
pansou/plugin/huban/huban.go:414.15,415.22 1 0
pansou/plugin/huban/huban.go:416.14,417.18 1 0
pansou/plugin/huban/huban.go:418.10,419.12 1 0
pansou/plugin/huban/huban.go:424.68,428.111 1 0
pansou/plugin/huban/huban.go:428.111,430.3 1 0
pansou/plugin/huban/huban.go:433.2,447.33 1 0
pansou/plugin/huban/huban.go:451.65,452.9 1 0
pansou/plugin/huban/huban.go:453.39,454.17 1 0
pansou/plugin/huban/huban.go:455.36,456.14 1 0
pansou/plugin/huban/huban.go:457.39,458.17 1 0
pansou/plugin/huban/huban.go:459.40,460.18 1 0
pansou/plugin/huban/huban.go:461.40,462.18 1 0
pansou/plugin/huban/huban.go:463.40,464.18 1 0
pansou/plugin/huban/huban.go:465.37,466.15 1 0
pansou/plugin/huban/huban.go:467.40,468.18 1 0
pansou/plugin/huban/huban.go:469.40,470.18 1 0
pansou/plugin/huban/huban.go:471.40,472.18 1 0
pansou/plugin/huban/huban.go:473.44,474.22 1 0
pansou/plugin/huban/huban.go:475.37,476.15 1 0
pansou/plugin/huban/huban.go:477.40,478.18 1 0
pansou/plugin/huban/huban.go:479.40,480.18 1 0
pansou/plugin/huban/huban.go:481.38,482.16 1 0
pansou/plugin/huban/huban.go:483.10,484.12 1 0
pansou/plugin/huban/huban.go:489.63,491.72 1 0
pansou/plugin/huban/huban.go:491.72,493.3 1 0
pansou/plugin/huban/huban.go:496.2,496.75 1 0
pansou/plugin/huban/huban.go:496.75,498.3 1 0
pansou/plugin/huban/huban.go:500.2,500.11 1 0
pansou/plugin/huban/huban.go:504.78,508.29 3 0
pansou/plugin/huban/huban.go:508.29,510.17 2 0
pansou/plugin/huban/huban.go:510.17,513.4 2 0
pansou/plugin/huban/huban.go:516.2,516.15 1 0
pansou/plugin/huban/huban.go:520.111,524.34 3 0
pansou/plugin/huban/huban.go:524.34,526.17 2 0
pansou/plugin/huban/huban.go:526.17,527.40 1 0
pansou/plugin/huban/huban.go:527.40,529.5 1 0
pansou/plugin/huban/huban.go:530.4,531.62 2 0
pansou/plugin/huban/huban.go:532.9,534.4 1 0
pansou/plugin/huban/huban.go:537.3,537.23 1 0
pansou/plugin/huban/huban.go:537.23,539.4 1 0
pansou/plugin/huban/huban.go:542.2,542.106 1 0
pansou/plugin/huban/huban.go:546.73,551.23 4 0
pansou/plugin/huban/huban.go:551.23,553.3 1 0
pansou/plugin/huban/huban.go:555.2,559.3 1 0
pansou/plugin/huban/huban.go:563.40,564.43 1 0
pansou/plugin/huban/huban.go:564.43,565.26 1 0
pansou/plugin/huban/huban.go:565.26,567.4 1 0
pansou/plugin/huban/huban.go:569.2,569.52 1 0
pansou/plugin/huban/huban.go:573.43,574.43 1 0
pansou/plugin/huban/huban.go:574.43,575.26 1 0
pansou/plugin/huban/huban.go:575.26,578.4 2 0
pansou/plugin/huban/huban.go:583.36,587.2 3 0
pansou/plugin/huban/huban.go:590.44,591.49 1 0
pansou/plugin/huban/huban.go:591.49,592.49 1 0
pansou/plugin/huban/huban.go:592.49,594.4 1 0
pansou/plugin/huban/huban.go:596.2,596.14 1 0
pansou/plugin/jikepan/jikepan.go:16.13,19.2 1 0
pansou/plugin/jikepan/jikepan.go:32.54,36.2 1 0
pansou/plugin/jikepan/jikepan.go:39.113,41.16 2 0
pansou/plugin/jikepan/jikepan.go:41.16,43.3 1 0
pansou/plugin/jikepan/jikepan.go:44.2,44.28 1 0
pansou/plugin/jikepan/jikepan.go:48.127,50.2 1 0
pansou/plugin/jikepan/jikepan.go:53.136,61.16 2 0
pansou/plugin/jikepan/jikepan.go:61.16,62.53 1 0
pansou/plugin/jikepan/jikepan.go:62.53,65.4 1 0
pansou/plugin/jikepan/jikepan.go:68.2,69.16 2 0
pansou/plugin/jikepan/jikepan.go:69.16,71.3 1 0
pansou/plugin/jikepan/jikepan.go:73.2,74.16 2 0
pansou/plugin/jikepan/jikepan.go:74.16,76.3 1 0
pansou/plugin/jikepan/jikepan.go:78.2,84.16 5 0
pansou/plugin/jikepan/jikepan.go:84.16,86.3 1 0
pansou/plugin/jikepan/jikepan.go:87.2,92.16 4 0
pansou/plugin/jikepan/jikepan.go:92.16,94.3 1 0
pansou/plugin/jikepan/jikepan.go:96.2,96.60 1 0
pansou/plugin/jikepan/jikepan.go:96.60,98.3 1 0
pansou/plugin/jikepan/jikepan.go:101.2,101.30 1 0
pansou/plugin/jikepan/jikepan.go:101.30,103.3 1 0
pansou/plugin/jikepan/jikepan.go:106.2,108.21 2 0
pansou/plugin/jikepan/jikepan.go:112.89,115.29 2 0
pansou/plugin/jikepan/jikepan.go:115.29,117.27 1 0
pansou/plugin/jikepan/jikepan.go:117.27,118.12 1 0
pansou/plugin/jikepan/jikepan.go:122.3,123.35 2 0
pansou/plugin/jikepan/jikepan.go:123.35,127.91 2 0
pansou/plugin/jikepan/jikepan.go:127.91,129.5 1 0
pansou/plugin/jikepan/jikepan.go:132.4,132.22 1 0
pansou/plugin/jikepan/jikepan.go:132.22,133.13 1 0
pansou/plugin/jikepan/jikepan.go:137.4,141.6 1 0
pansou/plugin/jikepan/jikepan.go:145.3,155.36 3 0
pansou/plugin/jikepan/jikepan.go:158.2,158.16 1 0
pansou/plugin/jikepan/jikepan.go:162.71,165.17 2 0
pansou/plugin/jikepan/jikepan.go:166.15,167.17 1 0
pansou/plugin/jikepan/jikepan.go:168.16,169.18 1 0
pansou/plugin/jikepan/jikepan.go:170.16,171.18 1 0
pansou/plugin/jikepan/jikepan.go:172.15,173.17 1 0
pansou/plugin/jikepan/jikepan.go:174.18,175.18 1 0
pansou/plugin/jikepan/jikepan.go:176.13,177.15 1 0
pansou/plugin/jikepan/jikepan.go:178.13,179.15 1 0
pansou/plugin/jikepan/jikepan.go:180.16,181.18 1 0
pansou/plugin/jikepan/jikepan.go:182.16,183.18 1 0
pansou/plugin/jikepan/jikepan.go:184.16,185.18 1 0
pansou/plugin/jikepan/jikepan.go:186.20,187.22 1 0
pansou/plugin/jikepan/jikepan.go:188.16,189.18 1 0
pansou/plugin/jikepan/jikepan.go:190.19,191.21 1 0
pansou/plugin/jikepan/jikepan.go:192.14,193.16 1 0
pansou/plugin/jikepan/jikepan.go:194.16,195.18 1 0
pansou/plugin/jikepan/jikepan.go:196.17,198.12 1 0
pansou/plugin/jikepan/jikepan.go:199.10,200.18 1 0
pansou/plugin/labi/labi.go:59.13,64.2 2 0
pansou/plugin/labi/labi.go:67.26,71.21 3 0
pansou/plugin/labi/labi.go:71.21,75.3 2 0
pansou/plugin/labi/labi.go:85.47,94.2 2 0
pansou/plugin/labi/labi.go:97.39,102.2 1 0
pansou/plugin/labi/labi.go:105.108,107.16 2 0
pansou/plugin/labi/labi.go:107.16,109.3 1 0
pansou/plugin/labi/labi.go:110.2,110.28 1 0
pansou/plugin/labi/labi.go:114.122,116.2 1 0
pansou/plugin/labi/labi.go:119.133,129.16 5 0
pansou/plugin/labi/labi.go:129.16,131.3 1 0
pansou/plugin/labi/labi.go:134.2,144.16 9 0
pansou/plugin/labi/labi.go:144.16,146.3 1 0
pansou/plugin/labi/labi.go:147.2,149.28 2 0
pansou/plugin/labi/labi.go:149.28,151.3 1 0
pansou/plugin/labi/labi.go:154.2,155.16 2 0
pansou/plugin/labi/labi.go:155.16,157.3 1 0
pansou/plugin/labi/labi.go:160.2,162.73 2 0
pansou/plugin/labi/labi.go:162.73,164.28 2 0
pansou/plugin/labi/labi.go:164.28,166.4 1 0
pansou/plugin/labi/labi.go:170.2,173.69 2 0
pansou/plugin/labi/labi.go:177.100,182.13 3 0
pansou/plugin/labi/labi.go:182.13,184.3 1 0
pansou/plugin/labi/labi.go:187.2,188.22 2 0
pansou/plugin/labi/labi.go:188.22,190.3 1 0
pansou/plugin/labi/labi.go:192.2,205.81 8 0
pansou/plugin/labi/labi.go:205.81,207.20 2 0
pansou/plugin/labi/labi.go:207.20,209.4 1 0
pansou/plugin/labi/labi.go:211.2,215.72 3 0
pansou/plugin/labi/labi.go:215.72,217.40 2 0
pansou/plugin/labi/labi.go:217.40,219.4 1 0
pansou/plugin/labi/labi.go:223.2,224.72 2 0
pansou/plugin/labi/labi.go:224.72,226.40 2 0
pansou/plugin/labi/labi.go:226.40,227.80 1 0
pansou/plugin/labi/labi.go:227.80,229.24 2 0
pansou/plugin/labi/labi.go:229.24,231.6 1 0
pansou/plugin/labi/labi.go:237.2,237.102 1 0
pansou/plugin/labi/labi.go:237.102,240.3 2 0
pansou/plugin/labi/labi.go:241.2,245.19 3 0
pansou/plugin/labi/labi.go:245.19,247.3 1 0
pansou/plugin/labi/labi.go:248.2,248.20 1 0
pansou/plugin/labi/labi.go:248.20,250.3 1 0
pansou/plugin/labi/labi.go:251.2,251.21 1 0
pansou/plugin/labi/labi.go:251.21,253.22 2 0
pansou/plugin/labi/labi.go:253.22,255.4 1 0
pansou/plugin/labi/labi.go:256.3,256.60 1 0
pansou/plugin/labi/labi.go:258.2,258.16 1 0
pansou/plugin/labi/labi.go:258.16,260.3 1 0
pansou/plugin/labi/labi.go:262.2,266.15 4 0
pansou/plugin/labi/labi.go:270.118,278.33 5 0
pansou/plugin/labi/labi.go:278.33,280.33 2 0
pansou/plugin/labi/labi.go:280.33,285.17 3 0
pansou/plugin/labi/labi.go:285.17,285.32 1 0
pansou/plugin/labi/labi.go:288.4,289.22 2 0
pansou/plugin/labi/labi.go:289.22,294.5 4 0
pansou/plugin/labi/labi.go:296.4,299.50 2 0
pansou/plugin/labi/labi.go:299.50,300.60 1 0
pansou/plugin/labi/labi.go:300.60,305.6 4 0
pansou/plugin/labi/labi.go:309.4,317.15 6 0
pansou/plugin/labi/labi.go:321.2,322.24 2 0
pansou/plugin/labi/labi.go:326.110,330.34 3 0
pansou/plugin/labi/labi.go:330.34,331.12 1 0
pansou/plugin/labi/labi.go:331.12,335.4 2 0
pansou/plugin/labi/labi.go:338.3,341.43 3 0
pansou/plugin/labi/labi.go:341.43,343.4 1 0
pansou/plugin/labi/labi.go:345.3,345.18 1 0
pansou/plugin/labi/labi.go:345.18,347.4 1 0
pansou/plugin/labi/labi.go:348.3,348.16 1 0
pansou/plugin/labi/labi.go:351.2,351.81 1 0
pansou/plugin/labi/labi.go:355.93,364.16 5 0
pansou/plugin/labi/labi.go:364.16,366.3 1 0
pansou/plugin/labi/labi.go:369.2,377.16 7 0
pansou/plugin/labi/labi.go:377.16,379.3 1 0
pansou/plugin/labi/labi.go:380.2,382.28 2 0
pansou/plugin/labi/labi.go:382.28,384.3 1 0
pansou/plugin/labi/labi.go:386.2,387.16 2 0
pansou/plugin/labi/labi.go:387.16,389.3 1 0
pansou/plugin/labi/labi.go:391.2,394.84 2 0
pansou/plugin/labi/labi.go:394.84,396.93 1 0
pansou/plugin/labi/labi.go:396.93,398.80 1 0
pansou/plugin/labi/labi.go:398.80,405.5 2 0
pansou/plugin/labi/labi.go:409.3,409.60 1 0
pansou/plugin/labi/labi.go:409.60,410.49 1 0
pansou/plugin/labi/labi.go:410.49,412.81 1 0
pansou/plugin/labi/labi.go:412.81,415.41 2 0
pansou/plugin/labi/labi.go:415.41,416.38 1 0
pansou/plugin/labi/labi.go:416.38,418.13 2 0
pansou/plugin/labi/labi.go:422.6,422.22 1 0
pansou/plugin/labi/labi.go:422.22,429.7 2 0
pansou/plugin/labi/labi.go:435.2,435.14 1 0
pansou/plugin/labi/labi.go:439.67,444.35 1 0
pansou/plugin/labi/labi.go:444.35,446.3 1 0
pansou/plugin/labi/labi.go:449.2,449.40 1 0
pansou/plugin/labi/labi.go:453.24,454.11 1 0
pansou/plugin/labi/labi.go:454.11,456.3 1 0
pansou/plugin/labi/labi.go:457.2,457.10 1 0
pansou/plugin/hdr4k/hdr4k.go:53.13,62.2 3 0
pansou/plugin/hdr4k/hdr4k.go:65.26,70.21 3 0
pansou/plugin/hdr4k/hdr4k.go:70.21,76.3 4 0
pansou/plugin/hdr4k/hdr4k.go:80.27,82.2 1 0
pansou/plugin/hdr4k/hdr4k.go:103.46,107.2 1 0
pansou/plugin/hdr4k/hdr4k.go:110.109,112.16 2 0
pansou/plugin/hdr4k/hdr4k.go:112.16,114.3 1 0
pansou/plugin/hdr4k/hdr4k.go:115.2,115.28 1 0
pansou/plugin/hdr4k/hdr4k.go:119.123,121.2 1 0
pansou/plugin/hdr4k/hdr4k.go:124.132,127.16 2 0
pansou/plugin/hdr4k/hdr4k.go:127.16,129.67 1 0
pansou/plugin/hdr4k/hdr4k.go:129.67,132.4 1 0
pansou/plugin/hdr4k/hdr4k.go:136.2,142.16 5 0
pansou/plugin/hdr4k/hdr4k.go:142.16,144.3 1 0
pansou/plugin/hdr4k/hdr4k.go:147.2,153.16 5 0
pansou/plugin/hdr4k/hdr4k.go:153.16,155.3 1 0
pansou/plugin/hdr4k/hdr4k.go:156.2,160.16 3 0
pansou/plugin/hdr4k/hdr4k.go:160.16,162.3 1 0
pansou/plugin/hdr4k/hdr4k.go:165.2,182.73 8 0
pansou/plugin/hdr4k/hdr4k.go:182.73,185.30 2 0
pansou/plugin/hdr4k/hdr4k.go:185.30,187.4 1 0
pansou/plugin/hdr4k/hdr4k.go:190.3,195.18 5 0
pansou/plugin/hdr4k/hdr4k.go:195.18,197.4 1 0
pansou/plugin/hdr4k/hdr4k.go:200.3,207.31 6 0
pansou/plugin/hdr4k/hdr4k.go:207.31,209.80 1 0
pansou/plugin/hdr4k/hdr4k.go:209.80,211.10 2 0
pansou/plugin/hdr4k/hdr4k.go:216.3,216.14 1 0
pansou/plugin/hdr4k/hdr4k.go:216.14,218.4 1 0
pansou/plugin/hdr4k/hdr4k.go:222.2,222.26 1 0
pansou/plugin/hdr4k/hdr4k.go:222.26,225.44 2 0
pansou/plugin/hdr4k/hdr4k.go:225.44,230.17 3 0
pansou/plugin/hdr4k/hdr4k.go:230.17,230.32 1 0
pansou/plugin/hdr4k/hdr4k.go:233.4,234.31 2 0
pansou/plugin/hdr4k/hdr4k.go:234.31,237.5 2 0
pansou/plugin/hdr4k/hdr4k.go:240.4,252.33 9 0
pansou/plugin/hdr4k/hdr4k.go:252.33,254.22 2 0
pansou/plugin/hdr4k/hdr4k.go:254.22,256.20 2 0
pansou/plugin/hdr4k/hdr4k.go:256.20,258.7 1 0
pansou/plugin/hdr4k/hdr4k.go:263.4,265.36 3 0
pansou/plugin/hdr4k/hdr4k.go:265.36,267.23 2 0
pansou/plugin/hdr4k/hdr4k.go:267.23,269.6 1 0
pansou/plugin/hdr4k/hdr4k.go:273.4,274.18 2 0
pansou/plugin/hdr4k/hdr4k.go:274.18,277.5 1 0
pansou/plugin/hdr4k/hdr4k.go:280.4,280.27 1 0
pansou/plugin/hdr4k/hdr4k.go:280.27,282.5 1 0
pansou/plugin/hdr4k/hdr4k.go:285.4,285.42 1 0
pansou/plugin/hdr4k/hdr4k.go:285.42,287.5 1 0
pansou/plugin/hdr4k/hdr4k.go:290.4,299.24 2 0
pansou/plugin/hdr4k/hdr4k.go:304.2,304.12 1 0
pansou/plugin/hdr4k/hdr4k.go:304.12,308.3 3 0
pansou/plugin/hdr4k/hdr4k.go:311.2,312.33 2 0
pansou/plugin/hdr4k/hdr4k.go:312.33,314.3 1 0
pansou/plugin/hdr4k/hdr4k.go:317.2,317.21 1 0
pansou/plugin/hdr4k/hdr4k.go:321.86,325.20 2 0
pansou/plugin/hdr4k/hdr4k.go:325.20,327.3 1 0
pansou/plugin/hdr4k/hdr4k.go:330.2,338.47 2 0
pansou/plugin/hdr4k/hdr4k.go:338.47,339.44 1 0
pansou/plugin/hdr4k/hdr4k.go:339.44,341.4 1 0
pansou/plugin/hdr4k/hdr4k.go:345.2,353.47 2 0
pansou/plugin/hdr4k/hdr4k.go:353.47,354.44 1 0
pansou/plugin/hdr4k/hdr4k.go:354.44,357.4 1 0
pansou/plugin/hdr4k/hdr4k.go:361.2,361.42 1 0
pansou/plugin/hdr4k/hdr4k.go:361.42,363.129 1 0
pansou/plugin/hdr4k/hdr4k.go:363.129,365.4 1 0
pansou/plugin/hdr4k/hdr4k.go:368.2,368.14 1 0
pansou/plugin/hdr4k/hdr4k.go:372.113,377.58 2 0
pansou/plugin/hdr4k/hdr4k.go:377.58,380.52 2 0
pansou/plugin/hdr4k/hdr4k.go:380.52,386.4 2 0
pansou/plugin/hdr4k/hdr4k.go:390.2,394.16 3 0
pansou/plugin/hdr4k/hdr4k.go:394.16,396.3 1 0
pansou/plugin/hdr4k/hdr4k.go:399.2,404.16 4 0
pansou/plugin/hdr4k/hdr4k.go:404.16,406.3 1 0
pansou/plugin/hdr4k/hdr4k.go:407.2,411.16 3 0
pansou/plugin/hdr4k/hdr4k.go:411.16,413.3 1 0
pansou/plugin/hdr4k/hdr4k.go:416.2,425.44 4 0
pansou/plugin/hdr4k/hdr4k.go:425.44,426.71 1 0
pansou/plugin/hdr4k/hdr4k.go:426.71,428.27 1 0
pansou/plugin/hdr4k/hdr4k.go:428.27,433.27 3 0
pansou/plugin/hdr4k/hdr4k.go:433.27,435.6 1 0
pansou/plugin/hdr4k/hdr4k.go:435.11,435.33 1 0
pansou/plugin/hdr4k/hdr4k.go:435.33,437.6 1 0
pansou/plugin/hdr4k/hdr4k.go:441.4,441.75 1 0
pansou/plugin/hdr4k/hdr4k.go:441.75,443.30 2 0
pansou/plugin/hdr4k/hdr4k.go:443.30,445.6 1 0
pansou/plugin/hdr4k/hdr4k.go:448.5,449.29 2 0
pansou/plugin/hdr4k/hdr4k.go:449.29,452.41 2 0
pansou/plugin/hdr4k/hdr4k.go:452.41,453.35 1 0
pansou/plugin/hdr4k/hdr4k.go:453.35,455.13 2 0
pansou/plugin/hdr4k/hdr4k.go:459.6,459.17 1 0
pansou/plugin/hdr4k/hdr4k.go:459.17,466.7 2 0
pansou/plugin/hdr4k/hdr4k.go:473.2,486.34 3 0
pansou/plugin/hdr4k/hdr4k.go:490.71,495.56 2 0
pansou/plugin/hdr4k/hdr4k.go:495.56,497.3 1 0
pansou/plugin/hdr4k/hdr4k.go:499.2,505.9 4 0
pansou/plugin/hdr4k/hdr4k.go:506.50,507.21 1 0
pansou/plugin/hdr4k/hdr4k.go:508.51,509.21 1 0
pansou/plugin/hdr4k/hdr4k.go:510.97,511.22 1 0
pansou/plugin/hdr4k/hdr4k.go:512.52,513.22 1 0
pansou/plugin/hdr4k/hdr4k.go:514.50,515.22 1 0
pansou/plugin/hdr4k/hdr4k.go:516.45,517.19 1 0
pansou/plugin/hdr4k/hdr4k.go:518.49,519.18 1 0
pansou/plugin/hdr4k/hdr4k.go:520.52,521.22 1 0
pansou/plugin/hdr4k/hdr4k.go:522.54,523.22 1 0
pansou/plugin/hdr4k/hdr4k.go:524.44,525.22 1 0
pansou/plugin/hdr4k/hdr4k.go:526.52,527.26 1 0
pansou/plugin/hdr4k/hdr4k.go:528.48,529.19 1 0
pansou/plugin/hdr4k/hdr4k.go:530.50,531.22 1 0
pansou/plugin/hdr4k/hdr4k.go:532.46,533.22 1 0
pansou/plugin/hdr4k/hdr4k.go:534.44,535.20 1 0
pansou/plugin/hdr4k/hdr4k.go:536.10,538.10 1 0
pansou/plugin/hdr4k/hdr4k.go:539.46,540.22 1 0
pansou/plugin/hdr4k/hdr4k.go:541.46,542.23 1 0
pansou/plugin/hdr4k/hdr4k.go:543.46,544.23 1 0
pansou/plugin/hdr4k/hdr4k.go:545.46,546.22 1 0
pansou/plugin/hdr4k/hdr4k.go:547.46,548.23 1 0
pansou/plugin/hdr4k/hdr4k.go:549.43,550.20 1 0
pansou/plugin/hdr4k/hdr4k.go:551.42,552.19 1 0
pansou/plugin/hdr4k/hdr4k.go:553.87,554.23 1 0
pansou/plugin/hdr4k/hdr4k.go:555.46,556.23 1 0
pansou/plugin/hdr4k/hdr4k.go:557.46,558.23 1 0
pansou/plugin/hdr4k/hdr4k.go:559.46,560.27 1 0
pansou/plugin/hdr4k/hdr4k.go:561.43,562.20 1 0
pansou/plugin/hdr4k/hdr4k.go:563.46,564.23 1 0
pansou/plugin/hdr4k/hdr4k.go:565.11,566.23 1 0
pansou/plugin/hdr4k/hdr4k.go:571.2,573.17 2 0
pansou/plugin/hdr4k/hdr4k.go:577.127,581.35 3 0
pansou/plugin/hdr4k/hdr4k.go:581.35,583.12 1 0
pansou/plugin/hdr4k/hdr4k.go:583.12,586.31 2 0
pansou/plugin/hdr4k/hdr4k.go:586.31,588.5 1 0
pansou/plugin/hdr4k/hdr4k.go:589.4,589.23 1 0
pansou/plugin/hdr4k/hdr4k.go:593.3,599.45 3 0
pansou/plugin/hdr4k/hdr4k.go:599.45,600.9 1 0
pansou/plugin/hdr4k/hdr4k.go:604.2,604.18 1 0
pansou/plugin/hdr4k/hdr4k.go:608.61,609.16 1 0
pansou/plugin/hdr4k/hdr4k.go:609.16,611.3 1 0
pansou/plugin/hdr4k/hdr4k.go:614.2,614.39 1 0
pansou/plugin/hdr4k/hdr4k.go:614.39,616.3 1 0
pansou/plugin/hdr4k/hdr4k.go:619.2,622.34 2 0
pansou/plugin/hdr4k/hdr4k.go:626.77,635.33 2 0
pansou/plugin/hdr4k/hdr4k.go:635.33,636.56 1 0
pansou/plugin/hdr4k/hdr4k.go:636.56,638.4 1 0
pansou/plugin/hdr4k/hdr4k.go:641.2,641.73 1 0
pansou/plugin/hdr4k/hdr4k.go:645.58,669.37 3 0
pansou/plugin/hdr4k/hdr4k.go:669.37,671.3 1 0
pansou/plugin/hdr4k/hdr4k.go:674.2,681.34 5 0
pansou/plugin/hunhepan/hunhepan.go:18.13,21.2 1 0
pansou/plugin/hunhepan/hunhepan.go:39.52,43.2 1 0
pansou/plugin/hunhepan/hunhepan.go:46.112,48.16 2 0
pansou/plugin/hunhepan/hunhepan.go:48.16,50.3 1 0
pansou/plugin/hunhepan/hunhepan.go:51.2,51.28 1 0
pansou/plugin/hunhepan/hunhepan.go:55.126,57.2 1 0
pansou/plugin/hunhepan/hunhepan.go:60.135,70.12 5 0
pansou/plugin/hunhepan/hunhepan.go:70.12,73.17 3 0
pansou/plugin/hunhepan/hunhepan.go:73.17,76.4 2 0
pansou/plugin/hunhepan/hunhepan.go:77.3,77.22 1 0
pansou/plugin/hunhepan/hunhepan.go:80.2,80.12 1 0
pansou/plugin/hunhepan/hunhepan.go:80.12,83.17 3 0
pansou/plugin/hunhepan/hunhepan.go:83.17,86.4 2 0
pansou/plugin/hunhepan/hunhepan.go:87.3,87.22 1 0
pansou/plugin/hunhepan/hunhepan.go:90.2,90.12 1 0
pansou/plugin/hunhepan/hunhepan.go:90.12,93.17 3 0
pansou/plugin/hunhepan/hunhepan.go:93.17,96.4 2 0
pansou/plugin/hunhepan/hunhepan.go:97.3,97.22 1 0
pansou/plugin/hunhepan/hunhepan.go:101.2,101.12 1 0
pansou/plugin/hunhepan/hunhepan.go:101.12,105.3 3 0
pansou/plugin/hunhepan/hunhepan.go:108.2,112.32 3 0
pansou/plugin/hunhepan/hunhepan.go:112.32,114.3 1 0
pansou/plugin/hunhepan/hunhepan.go:117.2,117.27 1 0
pansou/plugin/hunhepan/hunhepan.go:117.27,119.3 1 0
pansou/plugin/hunhepan/hunhepan.go:122.2,122.43 1 0
pansou/plugin/hunhepan/hunhepan.go:122.43,124.3 1 0
pansou/plugin/hunhepan/hunhepan.go:127.2,132.21 3 0
pansou/plugin/hunhepan/hunhepan.go:136.110,147.42 5 0
pansou/plugin/hunhepan/hunhepan.go:147.42,150.24 2 0
pansou/plugin/hunhepan/hunhepan.go:150.24,167.18 4 0
pansou/plugin/hunhepan/hunhepan.go:167.18,170.5 2 0
pansou/plugin/hunhepan/hunhepan.go:172.4,173.18 2 0
pansou/plugin/hunhepan/hunhepan.go:173.18,176.5 2 0
pansou/plugin/hunhepan/hunhepan.go:178.4,182.47 3 0
pansou/plugin/hunhepan/hunhepan.go:182.47,184.5 1 0
pansou/plugin/hunhepan/hunhepan.go:184.10,184.53 1 0
pansou/plugin/hunhepan/hunhepan.go:184.53,186.5 1 0
pansou/plugin/hunhepan/hunhepan.go:186.10,186.55 1 0
pansou/plugin/hunhepan/hunhepan.go:186.55,188.5 1 0
pansou/plugin/hunhepan/hunhepan.go:191.4,192.18 2 0
pansou/plugin/hunhepan/hunhepan.go:192.18,195.5 2 0
pansou/plugin/hunhepan/hunhepan.go:196.4,200.18 3 0
pansou/plugin/hunhepan/hunhepan.go:200.18,203.5 2 0
pansou/plugin/hunhepan/hunhepan.go:206.4,207.61 2 0
pansou/plugin/hunhepan/hunhepan.go:207.61,210.5 2 0
pansou/plugin/hunhepan/hunhepan.go:213.4,213.27 1 0
pansou/plugin/hunhepan/hunhepan.go:213.27,216.5 2 0
pansou/plugin/hunhepan/hunhepan.go:219.4,219.35 1 0
pansou/plugin/hunhepan/hunhepan.go:224.2,224.12 1 0
pansou/plugin/hunhepan/hunhepan.go:224.12,228.3 3 0
pansou/plugin/hunhepan/hunhepan.go:231.2,232.32 2 0
pansou/plugin/hunhepan/hunhepan.go:232.32,234.3 1 0
pansou/plugin/hunhepan/hunhepan.go:237.2,238.27 2 0
pansou/plugin/hunhepan/hunhepan.go:238.27,240.3 1 0
pansou/plugin/hunhepan/hunhepan.go:243.2,243.43 1 0
pansou/plugin/hunhepan/hunhepan.go:243.43,245.3 1 0
pansou/plugin/hunhepan/hunhepan.go:247.2,247.22 1 0
pansou/plugin/hunhepan/hunhepan.go:251.85,255.29 2 0
pansou/plugin/hunhepan/hunhepan.go:255.29,262.24 4 0
pansou/plugin/hunhepan/hunhepan.go:262.24,264.4 1 0
pansou/plugin/hunhepan/hunhepan.go:264.9,264.29 1 0
pansou/plugin/hunhepan/hunhepan.go:264.29,267.4 1 0
pansou/plugin/hunhepan/hunhepan.go:267.9,270.4 1 0
pansou/plugin/hunhepan/hunhepan.go:273.3,273.49 1 0
pansou/plugin/hunhepan/hunhepan.go:273.49,279.54 3 0
pansou/plugin/hunhepan/hunhepan.go:279.54,281.5 1 0
pansou/plugin/hunhepan/hunhepan.go:284.4,284.58 1 0
pansou/plugin/hunhepan/hunhepan.go:284.58,286.5 1 0
pansou/plugin/hunhepan/hunhepan.go:288.4,288.32 1 0
pansou/plugin/hunhepan/hunhepan.go:288.32,290.5 1 0
pansou/plugin/hunhepan/hunhepan.go:291.9,293.4 1 0
pansou/plugin/hunhepan/hunhepan.go:297.2,298.33 2 0
pansou/plugin/hunhepan/hunhepan.go:298.33,300.3 1 0
pansou/plugin/hunhepan/hunhepan.go:302.2,302.15 1 0
pansou/plugin/hunhepan/hunhepan.go:306.89,309.29 2 0
pansou/plugin/hunhepan/hunhepan.go:309.29,319.24 3 0
pansou/plugin/hunhepan/hunhepan.go:319.24,322.4 1 0
pansou/plugin/hunhepan/hunhepan.go:325.3,326.28 2 0
pansou/plugin/hunhepan/hunhepan.go:326.28,329.18 2 0
pansou/plugin/hunhepan/hunhepan.go:329.18,331.5 1 0
pansou/plugin/hunhepan/hunhepan.go:335.3,335.24 1 0
pansou/plugin/hunhepan/hunhepan.go:335.24,337.4 1 0
pansou/plugin/hunhepan/hunhepan.go:340.3,348.36 2 0
pansou/plugin/hunhepan/hunhepan.go:351.2,351.16 1 0
pansou/plugin/hunhepan/hunhepan.go:355.71,356.18 1 0
pansou/plugin/hunhepan/hunhepan.go:357.13,358.17 1 0
pansou/plugin/hunhepan/hunhepan.go:359.13,360.18 1 0
pansou/plugin/hunhepan/hunhepan.go:361.15,362.17 1 0
pansou/plugin/hunhepan/hunhepan.go:363.16,364.18 1 0
pansou/plugin/hunhepan/hunhepan.go:365.12,366.14 1 0
pansou/plugin/hunhepan/hunhepan.go:367.16,368.18 1 0
pansou/plugin/hunhepan/hunhepan.go:369.13,370.15 1 0
pansou/plugin/hunhepan/hunhepan.go:371.16,372.18 1 0
pansou/plugin/hunhepan/hunhepan.go:373.16,374.15 1 0
pansou/plugin/hunhepan/hunhepan.go:375.16,376.18 1 0
pansou/plugin/hunhepan/hunhepan.go:377.10,378.18 1 0
pansou/plugin/hunhepan/hunhepan.go:383.38,397.45 3 0
pansou/plugin/hunhepan/hunhepan.go:397.45,399.3 1 0
pansou/plugin/hunhepan/hunhepan.go:402.2,402.34 1 0
pansou/plugin/muou/muou.go:74.13,76.2 1 0
pansou/plugin/muou/muou.go:85.47,98.2 2 0
pansou/plugin/muou/muou.go:101.39,106.2 1 0
pansou/plugin/muou/muou.go:109.108,111.16 2 0
pansou/plugin/muou/muou.go:111.16,113.3 1 0
pansou/plugin/muou/muou.go:114.2,114.28 1 0
pansou/plugin/muou/muou.go:118.122,120.2 1 0
pansou/plugin/muou/muou.go:123.133,127.15 3 0
pansou/plugin/muou/muou.go:127.15,130.3 2 0
pansou/plugin/muou/muou.go:133.2,133.30 1 0
pansou/plugin/muou/muou.go:133.30,135.3 1 0
pansou/plugin/muou/muou.go:138.2,146.16 5 0
pansou/plugin/muou/muou.go:146.16,148.3 1 0
pansou/plugin/muou/muou.go:151.2,161.16 9 0
pansou/plugin/muou/muou.go:161.16,163.3 1 0
pansou/plugin/muou/muou.go:164.2,166.28 2 0
pansou/plugin/muou/muou.go:166.28,168.3 1 0
pansou/plugin/muou/muou.go:171.2,172.16 2 0
pansou/plugin/muou/muou.go:172.16,174.3 1 0
pansou/plugin/muou/muou.go:177.2,179.73 2 0
pansou/plugin/muou/muou.go:179.73,181.28 2 0
pansou/plugin/muou/muou.go:181.28,183.4 1 0
pansou/plugin/muou/muou.go:187.2,190.69 2 0
pansou/plugin/muou/muou.go:194.100,199.13 3 0
pansou/plugin/muou/muou.go:199.13,201.3 1 0
pansou/plugin/muou/muou.go:204.2,205.22 2 0
pansou/plugin/muou/muou.go:205.22,207.3 1 0
pansou/plugin/muou/muou.go:209.2,222.81 8 0
pansou/plugin/muou/muou.go:222.81,224.20 2 0
pansou/plugin/muou/muou.go:224.20,226.4 1 0
pansou/plugin/muou/muou.go:228.2,232.72 3 0
pansou/plugin/muou/muou.go:232.72,234.40 2 0
pansou/plugin/muou/muou.go:234.40,236.4 1 0
pansou/plugin/muou/muou.go:240.2,241.72 2 0
pansou/plugin/muou/muou.go:241.72,243.40 2 0
pansou/plugin/muou/muou.go:243.40,244.80 1 0
pansou/plugin/muou/muou.go:244.80,246.24 2 0
pansou/plugin/muou/muou.go:246.24,248.6 1 0
pansou/plugin/muou/muou.go:254.2,254.102 1 0
pansou/plugin/muou/muou.go:254.102,257.3 2 0
pansou/plugin/muou/muou.go:258.2,262.19 3 0
pansou/plugin/muou/muou.go:262.19,264.3 1 0
pansou/plugin/muou/muou.go:265.2,265.20 1 0
pansou/plugin/muou/muou.go:265.20,267.3 1 0
pansou/plugin/muou/muou.go:268.2,268.21 1 0
pansou/plugin/muou/muou.go:268.21,270.22 2 0
pansou/plugin/muou/muou.go:270.22,272.4 1 0
pansou/plugin/muou/muou.go:273.3,273.60 1 0
pansou/plugin/muou/muou.go:275.2,275.16 1 0
pansou/plugin/muou/muou.go:275.16,277.3 1 0
pansou/plugin/muou/muou.go:279.2,283.15 4 0
pansou/plugin/muou/muou.go:287.118,295.33 5 0
pansou/plugin/muou/muou.go:295.33,297.33 2 0
pansou/plugin/muou/muou.go:297.33,302.17 3 0
pansou/plugin/muou/muou.go:302.17,302.32 1 0
pansou/plugin/muou/muou.go:305.4,306.22 2 0
pansou/plugin/muou/muou.go:306.22,311.5 4 0
pansou/plugin/muou/muou.go:313.4,316.50 2 0
pansou/plugin/muou/muou.go:316.50,317.60 1 0
pansou/plugin/muou/muou.go:317.60,323.6 5 0
pansou/plugin/muou/muou.go:325.4,336.15 7 0
pansou/plugin/muou/muou.go:340.2,341.24 2 0
pansou/plugin/muou/muou.go:345.110,349.34 3 0
pansou/plugin/muou/muou.go:349.34,350.12 1 0
pansou/plugin/muou/muou.go:350.12,354.4 2 0
pansou/plugin/muou/muou.go:357.3,360.43 3 0
pansou/plugin/muou/muou.go:360.43,362.4 1 0
pansou/plugin/muou/muou.go:364.3,364.18 1 0
pansou/plugin/muou/muou.go:364.18,366.4 1 0
pansou/plugin/muou/muou.go:367.3,367.16 1 0
pansou/plugin/muou/muou.go:370.2,370.81 1 0
pansou/plugin/muou/muou.go:374.93,378.15 3 0
pansou/plugin/muou/muou.go:378.15,381.3 2 0
pansou/plugin/muou/muou.go:383.2,391.16 5 0
pansou/plugin/muou/muou.go:391.16,393.3 1 0
pansou/plugin/muou/muou.go:396.2,404.16 7 0
pansou/plugin/muou/muou.go:404.16,406.3 1 0
pansou/plugin/muou/muou.go:407.2,409.28 2 0
pansou/plugin/muou/muou.go:409.28,411.3 1 0
pansou/plugin/muou/muou.go:413.2,414.16 2 0
pansou/plugin/muou/muou.go:414.16,416.3 1 0
pansou/plugin/muou/muou.go:418.2,421.84 2 0
pansou/plugin/muou/muou.go:421.84,423.93 1 0
pansou/plugin/muou/muou.go:423.93,425.41 1 0
pansou/plugin/muou/muou.go:425.41,426.65 1 0
pansou/plugin/muou/muou.go:426.65,433.6 2 0
pansou/plugin/muou/muou.go:438.3,438.60 1 0
pansou/plugin/muou/muou.go:438.60,439.49 1 0
pansou/plugin/muou/muou.go:439.49,441.42 1 0
pansou/plugin/muou/muou.go:441.42,442.66 1 0
pansou/plugin/muou/muou.go:442.66,445.42 2 0
pansou/plugin/muou/muou.go:445.42,446.39 1 0
pansou/plugin/muou/muou.go:446.39,448.14 2 0
pansou/plugin/muou/muou.go:452.7,452.23 1 0
pansou/plugin/muou/muou.go:452.23,459.8 2 0
pansou/plugin/muou/muou.go:466.2,466.14 1 0
pansou/plugin/muou/muou.go:470.67,475.111 1 0
pansou/plugin/muou/muou.go:475.111,477.3 1 0
pansou/plugin/muou/muou.go:480.2,494.33 1 0
pansou/plugin/muou/muou.go:498.64,499.9 1 0
pansou/plugin/muou/muou.go:500.39,501.17 1 0
pansou/plugin/muou/muou.go:502.36,503.14 1 0
pansou/plugin/muou/muou.go:504.39,505.17 1 0
pansou/plugin/muou/muou.go:506.40,507.18 1 0
pansou/plugin/muou/muou.go:508.40,509.18 1 0
pansou/plugin/muou/muou.go:510.40,511.18 1 0
pansou/plugin/muou/muou.go:512.37,513.15 1 0
pansou/plugin/muou/muou.go:514.40,515.18 1 0
pansou/plugin/muou/muou.go:516.40,517.18 1 0
pansou/plugin/muou/muou.go:518.40,519.18 1 0
pansou/plugin/muou/muou.go:520.44,521.22 1 0
pansou/plugin/muou/muou.go:522.37,523.15 1 0
pansou/plugin/muou/muou.go:524.40,525.18 1 0
pansou/plugin/muou/muou.go:526.40,527.18 1 0
pansou/plugin/muou/muou.go:528.38,529.16 1 0
pansou/plugin/muou/muou.go:530.10,531.12 1 0
pansou/plugin/muou/muou.go:536.24,537.11 1 0
pansou/plugin/muou/muou.go:537.11,539.3 1 0
pansou/plugin/muou/muou.go:540.2,540.10 1 0
pansou/plugin/muou/muou.go:544.72,553.29 8 0
pansou/plugin/muou/muou.go:553.29,555.3 1 0
pansou/plugin/muou/muou.go:556.2,556.29 1 0
pansou/plugin/muou/muou.go:556.29,558.3 1 0
pansou/plugin/muou/muou.go:559.2,559.41 1 0
pansou/plugin/muou/muou.go:559.41,561.3 1 0
pansou/plugin/muou/muou.go:563.2,573.3 1 0
pansou/plugin/pansearch/pansearch.go:35.13,41.2 2 0
pansou/plugin/pansearch/pansearch.go:44.26,49.21 3 0
pansou/plugin/pansearch/pansearch.go:49.21,53.3 2 0
pansou/plugin/pansearch/pansearch.go:132.42,138.2 1 0
pansou/plugin/pansearch/pansearch.go:141.116,142.37 1 0
pansou/plugin/pansearch/pansearch.go:142.37,144.13 2 0
pansou/plugin/pansearch/pansearch.go:144.13,146.8 2 0
pansou/plugin/pansearch/pansearch.go:146.8,147.12 1 0
pansou/plugin/pansearch/pansearch.go:148.33,149.13 1 0
pansou/plugin/pansearch/pansearch.go:149.13,151.7 1 0
pansou/plugin/pansearch/pansearch.go:153.6,154.20 2 0
pansou/plugin/pansearch/pansearch.go:154.20,155.14 1 0
pansou/plugin/pansearch/pansearch.go:156.29,156.29 0 0
pansou/plugin/pansearch/pansearch.go:158.15,160.51 1 0
pansou/plugin/pansearch/pansearch.go:162.12,163.14 1 0
pansou/plugin/pansearch/pansearch.go:164.33,164.33 0 0
pansou/plugin/pansearch/pansearch.go:166.15,168.42 1 0
pansou/plugin/pansearch/pansearch.go:172.23,173.12 1 0
pansou/plugin/pansearch/pansearch.go:181.46,186.22 3 0
pansou/plugin/pansearch/pansearch.go:186.22,188.3 1 0
pansou/plugin/pansearch/pansearch.go:190.2,190.9 1 0
pansou/plugin/pansearch/pansearch.go:191.24,192.14 1 0
pansou/plugin/pansearch/pansearch.go:193.10,195.15 1 0
pansou/plugin/pansearch/pansearch.go:200.31,202.23 2 0
pansou/plugin/pansearch/pansearch.go:202.23,205.3 2 0
pansou/plugin/pansearch/pansearch.go:206.2,214.9 5 0
pansou/plugin/pansearch/pansearch.go:215.29,216.9 1 0
pansou/plugin/pansearch/pansearch.go:216.9,218.4 1 0
pansou/plugin/pansearch/pansearch.go:219.10,220.20 1 0
pansou/plugin/pansearch/pansearch.go:223.2,223.9 1 0
pansou/plugin/pansearch/pansearch.go:224.28,225.9 1 0
pansou/plugin/pansearch/pansearch.go:225.9,227.4 1 0
pansou/plugin/pansearch/pansearch.go:228.10,229.19 1 0
pansou/plugin/pansearch/pansearch.go:234.49,248.12 4 0
pansou/plugin/pansearch/pansearch.go:248.12,250.17 2 0
pansou/plugin/pansearch/pansearch.go:250.17,252.4 1 0
pansou/plugin/pansearch/pansearch.go:256.2,258.10 2 0
pansou/plugin/pansearch/pansearch.go:262.54,267.21 3 0
pansou/plugin/pansearch/pansearch.go:267.21,269.3 1 0
pansou/plugin/pansearch/pansearch.go:273.48,280.16 4 0
pansou/plugin/pansearch/pansearch.go:280.16,283.3 2 0
pansou/plugin/pansearch/pansearch.go:286.2,294.16 8 0
pansou/plugin/pansearch/pansearch.go:294.16,297.3 2 0
pansou/plugin/pansearch/pansearch.go:298.2,300.28 2 0
pansou/plugin/pansearch/pansearch.go:300.28,303.3 2 0
pansou/plugin/pansearch/pansearch.go:306.2,308.16 3 0
pansou/plugin/pansearch/pansearch.go:308.16,311.3 2 0
pansou/plugin/pansearch/pansearch.go:312.2,316.22 3 0
pansou/plugin/pansearch/pansearch.go:316.22,319.3 2 0
pansou/plugin/pansearch/pansearch.go:322.2,326.52 3 0
pansou/plugin/pansearch/pansearch.go:326.52,330.3 3 0
pansou/plugin/pansearch/pansearch.go:334.41,338.23 2 0
pansou/plugin/pansearch/pansearch.go:338.23,340.3 1 0
pansou/plugin/pansearch/pansearch.go:343.2,345.29 2 0
pansou/plugin/pansearch/pansearch.go:345.29,347.77 2 0
pansou/plugin/pansearch/pansearch.go:347.77,348.72 1 0
pansou/plugin/pansearch/pansearch.go:348.72,350.5 1 0
pansou/plugin/pansearch/pansearch.go:354.2,354.11 1 0
pansou/plugin/pansearch/pansearch.go:358.46,360.2 1 0
pansou/plugin/pansearch/pansearch.go:363.47,365.2 1 0
pansou/plugin/pansearch/pansearch.go:368.61,371.91 2 0
pansou/plugin/pansearch/pansearch.go:371.91,374.3 2 0
pansou/plugin/pansearch/pansearch.go:375.2,382.91 4 0
pansou/plugin/pansearch/pansearch.go:382.91,384.3 1 0
pansou/plugin/pansearch/pansearch.go:387.2,392.16 4 0
pansou/plugin/pansearch/pansearch.go:392.16,394.25 1 0
pansou/plugin/pansearch/pansearch.go:394.25,397.4 2 0
pansou/plugin/pansearch/pansearch.go:398.3,398.55 1 0
pansou/plugin/pansearch/pansearch.go:402.2,413.46 9 0
pansou/plugin/pansearch/pansearch.go:413.46,414.16 1 0
pansou/plugin/pansearch/pansearch.go:414.16,418.4 2 0
pansou/plugin/pansearch/pansearch.go:420.3,421.47 2 0
pansou/plugin/pansearch/pansearch.go:421.47,422.9 1 0
pansou/plugin/pansearch/pansearch.go:425.3,425.18 1 0
pansou/plugin/pansearch/pansearch.go:425.18,427.4 1 0
pansou/plugin/pansearch/pansearch.go:431.2,431.35 1 0
pansou/plugin/pansearch/pansearch.go:431.35,432.25 1 0
pansou/plugin/pansearch/pansearch.go:432.25,435.4 2 0
pansou/plugin/pansearch/pansearch.go:436.3,436.53 1 0
pansou/plugin/pansearch/pansearch.go:438.2,440.28 2 0
pansou/plugin/pansearch/pansearch.go:440.28,442.25 1 0
pansou/plugin/pansearch/pansearch.go:442.25,445.4 2 0
pansou/plugin/pansearch/pansearch.go:446.3,446.95 1 0
pansou/plugin/pansearch/pansearch.go:450.2,452.16 3 0
pansou/plugin/pansearch/pansearch.go:452.16,454.25 1 0
pansou/plugin/pansearch/pansearch.go:454.25,457.4 2 0
pansou/plugin/pansearch/pansearch.go:458.3,458.55 1 0
pansou/plugin/pansearch/pansearch.go:460.2,466.19 3 0
pansou/plugin/pansearch/pansearch.go:466.19,467.25 1 0
pansou/plugin/pansearch/pansearch.go:467.25,470.4 2 0
pansou/plugin/pansearch/pansearch.go:471.3,471.44 1 0
pansou/plugin/pansearch/pansearch.go:475.2,478.21 3 0
pansou/plugin/pansearch/pansearch.go:482.80,484.16 2 0
pansou/plugin/pansearch/pansearch.go:484.16,486.3 1 0
pansou/plugin/pansearch/pansearch.go:488.2,488.51 1 0
pansou/plugin/pansearch/pansearch.go:492.113,494.16 2 0
pansou/plugin/pansearch/pansearch.go:494.16,496.3 1 0
pansou/plugin/pansearch/pansearch.go:497.2,497.28 1 0
pansou/plugin/pansearch/pansearch.go:501.127,503.2 1 0
pansou/plugin/pansearch/pansearch.go:506.136,509.16 2 0
pansou/plugin/pansearch/pansearch.go:509.16,511.3 1 0
pansou/plugin/pansearch/pansearch.go:514.2,515.16 2 0
pansou/plugin/pansearch/pansearch.go:515.16,517.89 1 0
pansou/plugin/pansearch/pansearch.go:517.89,528.18 7 0
pansou/plugin/pansearch/pansearch.go:528.18,530.5 1 0
pansou/plugin/pansearch/pansearch.go:533.4,534.18 2 0
pansou/plugin/pansearch/pansearch.go:534.18,536.5 1 0
pansou/plugin/pansearch/pansearch.go:539.4,539.24 1 0
pansou/plugin/pansearch/pansearch.go:540.9,542.4 1 0
pansou/plugin/pansearch/pansearch.go:545.2,549.27 3 0
pansou/plugin/pansearch/pansearch.go:549.27,559.3 3 0
pansou/plugin/pansearch/pansearch.go:562.2,565.22 2 0
pansou/plugin/pansearch/pansearch.go:565.22,575.3 3 0
pansou/plugin/pansearch/pansearch.go:578.2,591.83 6 0
pansou/plugin/pansearch/pansearch.go:591.83,595.47 3 0
pansou/plugin/pansearch/pansearch.go:595.47,597.33 1 0
pansou/plugin/pansearch/pansearch.go:597.33,599.13 2 0
pansou/plugin/pansearch/pansearch.go:602.4,603.18 2 0
pansou/plugin/pansearch/pansearch.go:603.18,604.10 1 0
pansou/plugin/pansearch/pansearch.go:608.4,608.90 1 0
pansou/plugin/pansearch/pansearch.go:608.90,610.35 1 0
pansou/plugin/pansearch/pansearch.go:610.35,613.16 2 0
pansou/plugin/pansearch/pansearch.go:613.16,621.41 6 0
pansou/plugin/pansearch/pansearch.go:621.41,625.8 2 0
pansou/plugin/pansearch/pansearch.go:628.7,628.38 1 0
pansou/plugin/pansearch/pansearch.go:633.5,633.58 1 0
pansou/plugin/pansearch/pansearch.go:633.58,635.6 1 0
pansou/plugin/pansearch/pansearch.go:638.5,638.34 1 0
pansou/plugin/pansearch/pansearch.go:638.34,640.6 1 0
pansou/plugin/pansearch/pansearch.go:643.5,643.13 1 0
pansou/plugin/pansearch/pansearch.go:646.4,646.25 1 0
pansou/plugin/pansearch/pansearch.go:646.25,648.12 1 0
pansou/plugin/pansearch/pansearch.go:649.73,649.73 0 0
pansou/plugin/pansearch/pansearch.go:651.23,652.36 1 0
pansou/plugin/pansearch/pansearch.go:657.3,657.17 1 0
pansou/plugin/pansearch/pansearch.go:657.17,659.4 1 0
pansou/plugin/pansearch/pansearch.go:661.3,661.68 1 0
pansou/plugin/pansearch/pansearch.go:665.2,670.19 3 0
pansou/plugin/pansearch/pansearch.go:670.19,672.3 1 0
pansou/plugin/pansearch/pansearch.go:675.2,675.46 1 0
pansou/plugin/pansearch/pansearch.go:675.46,677.10 1 0
pansou/plugin/pansearch/pansearch.go:678.21,680.23 1 0
pansou/plugin/pansearch/pansearch.go:681.11,681.11 0 0
pansou/plugin/pansearch/pansearch.go:685.3,686.24 2 0
pansou/plugin/pansearch/pansearch.go:686.24,688.4 1 0
pansou/plugin/pansearch/pansearch.go:691.3,691.28 1 0
pansou/plugin/pansearch/pansearch.go:691.28,693.29 2 0
pansou/plugin/pansearch/pansearch.go:693.29,701.35 2 0
pansou/plugin/pansearch/pansearch.go:701.35,703.25 2 0
pansou/plugin/pansearch/pansearch.go:706.5,706.21 1 0
pansou/plugin/pansearch/pansearch.go:711.3,711.51 1 0
pansou/plugin/pansearch/pansearch.go:711.51,712.11 1 0
pansou/plugin/pansearch/pansearch.go:713.45,713.45 0 0
pansou/plugin/pansearch/pansearch.go:715.22,717.24 1 0
pansou/plugin/pansearch/pansearch.go:724.2,732.46 5 0
pansou/plugin/pansearch/pansearch.go:732.46,733.10 1 0
pansou/plugin/pansearch/pansearch.go:734.45,735.11 1 0
pansou/plugin/pansearch/pansearch.go:735.11,737.24 1 0
pansou/plugin/pansearch/pansearch.go:739.4,740.17 2 0
pansou/plugin/pansearch/pansearch.go:742.41,743.11 1 0
pansou/plugin/pansearch/pansearch.go:743.11,745.24 1 0
pansou/plugin/pansearch/pansearch.go:747.4,748.19 2 0
pansou/plugin/pansearch/pansearch.go:750.21,760.61 3 0
pansou/plugin/pansearch/pansearch.go:766.2,766.100 1 0
pansou/plugin/pansearch/pansearch.go:766.100,776.3 3 0
pansou/plugin/pansearch/pansearch.go:779.2,788.21 4 0
pansou/plugin/pansearch/pansearch.go:792.130,802.16 5 0
pansou/plugin/pansearch/pansearch.go:802.16,804.3 1 0
pansou/plugin/pansearch/pansearch.go:807.2,817.16 9 0
pansou/plugin/pansearch/pansearch.go:817.16,819.3 1 0
pansou/plugin/pansearch/pansearch.go:820.2,823.28 2 0
pansou/plugin/pansearch/pansearch.go:823.28,825.3 1 0
pansou/plugin/pansearch/pansearch.go:827.2,827.28 1 0
pansou/plugin/pansearch/pansearch.go:827.28,829.3 1 0
pansou/plugin/pansearch/pansearch.go:832.2,833.16 2 0
pansou/plugin/pansearch/pansearch.go:833.16,835.3 1 0
pansou/plugin/pansearch/pansearch.go:838.2,839.59 2 0
pansou/plugin/pansearch/pansearch.go:839.59,841.3 1 0
pansou/plugin/pansearch/pansearch.go:844.2,847.26 3 0
pansou/plugin/pansearch/pansearch.go:851.111,861.16 5 0
pansou/plugin/pansearch/pansearch.go:861.16,863.3 1 0
pansou/plugin/pansearch/pansearch.go:866.2,876.16 9 0
pansou/plugin/pansearch/pansearch.go:876.16,878.3 1 0
pansou/plugin/pansearch/pansearch.go:879.2,882.28 2 0
pansou/plugin/pansearch/pansearch.go:882.28,884.3 1 0
pansou/plugin/pansearch/pansearch.go:886.2,886.28 1 0
pansou/plugin/pansearch/pansearch.go:886.28,888.3 1 0
pansou/plugin/pansearch/pansearch.go:891.2,892.16 2 0
pansou/plugin/pansearch/pansearch.go:892.16,894.3 1 0
pansou/plugin/pansearch/pansearch.go:897.2,898.59 2 0
pansou/plugin/pansearch/pansearch.go:898.59,900.3 1 0
pansou/plugin/pansearch/pansearch.go:902.2,902.41 1 0
pansou/plugin/pansearch/pansearch.go:906.88,910.29 2 0
pansou/plugin/pansearch/pansearch.go:910.29,912.3 1 0
pansou/plugin/pansearch/pansearch.go:915.2,916.33 2 0
pansou/plugin/pansearch/pansearch.go:916.33,918.3 1 0
pansou/plugin/pansearch/pansearch.go:920.2,920.15 1 0
pansou/plugin/pansearch/pansearch.go:924.107,927.29 2 0
pansou/plugin/pansearch/pansearch.go:927.29,934.32 3 0
pansou/plugin/pansearch/pansearch.go:934.32,936.4 1 0
pansou/plugin/pansearch/pansearch.go:939.3,950.22 4 0
pansou/plugin/pansearch/pansearch.go:950.22,953.18 2 0
pansou/plugin/pansearch/pansearch.go:953.18,955.5 1 0
pansou/plugin/pansearch/pansearch.go:959.3,959.24 1 0
pansou/plugin/pansearch/pansearch.go:959.24,961.4 1 0
pansou/plugin/pansearch/pansearch.go:964.3,972.36 2 0
pansou/plugin/pansearch/pansearch.go:975.2,975.16 1 0
pansou/plugin/pansearch/pansearch.go:985.54,995.26 3 0
pansou/plugin/pansearch/pansearch.go:995.26,998.25 3 0
pansou/plugin/pansearch/pansearch.go:998.25,1000.4 1 0
pansou/plugin/pansearch/pansearch.go:1004.2,1005.20 2 0
pansou/plugin/pansearch/pansearch.go:1005.20,1008.24 3 0
pansou/plugin/pansearch/pansearch.go:1008.24,1010.4 1 0
pansou/plugin/pansearch/pansearch.go:1010.9,1013.25 2 0
pansou/plugin/pansearch/pansearch.go:1013.25,1015.5 1 0
pansou/plugin/pansearch/pansearch.go:1015.10,1018.5 1 0
pansou/plugin/pansearch/pansearch.go:1022.2,1022.17 1 0
pansou/plugin/pansearch/pansearch.go:1026.58,1031.27 3 0
pansou/plugin/pansearch/pansearch.go:1031.27,1033.3 1 0
pansou/plugin/pansearch/pansearch.go:1035.2,1037.25 3 0
pansou/plugin/pansearch/pansearch.go:1037.25,1039.3 1 0
pansou/plugin/pansearch/pansearch.go:1041.2,1041.76 1 0
pansou/plugin/pansearch/pansearch.go:1045.36,1061.45 3 0
pansou/plugin/pansearch/pansearch.go:1061.45,1063.3 1 0
pansou/plugin/pansearch/pansearch.go:1066.2,1066.6 1 0
pansou/plugin/pansearch/pansearch.go:1066.6,1068.23 2 0
pansou/plugin/pansearch/pansearch.go:1068.23,1069.9 1 0
pansou/plugin/pansearch/pansearch.go:1072.3,1073.21 2 0
pansou/plugin/pansearch/pansearch.go:1073.21,1074.9 1 0
pansou/plugin/pansearch/pansearch.go:1077.3,1077.64 1 0
pansou/plugin/pansearch/pansearch.go:1080.2,1080.34 1 0
pansou/plugin/pansearch/pansearch.go:1084.24,1085.11 1 0
pansou/plugin/pansearch/pansearch.go:1085.11,1087.3 1 0
pansou/plugin/pansearch/pansearch.go:1088.2,1088.10 1 0
pansou/plugin/pan666/pan666.go:20.13,23.2 1 0
pansou/plugin/pan666/pan666.go:51.48,56.2 1 0
pansou/plugin/pan666/pan666.go:59.110,61.16 2 0
pansou/plugin/pan666/pan666.go:61.16,63.3 1 0
pansou/plugin/pan666/pan666.go:64.2,64.28 1 0
pansou/plugin/pan666/pan666.go:68.124,70.2 1 0
pansou/plugin/pan666/pan666.go:73.133,79.16 3 0
pansou/plugin/pan666/pan666.go:79.16,81.3 1 0
pansou/plugin/pan666/pan666.go:84.2,89.29 3 0
pansou/plugin/pan666/pan666.go:93.141,103.33 3 0
pansou/plugin/pan666/pan666.go:103.33,107.34 3 0
pansou/plugin/pan666/pan666.go:107.34,111.17 2 0
pansou/plugin/pan666/pan666.go:111.17,115.5 2 0
pansou/plugin/pan666/pan666.go:118.4,130.5 2 0
pansou/plugin/pan666/pan666.go:135.2,135.12 1 0
pansou/plugin/pan666/pan666.go:135.12,138.3 2 0
pansou/plugin/pan666/pan666.go:141.2,144.33 3 0
pansou/plugin/pan666/pan666.go:144.33,145.24 1 0
pansou/plugin/pan666/pan666.go:145.24,147.4 1 0
pansou/plugin/pan666/pan666.go:149.3,150.38 2 0
pansou/plugin/pan666/pan666.go:153.2,153.33 1 0
pansou/plugin/pan666/pan666.go:157.99,161.33 3 0
pansou/plugin/pan666/pan666.go:161.33,162.29 1 0
pansou/plugin/pan666/pan666.go:162.29,165.4 2 0
pansou/plugin/pan666/pan666.go:169.2,169.41 1 0
pansou/plugin/pan666/pan666.go:169.41,171.3 1 0
pansou/plugin/pan666/pan666.go:173.2,173.15 1 0
pansou/plugin/pan666/pan666.go:177.124,184.16 3 0
pansou/plugin/pan666/pan666.go:184.16,186.3 1 0
pansou/plugin/pan666/pan666.go:189.2,202.34 11 0
pansou/plugin/pan666/pan666.go:202.34,205.17 2 0
pansou/plugin/pan666/pan666.go:205.17,206.22 1 0
pansou/plugin/pan666/pan666.go:206.22,208.5 1 0
pansou/plugin/pan666/pan666.go:209.4,210.12 2 0
pansou/plugin/pan666/pan666.go:213.3,217.17 3 0
pansou/plugin/pan666/pan666.go:217.17,218.22 1 0
pansou/plugin/pan666/pan666.go:218.22,220.5 1 0
pansou/plugin/pan666/pan666.go:221.4,222.12 2 0
pansou/plugin/pan666/pan666.go:226.3,226.39 1 0
pansou/plugin/pan666/pan666.go:226.39,227.22 1 0
pansou/plugin/pan666/pan666.go:227.22,229.5 1 0
pansou/plugin/pan666/pan666.go:230.4,231.12 2 0
pansou/plugin/pan666/pan666.go:235.3,235.8 1 0
pansou/plugin/pan666/pan666.go:239.2,240.63 2 0
pansou/plugin/pan666/pan666.go:240.63,242.3 1 0
pansou/plugin/pan666/pan666.go:245.2,249.40 3 0
pansou/plugin/pan666/pan666.go:249.40,251.3 1 0
pansou/plugin/pan666/pan666.go:254.2,254.42 1 0
pansou/plugin/pan666/pan666.go:254.42,258.10 3 0
pansou/plugin/pan666/pan666.go:258.10,259.12 1 0
pansou/plugin/pan666/pan666.go:263.3,267.22 3 0
pansou/plugin/pan666/pan666.go:267.22,269.4 1 0
pansou/plugin/pan666/pan666.go:272.3,272.22 1 0
pansou/plugin/pan666/pan666.go:272.22,273.12 1 0
pansou/plugin/pan666/pan666.go:277.3,278.17 2 0
pansou/plugin/pan666/pan666.go:278.17,280.4 1 0
pansou/plugin/pan666/pan666.go:283.3,293.36 3 0
pansou/plugin/pan666/pan666.go:297.2,299.30 2 0
pansou/plugin/pan666/pan666.go:303.32,309.2 1 0
pansou/plugin/pan666/pan666.go:312.27,314.2 1 0
pansou/plugin/pan666/pan666.go:317.48,337.2 10 0
pansou/plugin/pan666/pan666.go:340.88,344.29 3 0
pansou/plugin/pan666/pan666.go:344.29,345.38 1 0
pansou/plugin/pan666/pan666.go:345.38,349.91 2 0
pansou/plugin/pan666/pan666.go:349.91,352.34 3 0
pansou/plugin/pan666/pan666.go:352.34,357.6 3 0
pansou/plugin/pan666/pan666.go:360.4,361.31 2 0
pansou/plugin/pan666/pan666.go:365.2,365.14 1 0
pansou/plugin/pan666/pan666.go:369.58,373.15 3 0
pansou/plugin/pan666/pan666.go:373.15,375.3 1 0
pansou/plugin/pan666/pan666.go:378.2,380.38 3 0
pansou/plugin/pan666/pan666.go:380.38,382.33 2 0
pansou/plugin/pan666/pan666.go:382.33,384.4 1 0
pansou/plugin/pan666/pan666.go:388.2,393.43 4 0
pansou/plugin/pan666/pan666.go:393.43,395.25 2 0
pansou/plugin/pan666/pan666.go:395.25,400.9 5 0
pansou/plugin/pan666/pan666.go:405.2,405.25 1 0
pansou/plugin/pan666/pan666.go:405.25,407.3 1 0
pansou/plugin/pan666/pan666.go:409.2,409.13 1 0
pansou/plugin/pan666/pan666.go:413.36,423.25 6 0
pansou/plugin/pan666/pan666.go:423.25,424.15 1 0
pansou/plugin/pan666/pan666.go:424.15,426.12 2 0
pansou/plugin/pan666/pan666.go:428.3,428.15 1 0
pansou/plugin/pan666/pan666.go:428.15,430.12 2 0
pansou/plugin/pan666/pan666.go:432.3,432.13 1 0
pansou/plugin/pan666/pan666.go:432.13,434.4 1 0
pansou/plugin/pan666/pan666.go:438.2,451.29 11 0
pansou/plugin/pan666/pan666.go:451.29,453.20 2 0
pansou/plugin/pan666/pan666.go:453.20,455.4 1 0
pansou/plugin/pan666/pan666.go:458.2,458.41 1 0
pansou/plugin/pan666/pan666.go:462.56,482.29 5 0
pansou/plugin/pan666/pan666.go:482.29,487.46 2 0
pansou/plugin/pan666/pan666.go:487.46,489.17 2 0
pansou/plugin/pan666/pan666.go:489.17,499.5 1 0
pansou/plugin/pan666/pan666.go:503.3,503.48 1 0
pansou/plugin/pan666/pan666.go:503.48,505.17 2 0
pansou/plugin/pan666/pan666.go:505.17,515.5 1 0
pansou/plugin/pan666/pan666.go:519.3,519.39 1 0
pansou/plugin/pan666/pan666.go:519.39,521.17 2 0
pansou/plugin/pan666/pan666.go:521.17,531.5 1 0
pansou/plugin/pan666/pan666.go:535.3,535.45 1 0
pansou/plugin/pan666/pan666.go:535.45,537.17 2 0
pansou/plugin/pan666/pan666.go:537.17,547.5 1 0
pansou/plugin/pan666/pan666.go:551.3,552.44 2 0
pansou/plugin/pan666/pan666.go:552.44,553.39 1 0
pansou/plugin/pan666/pan666.go:553.39,556.23 2 0
pansou/plugin/pan666/pan666.go:556.23,558.6 1 0
pansou/plugin/pan666/pan666.go:560.5,560.49 1 0
pansou/plugin/pan666/pan666.go:560.49,563.29 2 0
pansou/plugin/pan666/pan666.go:563.29,573.7 1 0
pansou/plugin/pan666/pan666.go:580.2,580.27 1 0
pansou/plugin/pan666/pan666.go:580.27,583.21 2 0
pansou/plugin/pan666/pan666.go:583.21,585.12 2 0
pansou/plugin/pan666/pan666.go:589.3,592.40 3 0
pansou/plugin/pan666/pan666.go:592.40,596.105 2 0
pansou/plugin/pan666/pan666.go:596.105,598.5 1 0
pansou/plugin/pan666/pan666.go:598.10,598.113 1 0
pansou/plugin/pan666/pan666.go:598.113,600.5 1 0
pansou/plugin/pan666/pan666.go:600.10,600.78 1 0
pansou/plugin/pan666/pan666.go:600.78,602.5 1 0
pansou/plugin/pan666/pan666.go:602.10,602.113 1 0
pansou/plugin/pan666/pan666.go:602.113,604.5 1 0
pansou/plugin/pan666/pan666.go:606.4,606.13 1 0
pansou/plugin/pan666/pan666.go:606.13,608.31 2 0
pansou/plugin/pan666/pan666.go:608.31,611.6 2 0
pansou/plugin/pan666/pan666.go:616.3,616.23 1 0
pansou/plugin/pan666/pan666.go:616.23,618.4 1 0
pansou/plugin/pan666/pan666.go:622.2,622.33 1 0
pansou/plugin/pan666/pan666.go:622.33,624.3 1 0
pansou/plugin/pan666/pan666.go:626.2,626.17 1 0
pansou/plugin/pan666/pan666.go:630.45,635.37 3 0
pansou/plugin/pan666/pan666.go:635.37,637.16 2 0
pansou/plugin/pan666/pan666.go:637.16,639.9 2 0
pansou/plugin/pan666/pan666.go:643.2,643.17 1 0
pansou/plugin/pan666/pan666.go:643.17,645.3 1 0
pansou/plugin/pan666/pan666.go:648.2,651.32 3 0
pansou/plugin/pan666/pan666.go:651.32,653.35 2 0
pansou/plugin/pan666/pan666.go:653.35,655.4 1 0
pansou/plugin/pan666/pan666.go:658.2,658.24 1 0
pansou/plugin/pan666/pan666.go:662.48,666.34 2 0
pansou/plugin/pan666/pan666.go:666.34,668.16 2 0
pansou/plugin/pan666/pan666.go:668.16,673.38 3 0
pansou/plugin/pan666/pan666.go:673.38,674.39 1 0
pansou/plugin/pan666/pan666.go:674.39,676.11 2 0
pansou/plugin/pan666/pan666.go:680.4,680.19 1 0
pansou/plugin/pan666/pan666.go:680.19,682.5 1 0
pansou/plugin/pan666/pan666.go:686.2,686.11 1 0
pansou/plugin/pan666/pan666.go:690.21,691.11 1 0
pansou/plugin/pan666/pan666.go:691.11,693.3 1 0
pansou/plugin/pan666/pan666.go:694.2,694.10 1 0
pansou/plugin/panta/panta.go:168.13,171.2 1 0
pansou/plugin/panta/panta.go:174.46,188.2 3 0
pansou/plugin/panta/panta.go:191.26,196.21 3 0
pansou/plugin/panta/panta.go:196.21,206.3 8 0
pansou/plugin/panta/panta.go:210.42,212.2 1 0
pansou/plugin/panta/panta.go:215.43,217.2 1 0
pansou/plugin/panta/panta.go:220.109,222.16 2 0
pansou/plugin/panta/panta.go:222.16,224.3 1 0
pansou/plugin/panta/panta.go:225.2,225.28 1 0
pansou/plugin/panta/panta.go:229.123,231.2 1 0
pansou/plugin/panta/panta.go:234.132,247.16 6 0
pansou/plugin/panta/panta.go:247.16,249.3 1 0
pansou/plugin/panta/panta.go:252.2,262.16 9 0
pansou/plugin/panta/panta.go:262.16,264.3 1 0
pansou/plugin/panta/panta.go:265.2,268.38 2 0
pansou/plugin/panta/panta.go:268.38,270.3 1 0
pansou/plugin/panta/panta.go:273.2,274.16 2 0
pansou/plugin/panta/panta.go:274.16,276.3 1 0
pansou/plugin/panta/panta.go:279.2,280.16 2 0
pansou/plugin/panta/panta.go:280.16,282.3 1 0
pansou/plugin/panta/panta.go:285.2,287.29 2 0
pansou/plugin/panta/panta.go:291.121,306.67 7 0
pansou/plugin/panta/panta.go:306.67,308.3 1 0
pansou/plugin/panta/panta.go:311.2,311.26 1 0
pansou/plugin/panta/panta.go:311.26,313.3 1 0
pansou/plugin/panta/panta.go:316.2,319.31 2 0
pansou/plugin/panta/panta.go:319.31,323.44 2 0
pansou/plugin/panta/panta.go:323.44,328.17 3 0
pansou/plugin/panta/panta.go:328.17,328.32 1 0
pansou/plugin/panta/panta.go:331.4,336.15 4 0
pansou/plugin/panta/panta.go:336.15,338.5 1 0
pansou/plugin/panta/panta.go:341.4,342.51 2 0
pansou/plugin/panta/panta.go:342.51,344.5 1 0
pansou/plugin/panta/panta.go:344.10,346.23 2 0
pansou/plugin/panta/panta.go:346.23,348.6 1 0
pansou/plugin/panta/panta.go:349.5,350.38 2 0
pansou/plugin/panta/panta.go:354.4,364.62 5 0
pansou/plugin/panta/panta.go:364.62,366.5 1 0
pansou/plugin/panta/panta.go:366.10,368.28 2 0
pansou/plugin/panta/panta.go:368.28,371.20 3 0
pansou/plugin/panta/panta.go:371.20,373.7 1 0
pansou/plugin/panta/panta.go:373.12,375.7 1 0
pansou/plugin/panta/panta.go:376.11,378.6 1 0
pansou/plugin/panta/panta.go:379.5,379.48 1 0
pansou/plugin/panta/panta.go:383.4,384.51 2 0
pansou/plugin/panta/panta.go:384.51,386.5 1 0
pansou/plugin/panta/panta.go:386.10,388.28 2 0
pansou/plugin/panta/panta.go:388.28,390.6 1 0
pansou/plugin/panta/panta.go:391.5,391.42 1 0
pansou/plugin/panta/panta.go:395.4,401.28 3 0
pansou/plugin/panta/panta.go:401.28,403.50 1 0
pansou/plugin/panta/panta.go:403.50,404.19 1 0
pansou/plugin/panta/panta.go:404.19,408.7 2 0
pansou/plugin/panta/panta.go:410.6,411.44 2 0
pansou/plugin/panta/panta.go:411.44,413.12 2 0
pansou/plugin/panta/panta.go:419.4,419.36 1 0
pansou/plugin/panta/panta.go:419.36,421.5 1 0
pansou/plugin/panta/panta.go:424.4,424.22 1 0
pansou/plugin/panta/panta.go:424.22,435.5 2 0
pansou/plugin/panta/panta.go:438.4,439.41 2 0
pansou/plugin/panta/panta.go:445.2,445.12 1 0
pansou/plugin/panta/panta.go:445.12,449.3 3 0
pansou/plugin/panta/panta.go:452.2,452.33 1 0
pansou/plugin/panta/panta.go:452.33,454.3 1 0
pansou/plugin/panta/panta.go:457.2,457.29 1 0
pansou/plugin/panta/panta.go:457.29,458.17 1 0
pansou/plugin/panta/panta.go:458.17,460.4 1 0
pansou/plugin/panta/panta.go:464.2,466.68 2 0
pansou/plugin/panta/panta.go:466.68,469.3 1 0
pansou/plugin/panta/panta.go:471.2,471.21 1 0
pansou/plugin/panta/panta.go:475.109,481.60 3 0
pansou/plugin/panta/panta.go:481.60,483.3 1 0
pansou/plugin/panta/panta.go:485.2,492.67 5 0
pansou/plugin/panta/panta.go:492.67,494.14 2 0
pansou/plugin/panta/panta.go:494.14,496.4 1 0
pansou/plugin/panta/panta.go:499.3,500.41 2 0
pansou/plugin/panta/panta.go:500.41,501.55 1 0
pansou/plugin/panta/panta.go:501.55,503.10 2 0
pansou/plugin/panta/panta.go:507.3,507.16 1 0
pansou/plugin/panta/panta.go:507.16,512.29 3 0
pansou/plugin/panta/panta.go:512.29,514.5 1 0
pansou/plugin/panta/panta.go:515.4,515.48 1 0
pansou/plugin/panta/panta.go:520.2,520.32 1 0
pansou/plugin/panta/panta.go:520.32,522.22 1 0
pansou/plugin/panta/panta.go:522.22,523.12 1 0
pansou/plugin/panta/panta.go:525.3,529.28 3 0
pansou/plugin/panta/panta.go:529.28,531.4 1 0
pansou/plugin/panta/panta.go:534.3,540.19 3 0
pansou/plugin/panta/panta.go:541.16,543.22 1 0
pansou/plugin/panta/panta.go:543.22,546.41 2 0
pansou/plugin/panta/panta.go:546.41,547.52 1 0
pansou/plugin/panta/panta.go:547.52,549.12 2 0
pansou/plugin/panta/panta.go:554.5,554.25 1 0
pansou/plugin/panta/panta.go:554.25,556.6 1 0
pansou/plugin/panta/panta.go:558.17,562.40 2 0
pansou/plugin/panta/panta.go:562.40,563.82 1 0
pansou/plugin/panta/panta.go:563.82,567.11 3 0
pansou/plugin/panta/panta.go:572.4,572.63 1 0
pansou/plugin/panta/panta.go:572.63,574.5 1 0
pansou/plugin/panta/panta.go:578.3,582.5 1 0
pansou/plugin/panta/panta.go:586.2,588.14 2 0
pansou/plugin/panta/panta.go:592.104,594.59 1 0
pansou/plugin/panta/panta.go:594.59,596.3 1 0
pansou/plugin/panta/panta.go:599.2,607.16 5 0
pansou/plugin/panta/panta.go:607.16,609.3 1 0
pansou/plugin/panta/panta.go:612.2,622.16 9 0
pansou/plugin/panta/panta.go:622.16,624.3 1 0
pansou/plugin/panta/panta.go:625.2,628.38 2 0
pansou/plugin/panta/panta.go:628.38,630.3 1 0
pansou/plugin/panta/panta.go:633.2,634.16 2 0
pansou/plugin/panta/panta.go:634.16,636.3 1 0
pansou/plugin/panta/panta.go:639.2,644.25 4 0
pansou/plugin/panta/panta.go:644.25,646.3 1 0
pansou/plugin/panta/panta.go:649.2,653.76 3 0
pansou/plugin/panta/panta.go:653.76,655.74 1 0
pansou/plugin/panta/panta.go:655.74,657.15 2 0
pansou/plugin/panta/panta.go:657.15,659.5 1 0
pansou/plugin/panta/panta.go:662.4,662.27 1 0
pansou/plugin/panta/panta.go:662.27,664.24 1 0
pansou/plugin/panta/panta.go:664.24,666.6 1 0
pansou/plugin/panta/panta.go:667.5,671.30 3 0
pansou/plugin/panta/panta.go:671.30,673.6 1 0
pansou/plugin/panta/panta.go:674.5,674.30 1 0
pansou/plugin/panta/panta.go:674.30,676.6 1 0
pansou/plugin/panta/panta.go:679.5,685.21 3 0
pansou/plugin/panta/panta.go:686.18,688.24 1 0
pansou/plugin/panta/panta.go:688.24,691.43 2 0
pansou/plugin/panta/panta.go:691.43,692.54 1 0
pansou/plugin/panta/panta.go:692.54,694.14 2 0
pansou/plugin/panta/panta.go:699.7,699.27 1 0
pansou/plugin/panta/panta.go:699.27,701.8 1 0
pansou/plugin/panta/panta.go:703.19,707.42 2 0
pansou/plugin/panta/panta.go:707.42,708.84 1 0
pansou/plugin/panta/panta.go:708.84,712.13 3 0
pansou/plugin/panta/panta.go:717.6,717.65 1 0
pansou/plugin/panta/panta.go:717.65,719.7 1 0
pansou/plugin/panta/panta.go:723.5,727.7 1 0
pansou/plugin/panta/panta.go:732.3,734.34 3 0
pansou/plugin/panta/panta.go:734.34,735.28 1 0
pansou/plugin/panta/panta.go:735.28,738.5 2 0
pansou/plugin/panta/panta.go:743.2,745.19 2 0
pansou/plugin/panta/panta.go:749.71,758.40 4 0
pansou/plugin/panta/panta.go:758.40,759.37 1 0
pansou/plugin/panta/panta.go:759.37,761.9 2 0
pansou/plugin/panta/panta.go:766.2,766.23 1 0
pansou/plugin/panta/panta.go:766.23,768.3 1 0
pansou/plugin/panta/panta.go:771.2,771.38 1 0
pansou/plugin/panta/panta.go:771.38,772.38 1 0
pansou/plugin/panta/panta.go:772.38,774.9 2 0
pansou/plugin/panta/panta.go:779.2,808.42 8 0
pansou/plugin/panta/panta.go:808.42,810.35 2 0
pansou/plugin/panta/panta.go:810.35,815.17 3 0
pansou/plugin/panta/panta.go:815.17,815.32 1 0
pansou/plugin/panta/panta.go:817.4,818.24 2 0
pansou/plugin/panta/panta.go:818.24,822.35 3 0
pansou/plugin/panta/panta.go:822.35,823.41 1 0
pansou/plugin/panta/panta.go:823.41,832.29 5 0
pansou/plugin/panta/panta.go:832.29,835.42 2 0
pansou/plugin/panta/panta.go:835.42,837.9 1 0
pansou/plugin/panta/panta.go:837.14,837.49 1 0
pansou/plugin/panta/panta.go:837.49,839.9 1 0
pansou/plugin/panta/panta.go:843.7,856.9 3 0
pansou/plugin/panta/panta.go:864.2,864.24 1 0
pansou/plugin/panta/panta.go:864.24,865.39 1 0
pansou/plugin/panta/panta.go:865.39,867.36 2 0
pansou/plugin/panta/panta.go:867.36,872.18 3 0
pansou/plugin/panta/panta.go:872.18,872.33 1 0
pansou/plugin/panta/panta.go:874.5,875.25 2 0
pansou/plugin/panta/panta.go:875.25,879.36 3 0
pansou/plugin/panta/panta.go:879.36,880.42 1 0
pansou/plugin/panta/panta.go:880.42,890.8 3 0
pansou/plugin/panta/panta.go:898.2,901.26 2 0
pansou/plugin/panta/panta.go:901.26,903.3 1 0
pansou/plugin/panta/panta.go:906.2,906.45 1 0
pansou/plugin/panta/panta.go:906.45,908.3 1 0
pansou/plugin/panta/panta.go:910.2,910.29 1 0
pansou/plugin/panta/panta.go:910.29,911.50 1 0
pansou/plugin/panta/panta.go:911.50,913.4 1 0
pansou/plugin/panta/panta.go:918.2,931.29 4 0
pansou/plugin/panta/panta.go:931.29,932.35 1 0
pansou/plugin/panta/panta.go:932.35,937.24 3 0
pansou/plugin/panta/panta.go:937.24,939.5 1 0
pansou/plugin/panta/panta.go:940.4,941.30 2 0
pansou/plugin/panta/panta.go:941.30,943.5 1 0
pansou/plugin/panta/panta.go:944.4,948.40 3 0
pansou/plugin/panta/panta.go:948.40,949.51 1 0
pansou/plugin/panta/panta.go:949.51,951.11 2 0
pansou/plugin/panta/panta.go:956.4,956.81 1 0
pansou/plugin/panta/panta.go:956.81,957.13 1 0
pansou/plugin/panta/panta.go:961.4,961.39 1 0
pansou/plugin/panta/panta.go:961.39,963.35 1 0
pansou/plugin/panta/panta.go:963.35,972.47 3 0
pansou/plugin/panta/panta.go:972.47,973.48 1 0
pansou/plugin/panta/panta.go:973.48,975.13 2 0
pansou/plugin/panta/panta.go:980.6,980.23 1 0
pansou/plugin/panta/panta.go:980.23,982.7 1 0
pansou/plugin/panta/panta.go:985.6,986.29 2 0
pansou/plugin/panta/panta.go:986.29,988.7 1 0
pansou/plugin/panta/panta.go:989.6,990.35 2 0
pansou/plugin/panta/panta.go:990.35,992.7 1 0
pansou/plugin/panta/panta.go:993.6,995.42 2 0
pansou/plugin/panta/panta.go:995.42,996.56 1 0
pansou/plugin/panta/panta.go:996.56,998.13 2 0
pansou/plugin/panta/panta.go:1003.6,1007.8 1 0
pansou/plugin/panta/panta.go:1012.4,1012.27 1 0
pansou/plugin/panta/panta.go:1012.27,1014.48 1 0
pansou/plugin/panta/panta.go:1014.48,1016.6 1 0
pansou/plugin/panta/panta.go:1018.5,1018.36 1 0
pansou/plugin/panta/panta.go:1024.2,1024.34 1 0
pansou/plugin/panta/panta.go:1024.34,1026.35 1 0
pansou/plugin/panta/panta.go:1026.35,1027.12 1 0
pansou/plugin/panta/panta.go:1029.3,1032.26 2 0
pansou/plugin/panta/panta.go:1032.26,1038.12 2 0
pansou/plugin/panta/panta.go:1042.3,1046.70 3 0
pansou/plugin/panta/panta.go:1046.70,1048.4 1 0
pansou/plugin/panta/panta.go:1051.3,1051.24 1 0
pansou/plugin/panta/panta.go:1052.17,1054.42 1 0
pansou/plugin/panta/panta.go:1054.42,1057.5 1 0
pansou/plugin/panta/panta.go:1057.10,1057.34 1 0
pansou/plugin/panta/panta.go:1057.34,1061.5 1 0
pansou/plugin/panta/panta.go:1062.26,1064.27 1 0
pansou/plugin/panta/panta.go:1064.27,1065.40 1 0
pansou/plugin/panta/panta.go:1065.40,1067.6 1 0
pansou/plugin/panta/panta.go:1067.11,1069.6 1 0
pansou/plugin/panta/panta.go:1074.3,1078.5 1 0
pansou/plugin/panta/panta.go:1081.2,1081.14 1 0
pansou/plugin/panta/panta.go:1085.57,1093.54 2 0
pansou/plugin/panta/panta.go:1093.54,1095.3 1 0
pansou/plugin/panta/panta.go:1098.2,1099.24 2 0
pansou/plugin/panta/panta.go:1099.24,1103.3 2 0
pansou/plugin/panta/panta.go:1106.2,1107.38 2 0
pansou/plugin/panta/panta.go:1107.38,1108.41 1 0
pansou/plugin/panta/panta.go:1108.41,1110.9 2 0
pansou/plugin/panta/panta.go:1115.2,1115.25 1 0
pansou/plugin/panta/panta.go:1115.25,1119.3 2 0
pansou/plugin/panta/panta.go:1122.2,1122.38 1 0
pansou/plugin/panta/panta.go:1122.38,1125.24 2 0
pansou/plugin/panta/panta.go:1125.24,1129.4 2 0
pansou/plugin/panta/panta.go:1133.2,1134.11 2 0
pansou/plugin/panta/panta.go:1138.43,1140.56 1 0
pansou/plugin/panta/panta.go:1140.56,1142.3 1 0
pansou/plugin/panta/panta.go:1144.2,1147.9 3 0
pansou/plugin/panta/panta.go:1148.51,1149.21 1 0
pansou/plugin/panta/panta.go:1150.50,1151.21 1 0
pansou/plugin/panta/panta.go:1152.97,1153.22 1 0
pansou/plugin/panta/panta.go:1154.50,1155.22 1 0
pansou/plugin/panta/panta.go:1156.52,1157.22 1 0
pansou/plugin/panta/panta.go:1158.45,1159.19 1 0
pansou/plugin/panta/panta.go:1160.52,1161.22 1 0
pansou/plugin/panta/panta.go:1162.50,1163.22 1 0
pansou/plugin/panta/panta.go:1164.41,1165.19 1 0
pansou/plugin/panta/panta.go:1166.10,1167.22 1 0
pansou/plugin/panta/panta.go:1171.2,1172.17 2 0
pansou/plugin/panta/panta.go:1176.37,1178.52 1 0
pansou/plugin/panta/panta.go:1178.52,1180.3 1 0
pansou/plugin/panta/panta.go:1182.2,1185.40 2 0
pansou/plugin/panta/panta.go:1185.40,1186.41 1 0
pansou/plugin/panta/panta.go:1186.41,1190.4 2 0
pansou/plugin/panta/panta.go:1194.2,1195.14 2 0
pansou/plugin/panta/panta.go:1199.55,1203.21 3 0
pansou/plugin/panta/panta.go:1203.21,1205.3 1 0
pansou/plugin/panta/panta.go:1209.48,1214.30 3 0
pansou/plugin/panta/panta.go:1214.30,1216.3 1 0
pansou/plugin/panta/panta.go:1219.2,1220.36 2 0
pansou/plugin/panta/panta.go:1220.36,1222.3 1 0
pansou/plugin/panta/panta.go:1223.2,1226.54 2 0
pansou/plugin/panta/panta.go:1226.54,1229.3 1 0
pansou/plugin/panta/panta.go:1229.8,1232.3 1 0
pansou/plugin/panta/panta.go:1235.2,1235.39 1 0
pansou/plugin/panta/panta.go:1239.64,1244.33 3 0
pansou/plugin/panta/panta.go:1244.33,1247.3 1 0
pansou/plugin/panta/panta.go:1249.2,1249.46 1 0
pansou/plugin/panta/panta.go:1253.111,1259.47 4 0
pansou/plugin/panta/panta.go:1259.47,1261.16 1 0
pansou/plugin/panta/panta.go:1261.16,1269.4 4 0
pansou/plugin/panta/panta.go:1272.3,1282.42 5 0
pansou/plugin/panta/panta.go:1282.42,1283.9 1 0
pansou/plugin/panta/panta.go:1287.3,1287.18 1 0
pansou/plugin/panta/panta.go:1287.18,1289.4 1 0
pansou/plugin/panta/panta.go:1292.2,1292.18 1 0
pansou/plugin/panta/panta.go:1296.24,1297.11 1 0
pansou/plugin/panta/panta.go:1297.11,1299.3 1 0
pansou/plugin/panta/panta.go:1300.2,1300.10 1 0
pansou/plugin/panta/panta.go:1304.24,1305.11 1 0
pansou/plugin/panta/panta.go:1305.11,1307.3 1 0
pansou/plugin/panta/panta.go:1308.2,1308.10 1 0
pansou/plugin/panyq/panyq.go:99.36,117.69 3 0
pansou/plugin/panyq/panyq.go:117.69,118.22 1 0
pansou/plugin/panyq/panyq.go:118.22,120.5 1 0
pansou/plugin/panyq/panyq.go:121.4,121.14 1 0
pansou/plugin/panyq/panyq.go:125.2,128.3 1 0
pansou/plugin/panyq/panyq.go:132.104,133.14 1 0
pansou/plugin/panyq/panyq.go:133.14,135.3 1 0
pansou/plugin/panyq/panyq.go:138.2,140.58 3 0
pansou/plugin/panyq/panyq.go:140.58,142.15 2 0
pansou/plugin/panyq/panyq.go:142.15,144.4 1 0
pansou/plugin/panyq/panyq.go:145.3,145.28 1 0
pansou/plugin/panyq/panyq.go:147.2,150.38 2 0
pansou/plugin/panyq/panyq.go:150.38,152.52 2 0
pansou/plugin/panyq/panyq.go:152.52,154.4 1 0
pansou/plugin/panyq/panyq.go:157.3,158.50 2 0
pansou/plugin/panyq/panyq.go:158.50,159.50 1 0
pansou/plugin/panyq/panyq.go:159.50,160.17 1 0
pansou/plugin/panyq/panyq.go:160.17,162.6 1 0
pansou/plugin/panyq/panyq.go:163.5,164.10 2 0
pansou/plugin/panyq/panyq.go:168.3,168.15 1 0
pansou/plugin/panyq/panyq.go:168.15,169.16 1 0
pansou/plugin/panyq/panyq.go:169.16,171.5 1 0
pansou/plugin/panyq/panyq.go:172.4,172.54 1 0
pansou/plugin/panyq/panyq.go:177.2,178.16 2 0
pansou/plugin/panyq/panyq.go:178.16,180.3 1 0
pansou/plugin/panyq/panyq.go:181.2,184.36 2 0
pansou/plugin/panyq/panyq.go:184.36,188.3 3 0
pansou/plugin/panyq/panyq.go:190.2,190.21 1 0
pansou/plugin/panyq/panyq.go:194.118,196.2 1 0
pansou/plugin/panyq/panyq.go:199.127,200.14 1 0
pansou/plugin/panyq/panyq.go:200.14,202.3 1 0
pansou/plugin/panyq/panyq.go:205.2,206.16 2 0
pansou/plugin/panyq/panyq.go:206.16,209.3 2 0
pansou/plugin/panyq/panyq.go:212.2,213.16 2 0
pansou/plugin/panyq/panyq.go:213.16,217.17 3 0
pansou/plugin/panyq/panyq.go:217.17,219.4 1 0
pansou/plugin/panyq/panyq.go:222.3,223.17 2 0
pansou/plugin/panyq/panyq.go:223.17,225.4 1 0
pansou/plugin/panyq/panyq.go:229.2,230.16 2 0
pansou/plugin/panyq/panyq.go:230.16,232.3 1 0
pansou/plugin/panyq/panyq.go:234.2,234.20 1 0
pansou/plugin/panyq/panyq.go:234.20,235.15 1 0
pansou/plugin/panyq/panyq.go:235.15,237.4 1 0
pansou/plugin/panyq/panyq.go:238.3,238.37 1 0
pansou/plugin/panyq/panyq.go:242.2,242.20 1 0
pansou/plugin/panyq/panyq.go:242.20,243.15 1 0
pansou/plugin/panyq/panyq.go:243.15,245.4 1 0
pansou/plugin/panyq/panyq.go:246.3,246.22 1 0
pansou/plugin/panyq/panyq.go:246.22,248.4 1 0
pansou/plugin/panyq/panyq.go:250.3,254.45 3 0
pansou/plugin/panyq/panyq.go:254.45,256.25 2 0
pansou/plugin/panyq/panyq.go:256.25,259.17 2 0
pansou/plugin/panyq/panyq.go:259.17,261.6 1 0
pansou/plugin/panyq/panyq.go:263.5,264.19 2 0
pansou/plugin/panyq/panyq.go:264.19,267.6 2 0
pansou/plugin/panyq/panyq.go:269.5,269.25 1 0
pansou/plugin/panyq/panyq.go:274.3,274.13 1 0
pansou/plugin/panyq/panyq.go:274.13,277.4 2 0
pansou/plugin/panyq/panyq.go:280.3,280.34 1 0
pansou/plugin/panyq/panyq.go:280.34,282.4 1 0
pansou/plugin/panyq/panyq.go:284.3,284.15 1 0
pansou/plugin/panyq/panyq.go:284.15,286.4 1 0
pansou/plugin/panyq/panyq.go:290.2,297.27 4 0
pansou/plugin/panyq/panyq.go:297.27,301.38 3 0
pansou/plugin/panyq/panyq.go:301.38,303.17 2 0
pansou/plugin/panyq/panyq.go:303.17,303.26 1 0
pansou/plugin/panyq/panyq.go:306.4,307.18 2 0
pansou/plugin/panyq/panyq.go:307.18,310.5 2 0
pansou/plugin/panyq/panyq.go:313.4,314.18 2 0
pansou/plugin/panyq/panyq.go:314.18,317.5 2 0
pansou/plugin/panyq/panyq.go:319.4,319.23 1 0
pansou/plugin/panyq/panyq.go:319.23,321.5 1 0
pansou/plugin/panyq/panyq.go:324.4,346.24 6 0
pansou/plugin/panyq/panyq.go:351.2,351.12 1 0
pansou/plugin/panyq/panyq.go:351.12,354.3 2 0
pansou/plugin/panyq/panyq.go:357.2,358.33 2 0
pansou/plugin/panyq/panyq.go:358.33,363.3 3 0
pansou/plugin/panyq/panyq.go:366.2,368.14 2 0
pansou/plugin/panyq/panyq.go:368.14,370.3 1 0
pansou/plugin/panyq/panyq.go:372.2,372.29 1 0
pansou/plugin/panyq/panyq.go:376.75,379.45 2 0
pansou/plugin/panyq/panyq.go:379.45,381.36 2 0
pansou/plugin/panyq/panyq.go:381.36,382.40 1 0
pansou/plugin/panyq/panyq.go:382.40,384.5 1 0
pansou/plugin/panyq/panyq.go:387.3,387.36 1 0
pansou/plugin/panyq/panyq.go:387.36,390.4 2 0
pansou/plugin/panyq/panyq.go:392.2,395.30 2 0
pansou/plugin/panyq/panyq.go:399.70,400.14 1 0
pansou/plugin/panyq/panyq.go:400.14,402.3 1 0
pansou/plugin/panyq/panyq.go:405.2,406.54 2 0
pansou/plugin/panyq/panyq.go:406.54,407.15 1 0
pansou/plugin/panyq/panyq.go:407.15,409.4 1 0
pansou/plugin/panyq/panyq.go:412.3,413.30 2 0
pansou/plugin/panyq/panyq.go:413.30,415.4 1 0
pansou/plugin/panyq/panyq.go:416.3,418.23 2 0
pansou/plugin/panyq/panyq.go:422.2,423.16 2 0
pansou/plugin/panyq/panyq.go:423.16,425.3 1 0
pansou/plugin/panyq/panyq.go:427.2,427.28 1 0
pansou/plugin/panyq/panyq.go:427.28,429.3 1 0
pansou/plugin/panyq/panyq.go:431.2,431.14 1 0
pansou/plugin/panyq/panyq.go:431.14,433.28 2 0
pansou/plugin/panyq/panyq.go:433.28,435.4 1 0
pansou/plugin/panyq/panyq.go:438.2,441.14 2 0
pansou/plugin/panyq/panyq.go:441.14,443.3 1 0
pansou/plugin/panyq/panyq.go:446.2,450.34 3 0
pansou/plugin/panyq/panyq.go:450.34,452.39 2 0
pansou/plugin/panyq/panyq.go:452.39,454.16 2 0
pansou/plugin/panyq/panyq.go:454.16,456.5 1 0
pansou/plugin/panyq/panyq.go:457.4,457.40 1 0
pansou/plugin/panyq/panyq.go:457.40,458.17 1 0
pansou/plugin/panyq/panyq.go:458.17,460.6 1 0
pansou/plugin/panyq/panyq.go:461.5,461.27 1 0
pansou/plugin/panyq/panyq.go:467.2,472.29 4 0
pansou/plugin/panyq/panyq.go:472.29,475.8 3 0
pansou/plugin/panyq/panyq.go:478.2,478.24 1 0
pansou/plugin/panyq/panyq.go:478.24,480.3 1 0
pansou/plugin/panyq/panyq.go:483.2,484.16 2 0
pansou/plugin/panyq/panyq.go:484.16,486.3 1 0
pansou/plugin/panyq/panyq.go:488.2,488.14 1 0
pansou/plugin/panyq/panyq.go:488.14,491.3 1 0
pansou/plugin/panyq/panyq.go:494.2,495.34 2 0
pansou/plugin/panyq/panyq.go:495.34,496.38 1 0
pansou/plugin/panyq/panyq.go:496.38,498.4 1 0
pansou/plugin/panyq/panyq.go:502.2,502.14 1 0
pansou/plugin/panyq/panyq.go:502.14,504.3 1 0
pansou/plugin/panyq/panyq.go:506.2,509.46 2 0
pansou/plugin/panyq/panyq.go:509.46,511.15 2 0
pansou/plugin/panyq/panyq.go:511.15,513.4 1 0
pansou/plugin/panyq/panyq.go:514.3,514.66 1 0
pansou/plugin/panyq/panyq.go:514.66,517.16 3 0
pansou/plugin/panyq/panyq.go:517.16,519.5 1 0
pansou/plugin/panyq/panyq.go:520.4,520.9 1 0
pansou/plugin/panyq/panyq.go:524.2,524.26 1 0
pansou/plugin/panyq/panyq.go:524.26,526.3 1 0
pansou/plugin/panyq/panyq.go:529.2,530.16 2 0
pansou/plugin/panyq/panyq.go:530.16,532.3 1 0
pansou/plugin/panyq/panyq.go:534.2,534.24 1 0
pansou/plugin/panyq/panyq.go:534.24,536.3 1 0
pansou/plugin/panyq/panyq.go:538.2,540.14 2 0
pansou/plugin/panyq/panyq.go:540.14,542.3 1 0
pansou/plugin/panyq/panyq.go:545.2,546.34 2 0
pansou/plugin/panyq/panyq.go:546.34,547.38 1 0
pansou/plugin/panyq/panyq.go:547.38,549.4 1 0
pansou/plugin/panyq/panyq.go:551.2,554.14 2 0
pansou/plugin/panyq/panyq.go:554.14,556.3 1 0
pansou/plugin/panyq/panyq.go:558.2,559.34 2 0
pansou/plugin/panyq/panyq.go:559.34,561.15 1 0
pansou/plugin/panyq/panyq.go:561.15,564.4 2 0
pansou/plugin/panyq/panyq.go:566.3,567.17 2 0
pansou/plugin/panyq/panyq.go:567.17,569.12 2 0
pansou/plugin/panyq/panyq.go:572.3,572.15 1 0
pansou/plugin/panyq/panyq.go:572.15,574.4 1 0
pansou/plugin/panyq/panyq.go:576.3,576.41 1 0
pansou/plugin/panyq/panyq.go:576.41,579.16 3 0
pansou/plugin/panyq/panyq.go:579.16,581.5 1 0
pansou/plugin/panyq/panyq.go:582.4,582.9 1 0
pansou/plugin/panyq/panyq.go:586.2,586.23 1 0
pansou/plugin/panyq/panyq.go:586.23,588.55 1 0
pansou/plugin/panyq/panyq.go:588.55,589.16 1 0
pansou/plugin/panyq/panyq.go:589.16,591.5 1 0
pansou/plugin/panyq/panyq.go:594.4,604.18 5 0
pansou/plugin/panyq/panyq.go:604.18,605.17 1 0
pansou/plugin/panyq/panyq.go:605.17,607.6 1 0
pansou/plugin/panyq/panyq.go:608.10,610.66 1 0
pansou/plugin/panyq/panyq.go:610.66,612.18 2 0
pansou/plugin/panyq/panyq.go:612.18,614.7 1 0
pansou/plugin/panyq/panyq.go:619.3,619.24 1 0
pansou/plugin/panyq/panyq.go:619.24,621.4 1 0
pansou/plugin/panyq/panyq.go:625.2,626.29 2 0
pansou/plugin/panyq/panyq.go:626.29,628.3 1 0
pansou/plugin/panyq/panyq.go:629.2,632.56 2 0
pansou/plugin/panyq/panyq.go:632.56,635.3 1 0
pansou/plugin/panyq/panyq.go:637.2,637.14 1 0
pansou/plugin/panyq/panyq.go:637.14,639.36 2 0
pansou/plugin/panyq/panyq.go:639.36,641.4 1 0
pansou/plugin/panyq/panyq.go:644.2,644.22 1 0
pansou/plugin/panyq/panyq.go:648.85,651.16 2 0
pansou/plugin/panyq/panyq.go:651.16,653.3 1 0
pansou/plugin/panyq/panyq.go:657.2,661.16 3 0
pansou/plugin/panyq/panyq.go:661.16,663.3 1 0
pansou/plugin/panyq/panyq.go:664.2,667.38 2 0
pansou/plugin/panyq/panyq.go:667.38,670.17 2 0
pansou/plugin/panyq/panyq.go:670.17,673.4 1 0
pansou/plugin/panyq/panyq.go:675.3,675.98 1 0
pansou/plugin/panyq/panyq.go:678.2,679.16 2 0
pansou/plugin/panyq/panyq.go:679.16,681.3 1 0
pansou/plugin/panyq/panyq.go:684.2,687.23 3 0
pansou/plugin/panyq/panyq.go:687.23,689.3 1 0
pansou/plugin/panyq/panyq.go:692.2,695.32 3 0
pansou/plugin/panyq/panyq.go:695.32,700.17 3 0
pansou/plugin/panyq/panyq.go:700.17,701.12 1 0
pansou/plugin/panyq/panyq.go:705.3,712.17 6 0
pansou/plugin/panyq/panyq.go:712.17,713.12 1 0
pansou/plugin/panyq/panyq.go:716.3,719.17 3 0
pansou/plugin/panyq/panyq.go:719.17,720.12 1 0
pansou/plugin/panyq/panyq.go:723.3,724.37 2 0
pansou/plugin/panyq/panyq.go:724.37,726.4 1 0
pansou/plugin/panyq/panyq.go:730.2,731.24 2 0
pansou/plugin/panyq/panyq.go:731.24,733.3 1 0
pansou/plugin/panyq/panyq.go:735.2,735.14 1 0
pansou/plugin/panyq/panyq.go:735.14,737.3 1 0
pansou/plugin/panyq/panyq.go:739.2,739.17 1 0
pansou/plugin/panyq/panyq.go:743.66,746.2 2 0
pansou/plugin/panyq/panyq.go:749.87,752.2 2 0
pansou/plugin/panyq/panyq.go:755.74,757.16 2 0
pansou/plugin/panyq/panyq.go:757.16,761.25 2 0
pansou/plugin/panyq/panyq.go:761.25,763.4 1 0
pansou/plugin/panyq/panyq.go:767.2,768.30 2 0
pansou/plugin/panyq/panyq.go:768.30,769.41 1 0
pansou/plugin/panyq/panyq.go:769.41,770.16 1 0
pansou/plugin/panyq/panyq.go:770.16,772.5 1 0
pansou/plugin/panyq/panyq.go:773.4,773.15 1 0
pansou/plugin/panyq/panyq.go:777.2,777.14 1 0
pansou/plugin/panyq/panyq.go:781.122,785.35 3 0
pansou/plugin/panyq/panyq.go:785.35,787.12 1 0
pansou/plugin/panyq/panyq.go:787.12,790.31 2 0
pansou/plugin/panyq/panyq.go:790.31,792.5 1 0
pansou/plugin/panyq/panyq.go:793.4,795.16 2 0
pansou/plugin/panyq/panyq.go:795.16,797.5 1 0
pansou/plugin/panyq/panyq.go:801.3,807.43 3 0
pansou/plugin/panyq/panyq.go:807.43,808.9 1 0
pansou/plugin/panyq/panyq.go:812.2,812.18 1 0
pansou/plugin/panyq/panyq.go:816.39,817.16 1 0
pansou/plugin/panyq/panyq.go:817.16,819.3 1 0
pansou/plugin/panyq/panyq.go:822.2,822.39 1 0
pansou/plugin/panyq/panyq.go:822.39,824.3 1 0
pansou/plugin/panyq/panyq.go:827.2,830.34 2 0
pansou/plugin/panyq/panyq.go:834.106,838.56 3 0
pansou/plugin/panyq/panyq.go:838.56,840.15 2 0
pansou/plugin/panyq/panyq.go:840.15,842.4 1 0
pansou/plugin/panyq/panyq.go:843.3,843.29 1 0
pansou/plugin/panyq/panyq.go:845.2,872.16 5 0
pansou/plugin/panyq/panyq.go:872.16,874.3 1 0
pansou/plugin/panyq/panyq.go:877.2,881.16 3 0
pansou/plugin/panyq/panyq.go:881.16,883.3 1 0
pansou/plugin/panyq/panyq.go:886.2,895.25 8 0
pansou/plugin/panyq/panyq.go:895.25,900.3 1 0
pansou/plugin/panyq/panyq.go:903.2,904.16 2 0
pansou/plugin/panyq/panyq.go:904.16,906.15 1 0
pansou/plugin/panyq/panyq.go:906.15,908.4 1 0
pansou/plugin/panyq/panyq.go:909.3,909.17 1 0
pansou/plugin/panyq/panyq.go:911.2,914.38 2 0
pansou/plugin/panyq/panyq.go:914.38,915.15 1 0
pansou/plugin/panyq/panyq.go:915.15,917.4 1 0
pansou/plugin/panyq/panyq.go:918.3,918.65 1 0
pansou/plugin/panyq/panyq.go:922.2,923.16 2 0
pansou/plugin/panyq/panyq.go:923.16,925.15 1 0
pansou/plugin/panyq/panyq.go:925.15,927.4 1 0
pansou/plugin/panyq/panyq.go:928.3,928.17 1 0
pansou/plugin/panyq/panyq.go:931.2,938.26 5 0
pansou/plugin/panyq/panyq.go:942.105,948.16 3 0
pansou/plugin/panyq/panyq.go:948.16,950.3 1 0
pansou/plugin/panyq/panyq.go:953.2,962.16 8 0
pansou/plugin/panyq/panyq.go:962.16,964.3 1 0
pansou/plugin/panyq/panyq.go:965.2,969.16 3 0
pansou/plugin/panyq/panyq.go:969.16,971.3 1 0
pansou/plugin/panyq/panyq.go:974.2,982.67 7 0
pansou/plugin/panyq/panyq.go:982.67,984.3 1 0
pansou/plugin/panyq/panyq.go:986.2,990.8 1 0
pansou/plugin/panyq/panyq.go:994.113,1000.16 3 0
pansou/plugin/panyq/panyq.go:1000.16,1002.3 1 0
pansou/plugin/panyq/panyq.go:1005.2,1012.56 6 0
pansou/plugin/panyq/panyq.go:1012.56,1014.3 1 0
pansou/plugin/panyq/panyq.go:1015.2,1019.16 3 0
pansou/plugin/panyq/panyq.go:1019.16,1021.3 1 0
pansou/plugin/panyq/panyq.go:1022.2,1026.16 3 0
pansou/plugin/panyq/panyq.go:1026.16,1028.3 1 0
pansou/plugin/panyq/panyq.go:1031.2,1032.58 2 0
pansou/plugin/panyq/panyq.go:1032.58,1034.3 1 0
pansou/plugin/panyq/panyq.go:1036.2,1036.62 1 0
pansou/plugin/panyq/panyq.go:1040.113,1066.16 4 0
pansou/plugin/panyq/panyq.go:1066.16,1068.3 1 0
pansou/plugin/panyq/panyq.go:1071.2,1075.16 3 0
pansou/plugin/panyq/panyq.go:1075.16,1077.3 1 0
pansou/plugin/panyq/panyq.go:1080.2,1090.16 9 0
pansou/plugin/panyq/panyq.go:1090.16,1092.3 1 0
pansou/plugin/panyq/panyq.go:1093.2,1096.38 2 0
pansou/plugin/panyq/panyq.go:1096.38,1098.3 1 0
pansou/plugin/panyq/panyq.go:1100.2,1100.12 1 0
pansou/plugin/panyq/panyq.go:1104.95,1108.56 3 0
pansou/plugin/panyq/panyq.go:1108.56,1110.15 2 0
pansou/plugin/panyq/panyq.go:1110.15,1112.4 1 0
pansou/plugin/panyq/panyq.go:1113.3,1113.25 1 0
pansou/plugin/panyq/panyq.go:1115.2,1119.16 3 0
pansou/plugin/panyq/panyq.go:1119.16,1121.3 1 0
pansou/plugin/panyq/panyq.go:1124.2,1127.20 3 0
pansou/plugin/panyq/panyq.go:1127.20,1131.69 3 0
pansou/plugin/panyq/panyq.go:1131.69,1132.25 1 0
pansou/plugin/panyq/panyq.go:1132.25,1133.64 1 0
pansou/plugin/panyq/panyq.go:1133.64,1134.61 1 0
pansou/plugin/panyq/panyq.go:1134.61,1136.7 1 0
pansou/plugin/panyq/panyq.go:1143.2,1143.21 1 0
pansou/plugin/panyq/panyq.go:1143.21,1147.24 3 0
pansou/plugin/panyq/panyq.go:1147.24,1149.4 1 0
pansou/plugin/panyq/panyq.go:1152.2,1152.21 1 0
pansou/plugin/panyq/panyq.go:1152.21,1154.3 1 0
pansou/plugin/panyq/panyq.go:1157.2,1161.23 4 0
pansou/plugin/panyq/panyq.go:1165.60,1168.9 2 0
pansou/plugin/panyq/panyq.go:1169.51,1170.17 1 0
pansou/plugin/panyq/panyq.go:1171.97,1172.18 1 0
pansou/plugin/panyq/panyq.go:1173.52,1174.18 1 0
pansou/plugin/panyq/panyq.go:1175.50,1176.18 1 0
pansou/plugin/panyq/panyq.go:1177.97,1178.18 1 0
pansou/plugin/panyq/panyq.go:1179.50,1180.17 1 0
pansou/plugin/panyq/panyq.go:1181.45,1182.15 1 0
pansou/plugin/panyq/panyq.go:1183.48,1184.18 1 0
pansou/plugin/panyq/panyq.go:1185.44,1186.18 1 0
pansou/plugin/panyq/panyq.go:1187.52,1188.22 1 0
pansou/plugin/panyq/panyq.go:1189.48,1190.15 1 0
pansou/plugin/panyq/panyq.go:1191.49,1192.14 1 0
pansou/plugin/panyq/panyq.go:1193.50,1194.18 1 0
pansou/plugin/panyq/panyq.go:1195.46,1196.18 1 0
pansou/plugin/panyq/panyq.go:1197.44,1198.16 1 0
pansou/plugin/panyq/panyq.go:1199.10,1200.18 1 0
pansou/plugin/panyq/panyq.go:1205.75,1207.25 1 0
pansou/plugin/panyq/panyq.go:1207.25,1208.51 1 0
pansou/plugin/panyq/panyq.go:1208.51,1210.21 2 0
pansou/plugin/panyq/panyq.go:1210.21,1212.5 1 0
pansou/plugin/panyq/panyq.go:1213.4,1213.14 1 0
pansou/plugin/panyq/panyq.go:1218.2,1218.26 1 0
pansou/plugin/panyq/panyq.go:1218.26,1219.55 1 0
pansou/plugin/panyq/panyq.go:1219.55,1221.54 2 0
pansou/plugin/panyq/panyq.go:1221.54,1223.5 1 0
pansou/plugin/panyq/panyq.go:1224.4,1224.14 1 0
pansou/plugin/panyq/panyq.go:1228.2,1228.11 1 0
pansou/plugin/panyq/panyq.go:1232.60,1253.34 3 0
pansou/plugin/panyq/panyq.go:1253.34,1255.3 1 0
pansou/plugin/panyq/panyq.go:1258.2,1276.38 2 0
pansou/plugin/panyq/panyq.go:1276.38,1278.3 1 0
pansou/plugin/panyq/panyq.go:1281.2,1292.41 2 0
pansou/plugin/panyq/panyq.go:1292.41,1294.3 1 0
pansou/plugin/panyq/panyq.go:1296.2,1296.15 1 0
pansou/plugin/panyq/panyq.go:1300.56,1307.75 3 0
pansou/plugin/panyq/panyq.go:1307.75,1309.3 1 0
pansou/plugin/panyq/panyq.go:1312.2,1313.75 2 0
pansou/plugin/panyq/panyq.go:1313.75,1315.3 1 0
pansou/plugin/panyq/panyq.go:1318.2,1319.41 2 0
pansou/plugin/panyq/panyq.go:1319.41,1321.3 1 0
pansou/plugin/panyq/panyq.go:1324.2,1324.25 1 0
pansou/plugin/panyq/panyq.go:1324.25,1326.3 1 0
pansou/plugin/panyq/panyq.go:1328.2,1328.37 1 0
pansou/plugin/panyq/panyq.go:1332.13,1337.2 2 0
pansou/plugin/panyq/panyq.go:1340.26,1344.21 3 0
pansou/plugin/panyq/panyq.go:1344.21,1345.15 1 0
pansou/plugin/panyq/panyq.go:1345.15,1347.4 1 0
pansou/plugin/panyq/panyq.go:1350.3,1359.15 7 0
pansou/plugin/panyq/panyq.go:1359.15,1361.4 1 0
pansou/plugin/panyq/panyq.go:1366.74,1370.16 3 0
pansou/plugin/panyq/panyq.go:1370.16,1372.3 1 0
pansou/plugin/panyq/panyq.go:1374.2,1375.51 2 0
pansou/plugin/panyq/panyq.go:1375.51,1377.3 1 0
pansou/plugin/panyq/panyq.go:1380.2,1380.35 1 0
pansou/plugin/panyq/panyq.go:1380.35,1381.29 1 0
pansou/plugin/panyq/panyq.go:1381.29,1383.4 1 0
pansou/plugin/panyq/panyq.go:1386.2,1386.17 1 0
pansou/plugin/panyq/panyq.go:1390.72,1392.16 2 0
pansou/plugin/panyq/panyq.go:1392.16,1394.3 1 0
pansou/plugin/panyq/panyq.go:1396.2,1397.45 2 0
pansou/plugin/ouge/ouge.go:36.13,38.2 1 0
pansou/plugin/ouge/ouge.go:70.47,83.2 2 0
pansou/plugin/ouge/ouge.go:86.39,91.2 1 0
pansou/plugin/ouge/ouge.go:94.108,96.16 2 0
pansou/plugin/ouge/ouge.go:96.16,98.3 1 0
pansou/plugin/ouge/ouge.go:99.2,99.28 1 0
pansou/plugin/ouge/ouge.go:103.122,105.2 1 0
pansou/plugin/ouge/ouge.go:108.133,112.15 3 0
pansou/plugin/ouge/ouge.go:112.15,115.3 2 0
pansou/plugin/ouge/ouge.go:118.2,118.30 1 0
pansou/plugin/ouge/ouge.go:118.30,120.3 1 0
pansou/plugin/ouge/ouge.go:123.2,130.16 5 0
pansou/plugin/ouge/ouge.go:130.16,132.3 1 0
pansou/plugin/ouge/ouge.go:135.2,144.16 8 0
pansou/plugin/ouge/ouge.go:144.16,146.3 1 0
pansou/plugin/ouge/ouge.go:147.2,151.16 3 0
pansou/plugin/ouge/ouge.go:151.16,153.3 1 0
pansou/plugin/ouge/ouge.go:155.2,156.59 2 0
pansou/plugin/ouge/ouge.go:156.59,158.3 1 0
pansou/plugin/ouge/ouge.go:161.2,161.27 1 0
pansou/plugin/ouge/ouge.go:161.27,163.3 1 0
pansou/plugin/ouge/ouge.go:166.2,167.40 2 0
pansou/plugin/ouge/ouge.go:167.40,168.57 1 0
pansou/plugin/ouge/ouge.go:168.57,170.4 1 0
pansou/plugin/ouge/ouge.go:173.2,173.21 1 0
pansou/plugin/ouge/ouge.go:204.77,210.17 3 0
pansou/plugin/ouge/ouge.go:210.17,212.3 1 0
pansou/plugin/ouge/ouge.go:215.2,216.25 2 0
pansou/plugin/ouge/ouge.go:216.25,218.3 1 0
pansou/plugin/ouge/ouge.go:219.2,219.28 1 0
pansou/plugin/ouge/ouge.go:219.28,221.3 1 0
pansou/plugin/ouge/ouge.go:222.2,222.24 1 0
pansou/plugin/ouge/ouge.go:222.24,224.3 1 0
pansou/plugin/ouge/ouge.go:225.2,225.24 1 0
pansou/plugin/ouge/ouge.go:225.24,227.3 1 0
pansou/plugin/ouge/ouge.go:228.2,228.27 1 0
pansou/plugin/ouge/ouge.go:228.27,230.3 1 0
pansou/plugin/ouge/ouge.go:231.2,238.24 4 0
pansou/plugin/ouge/ouge.go:238.24,240.3 1 0
pansou/plugin/ouge/ouge.go:241.2,241.24 1 0
pansou/plugin/ouge/ouge.go:241.24,243.3 1 0
pansou/plugin/ouge/ouge.go:245.2,253.3 1 0
pansou/plugin/ouge/ouge.go:257.91,258.43 1 0
pansou/plugin/ouge/ouge.go:258.43,260.3 1 0
pansou/plugin/ouge/ouge.go:263.2,268.28 4 0
pansou/plugin/ouge/ouge.go:268.28,270.3 1 0
pansou/plugin/ouge/ouge.go:272.2,273.30 2 0
pansou/plugin/ouge/ouge.go:273.30,277.56 3 0
pansou/plugin/ouge/ouge.go:277.56,278.12 1 0
pansou/plugin/ouge/ouge.go:282.3,283.21 2 0
pansou/plugin/ouge/ouge.go:283.21,284.12 1 0
pansou/plugin/ouge/ouge.go:288.3,294.5 2 0
pansou/plugin/ouge/ouge.go:297.2,297.14 1 0
pansou/plugin/ouge/ouge.go:301.68,303.34 1 0
pansou/plugin/ouge/ouge.go:304.12,305.17 1 0
pansou/plugin/ouge/ouge.go:306.12,307.17 1 0
pansou/plugin/ouge/ouge.go:308.12,309.14 1 0
pansou/plugin/ouge/ouge.go:310.13,311.18 1 0
pansou/plugin/ouge/ouge.go:312.12,313.18 1 0
pansou/plugin/ouge/ouge.go:314.12,315.18 1 0
pansou/plugin/ouge/ouge.go:316.13,317.15 1 0
pansou/plugin/ouge/ouge.go:318.12,319.18 1 0
pansou/plugin/ouge/ouge.go:320.12,321.18 1 0
pansou/plugin/ouge/ouge.go:322.12,323.18 1 0
pansou/plugin/ouge/ouge.go:324.13,325.22 1 0
pansou/plugin/ouge/ouge.go:326.13,327.15 1 0
pansou/plugin/ouge/ouge.go:328.12,329.18 1 0
pansou/plugin/ouge/ouge.go:333.2,333.33 1 0
pansou/plugin/ouge/ouge.go:337.67,342.111 1 0
pansou/plugin/ouge/ouge.go:342.111,344.3 1 0
pansou/plugin/ouge/ouge.go:347.2,361.33 1 0
pansou/plugin/ouge/ouge.go:365.64,366.9 1 0
pansou/plugin/ouge/ouge.go:367.39,368.17 1 0
pansou/plugin/ouge/ouge.go:369.36,370.14 1 0
pansou/plugin/ouge/ouge.go:371.39,372.17 1 0
pansou/plugin/ouge/ouge.go:373.40,374.18 1 0
pansou/plugin/ouge/ouge.go:375.40,376.18 1 0
pansou/plugin/ouge/ouge.go:377.40,378.18 1 0
pansou/plugin/ouge/ouge.go:379.37,380.15 1 0
pansou/plugin/ouge/ouge.go:381.40,382.18 1 0
pansou/plugin/ouge/ouge.go:383.40,384.18 1 0
pansou/plugin/ouge/ouge.go:385.40,386.18 1 0
pansou/plugin/ouge/ouge.go:387.44,388.22 1 0
pansou/plugin/ouge/ouge.go:389.37,390.15 1 0
pansou/plugin/ouge/ouge.go:391.40,392.18 1 0
pansou/plugin/ouge/ouge.go:393.40,394.18 1 0
pansou/plugin/ouge/ouge.go:395.38,396.16 1 0
pansou/plugin/ouge/ouge.go:397.10,398.12 1 0
pansou/plugin/ouge/ouge.go:403.62,405.22 2 0
pansou/plugin/ouge/ouge.go:405.22,407.3 1 0
pansou/plugin/ouge/ouge.go:408.2,408.11 1 0
pansou/plugin/ouge/ouge.go:412.110,416.34 3 0
pansou/plugin/ouge/ouge.go:416.34,418.17 2 0
pansou/plugin/ouge/ouge.go:418.17,419.40 1 0
pansou/plugin/ouge/ouge.go:419.40,421.5 1 0
pansou/plugin/ouge/ouge.go:422.4,423.62 2 0
pansou/plugin/ouge/ouge.go:424.9,426.4 1 0
pansou/plugin/ouge/ouge.go:429.3,429.23 1 0
pansou/plugin/ouge/ouge.go:429.23,431.4 1 0
pansou/plugin/ouge/ouge.go:434.2,434.106 1 0
pansou/plugin/ouge/ouge.go:438.72,443.23 4 0
pansou/plugin/ouge/ouge.go:443.23,445.3 1 0
pansou/plugin/ouge/ouge.go:447.2,451.3 1 0
pansou/plugin/qupansou/qupansou.go:30.13,36.2 2 0
pansou/plugin/qupansou/qupansou.go:39.26,44.21 3 0
pansou/plugin/qupansou/qupansou.go:44.21,48.3 2 0
pansou/plugin/qupansou/qupansou.go:69.47,76.2 2 0
pansou/plugin/qupansou/qupansou.go:82.45,84.2 1 0
pansou/plugin/qupansou/qupansou.go:87.46,89.2 1 0
pansou/plugin/qupansou/qupansou.go:92.112,94.16 2 0
pansou/plugin/qupansou/qupansou.go:94.16,96.3 1 0
pansou/plugin/qupansou/qupansou.go:97.2,97.28 1 0
pansou/plugin/qupansou/qupansou.go:101.126,103.2 1 0
pansou/plugin/qupansou/qupansou.go:106.135,109.16 2 0
pansou/plugin/qupansou/qupansou.go:109.16,111.3 1 0
pansou/plugin/qupansou/qupansou.go:114.2,116.21 2 0
pansou/plugin/qupansou/qupansou.go:126.102,154.16 3 0
pansou/plugin/qupansou/qupansou.go:154.16,156.3 1 0
pansou/plugin/qupansou/qupansou.go:158.2,159.16 2 0
pansou/plugin/qupansou/qupansou.go:159.16,161.3 1 0
pansou/plugin/qupansou/qupansou.go:163.2,169.16 5 0
pansou/plugin/qupansou/qupansou.go:169.16,171.3 1 0
pansou/plugin/qupansou/qupansou.go:172.2,176.16 3 0
pansou/plugin/qupansou/qupansou.go:176.16,178.3 1 0
pansou/plugin/qupansou/qupansou.go:181.2,182.59 2 0
pansou/plugin/qupansou/qupansou.go:182.59,184.3 1 0
pansou/plugin/qupansou/qupansou.go:187.2,187.27 1 0
pansou/plugin/qupansou/qupansou.go:187.27,189.3 1 0
pansou/plugin/qupansou/qupansou.go:191.2,191.26 1 0
pansou/plugin/qupansou/qupansou.go:195.89,198.29 2 0
pansou/plugin/qupansou/qupansou.go:198.29,200.21 1 0
pansou/plugin/qupansou/qupansou.go:200.21,201.12 1 0
pansou/plugin/qupansou/qupansou.go:205.3,216.28 4 0
pansou/plugin/qupansou/qupansou.go:216.28,219.18 2 0
pansou/plugin/qupansou/qupansou.go:219.18,221.5 1 0
pansou/plugin/qupansou/qupansou.go:225.3,225.24 1 0
pansou/plugin/qupansou/qupansou.go:225.24,227.4 1 0
pansou/plugin/qupansou/qupansou.go:230.3,241.36 3 0
pansou/plugin/qupansou/qupansou.go:244.2,244.16 1 0
pansou/plugin/qupansou/qupansou.go:248.68,251.49 2 0
pansou/plugin/qupansou/qupansou.go:251.49,253.3 1 0
pansou/plugin/qupansou/qupansou.go:253.8,253.102 1 0
pansou/plugin/qupansou/qupansou.go:253.102,255.3 1 0
pansou/plugin/qupansou/qupansou.go:255.8,255.55 1 0
pansou/plugin/qupansou/qupansou.go:255.55,257.3 1 0
pansou/plugin/qupansou/qupansou.go:257.8,257.55 1 0
pansou/plugin/qupansou/qupansou.go:257.55,259.3 1 0
pansou/plugin/qupansou/qupansou.go:259.8,259.57 1 0
pansou/plugin/qupansou/qupansou.go:259.57,261.3 1 0
pansou/plugin/qupansou/qupansou.go:261.8,261.109 1 0
pansou/plugin/qupansou/qupansou.go:261.109,263.3 1 0
pansou/plugin/qupansou/qupansou.go:263.8,263.50 1 0
pansou/plugin/qupansou/qupansou.go:263.50,265.3 1 0
pansou/plugin/qupansou/qupansou.go:265.8,265.54 1 0
pansou/plugin/qupansou/qupansou.go:265.54,267.3 1 0
pansou/plugin/qupansou/qupansou.go:267.8,267.98 1 0
pansou/plugin/qupansou/qupansou.go:267.98,269.3 1 0
pansou/plugin/qupansou/qupansou.go:269.8,269.55 1 0
pansou/plugin/qupansou/qupansou.go:269.55,271.3 1 0
pansou/plugin/qupansou/qupansou.go:271.8,271.49 1 0
pansou/plugin/qupansou/qupansou.go:271.49,273.3 1 0
pansou/plugin/qupansou/qupansou.go:273.8,275.3 1 0
pansou/plugin/qupansou/qupansou.go:279.36,293.45 3 0
pansou/plugin/qupansou/qupansou.go:293.45,295.3 1 0
pansou/plugin/qupansou/qupansou.go:298.2,298.34 1 0
pansou/plugin/shandian/shandian.go:59.13,64.2 2 0
pansou/plugin/shandian/shandian.go:67.26,71.21 3 0
pansou/plugin/shandian/shandian.go:71.21,75.3 2 0
pansou/plugin/shandian/shandian.go:85.47,94.2 2 0
pansou/plugin/shandian/shandian.go:97.47,102.2 1 0
pansou/plugin/shandian/shandian.go:105.112,107.16 2 0
pansou/plugin/shandian/shandian.go:107.16,109.3 1 0
pansou/plugin/shandian/shandian.go:110.2,110.28 1 0
pansou/plugin/shandian/shandian.go:114.126,116.2 1 0
pansou/plugin/shandian/shandian.go:119.137,129.16 5 0
pansou/plugin/shandian/shandian.go:129.16,131.3 1 0
pansou/plugin/shandian/shandian.go:134.2,144.16 9 0
pansou/plugin/shandian/shandian.go:144.16,146.3 1 0
pansou/plugin/shandian/shandian.go:147.2,149.28 2 0
pansou/plugin/shandian/shandian.go:149.28,151.3 1 0
pansou/plugin/shandian/shandian.go:154.2,155.16 2 0
pansou/plugin/shandian/shandian.go:155.16,157.3 1 0
pansou/plugin/shandian/shandian.go:160.2,162.73 2 0
pansou/plugin/shandian/shandian.go:162.73,164.28 2 0
pansou/plugin/shandian/shandian.go:164.28,166.4 1 0
pansou/plugin/shandian/shandian.go:170.2,173.69 2 0
pansou/plugin/shandian/shandian.go:177.104,182.13 3 0
pansou/plugin/shandian/shandian.go:182.13,184.3 1 0
pansou/plugin/shandian/shandian.go:187.2,188.22 2 0
pansou/plugin/shandian/shandian.go:188.22,190.3 1 0
pansou/plugin/shandian/shandian.go:192.2,205.81 8 0
pansou/plugin/shandian/shandian.go:205.81,207.20 2 0
pansou/plugin/shandian/shandian.go:207.20,209.4 1 0
pansou/plugin/shandian/shandian.go:211.2,215.72 3 0
pansou/plugin/shandian/shandian.go:215.72,217.40 2 0
pansou/plugin/shandian/shandian.go:217.40,219.4 1 0
pansou/plugin/shandian/shandian.go:223.2,224.72 2 0
pansou/plugin/shandian/shandian.go:224.72,226.40 2 0
pansou/plugin/shandian/shandian.go:226.40,227.80 1 0
pansou/plugin/shandian/shandian.go:227.80,229.24 2 0
pansou/plugin/shandian/shandian.go:229.24,231.6 1 0
pansou/plugin/shandian/shandian.go:237.2,237.102 1 0
pansou/plugin/shandian/shandian.go:237.102,240.3 2 0
pansou/plugin/shandian/shandian.go:241.2,245.19 3 0
pansou/plugin/shandian/shandian.go:245.19,247.3 1 0
pansou/plugin/shandian/shandian.go:248.2,248.20 1 0
pansou/plugin/shandian/shandian.go:248.20,250.3 1 0
pansou/plugin/shandian/shandian.go:251.2,251.21 1 0
pansou/plugin/shandian/shandian.go:251.21,253.22 2 0
pansou/plugin/shandian/shandian.go:253.22,255.4 1 0
pansou/plugin/shandian/shandian.go:256.3,256.60 1 0
pansou/plugin/shandian/shandian.go:258.2,258.16 1 0
pansou/plugin/shandian/shandian.go:258.16,260.3 1 0
pansou/plugin/shandian/shandian.go:262.2,266.15 4 0
pansou/plugin/shandian/shandian.go:270.122,278.33 5 0
pansou/plugin/shandian/shandian.go:278.33,280.33 2 0
pansou/plugin/shandian/shandian.go:280.33,285.17 3 0
pansou/plugin/shandian/shandian.go:285.17,285.32 1 0
pansou/plugin/shandian/shandian.go:288.4,289.22 2 0
pansou/plugin/shandian/shandian.go:289.22,294.5 4 0
pansou/plugin/shandian/shandian.go:296.4,299.50 2 0
pansou/plugin/shandian/shandian.go:299.50,300.60 1 0
pansou/plugin/shandian/shandian.go:300.60,305.6 4 0
pansou/plugin/shandian/shandian.go:309.4,317.15 6 0
pansou/plugin/shandian/shandian.go:321.2,322.24 2 0
pansou/plugin/shandian/shandian.go:326.114,330.34 3 0
pansou/plugin/shandian/shandian.go:330.34,331.12 1 0
pansou/plugin/shandian/shandian.go:331.12,335.4 2 0
pansou/plugin/shandian/shandian.go:338.3,341.43 3 0
pansou/plugin/shandian/shandian.go:341.43,343.4 1 0
pansou/plugin/shandian/shandian.go:345.3,345.18 1 0
pansou/plugin/shandian/shandian.go:345.18,347.4 1 0
pansou/plugin/shandian/shandian.go:348.3,348.16 1 0
pansou/plugin/shandian/shandian.go:351.2,351.81 1 0
pansou/plugin/shandian/shandian.go:355.97,364.16 5 0
pansou/plugin/shandian/shandian.go:364.16,366.3 1 0
pansou/plugin/shandian/shandian.go:369.2,377.16 7 0
pansou/plugin/shandian/shandian.go:377.16,379.3 1 0
pansou/plugin/shandian/shandian.go:380.2,382.28 2 0
pansou/plugin/shandian/shandian.go:382.28,384.3 1 0
pansou/plugin/shandian/shandian.go:386.2,387.16 2 0
pansou/plugin/shandian/shandian.go:387.16,389.3 1 0
pansou/plugin/shandian/shandian.go:391.2,394.84 2 0
pansou/plugin/shandian/shandian.go:394.84,396.93 1 0
pansou/plugin/shandian/shandian.go:396.93,398.77 1 0
pansou/plugin/shandian/shandian.go:398.77,405.5 2 0
pansou/plugin/shandian/shandian.go:409.3,409.60 1 0
pansou/plugin/shandian/shandian.go:409.60,410.49 1 0
pansou/plugin/shandian/shandian.go:410.49,412.78 1 0
pansou/plugin/shandian/shandian.go:412.78,415.41 2 0
pansou/plugin/shandian/shandian.go:415.41,416.38 1 0
pansou/plugin/shandian/shandian.go:416.38,418.13 2 0
pansou/plugin/shandian/shandian.go:422.6,422.22 1 0
pansou/plugin/shandian/shandian.go:422.22,429.7 2 0
pansou/plugin/shandian/shandian.go:435.2,435.14 1 0
pansou/plugin/shandian/shandian.go:439.71,444.35 1 0
pansou/plugin/shandian/shandian.go:444.35,446.3 1 0
pansou/plugin/shandian/shandian.go:449.2,449.37 1 0
pansou/plugin/shandian/shandian.go:453.24,454.11 1 0
pansou/plugin/shandian/shandian.go:454.11,456.3 1 0
pansou/plugin/shandian/shandian.go:457.2,457.10 1 0
pansou/plugin/susu/susu.go:50.13,59.2 3 0
pansou/plugin/susu/susu.go:62.26,66.21 3 0
pansou/plugin/susu/susu.go:66.21,73.3 5 0
pansou/plugin/susu/susu.go:77.27,79.2 1 0
pansou/plugin/susu/susu.go:100.44,104.2 1 0
pansou/plugin/susu/susu.go:107.108,109.16 2 0
pansou/plugin/susu/susu.go:109.16,111.3 1 0
pansou/plugin/susu/susu.go:112.2,112.28 1 0
pansou/plugin/susu/susu.go:116.122,118.2 1 0
pansou/plugin/susu/susu.go:121.131,127.16 3 0
pansou/plugin/susu/susu.go:127.16,129.3 1 0
pansou/plugin/susu/susu.go:132.2,137.16 4 0
pansou/plugin/susu/susu.go:137.16,139.3 1 0
pansou/plugin/susu/susu.go:140.2,144.16 3 0
pansou/plugin/susu/susu.go:144.16,146.3 1 0
pansou/plugin/susu/susu.go:149.2,166.69 8 0
pansou/plugin/susu/susu.go:166.69,179.31 7 0
pansou/plugin/susu/susu.go:179.31,181.41 1 0
pansou/plugin/susu/susu.go:181.41,183.10 2 0
pansou/plugin/susu/susu.go:188.3,188.14 1 0
pansou/plugin/susu/susu.go:188.14,190.4 1 0
pansou/plugin/susu/susu.go:194.2,194.26 1 0
pansou/plugin/susu/susu.go:194.26,197.44 2 0
pansou/plugin/susu/susu.go:197.44,202.17 3 0
pansou/plugin/susu/susu.go:202.17,202.32 1 0
pansou/plugin/susu/susu.go:205.4,206.20 2 0
pansou/plugin/susu/susu.go:206.20,209.5 2 0
pansou/plugin/susu/susu.go:212.4,222.25 7 0
pansou/plugin/susu/susu.go:222.25,224.19 2 0
pansou/plugin/susu/susu.go:224.19,226.6 1 0
pansou/plugin/susu/susu.go:230.4,231.73 2 0
pansou/plugin/susu/susu.go:231.73,233.18 2 0
pansou/plugin/susu/susu.go:233.18,235.6 1 0
pansou/plugin/susu/susu.go:239.4,240.37 2 0
pansou/plugin/susu/susu.go:240.37,243.5 1 0
pansou/plugin/susu/susu.go:246.4,255.24 2 0
pansou/plugin/susu/susu.go:260.2,260.12 1 0
pansou/plugin/susu/susu.go:260.12,264.3 3 0
pansou/plugin/susu/susu.go:267.2,268.33 2 0
pansou/plugin/susu/susu.go:268.33,270.3 1 0
pansou/plugin/susu/susu.go:273.2,273.21 1 0
pansou/plugin/susu/susu.go:277.70,283.52 3 0
pansou/plugin/susu/susu.go:283.52,285.3 1 0
pansou/plugin/susu/susu.go:288.2,289.50 2 0
pansou/plugin/susu/susu.go:289.50,293.3 3 0
pansou/plugin/susu/susu.go:296.2,297.12 2 0
pansou/plugin/susu/susu.go:297.12,300.23 3 0
pansou/plugin/susu/susu.go:300.23,304.4 3 0
pansou/plugin/susu/susu.go:307.2,307.11 1 0
pansou/plugin/susu/susu.go:311.94,313.57 1 0
pansou/plugin/susu/susu.go:313.57,315.3 1 0
pansou/plugin/susu/susu.go:318.2,325.35 4 0
pansou/plugin/susu/susu.go:325.35,328.22 2 0
pansou/plugin/susu/susu.go:328.22,332.18 3 0
pansou/plugin/susu/susu.go:332.18,334.5 1 0
pansou/plugin/susu/susu.go:336.4,336.22 1 0
pansou/plugin/susu/susu.go:336.22,338.5 1 0
pansou/plugin/susu/susu.go:343.2,343.12 1 0
pansou/plugin/susu/susu.go:343.12,346.3 2 0
pansou/plugin/susu/susu.go:349.2,350.29 2 0
pansou/plugin/susu/susu.go:350.29,352.3 1 0
pansou/plugin/susu/susu.go:355.2,357.19 2 0
pansou/plugin/susu/susu.go:361.110,366.60 2 0
pansou/plugin/susu/susu.go:366.60,368.3 1 0
pansou/plugin/susu/susu.go:371.2,375.16 3 0
pansou/plugin/susu/susu.go:375.16,377.3 1 0
pansou/plugin/susu/susu.go:380.2,386.16 5 0
pansou/plugin/susu/susu.go:386.16,388.3 1 0
pansou/plugin/susu/susu.go:389.2,393.16 3 0
pansou/plugin/susu/susu.go:393.16,395.3 1 0
pansou/plugin/susu/susu.go:398.2,404.64 2 0
pansou/plugin/susu/susu.go:404.64,406.3 1 0
pansou/plugin/susu/susu.go:409.2,409.35 1 0
pansou/plugin/susu/susu.go:409.35,411.3 1 0
pansou/plugin/susu/susu.go:414.2,415.16 2 0
pansou/plugin/susu/susu.go:415.16,417.3 1 0
pansou/plugin/susu/susu.go:420.2,428.18 3 0
pansou/plugin/susu/susu.go:432.73,434.56 1 0
pansou/plugin/susu/susu.go:434.56,436.3 1 0
pansou/plugin/susu/susu.go:439.2,440.21 2 0
pansou/plugin/susu/susu.go:440.21,442.3 1 0
pansou/plugin/susu/susu.go:445.2,446.16 2 0
pansou/plugin/susu/susu.go:446.16,448.3 1 0
pansou/plugin/susu/susu.go:451.2,456.62 2 0
pansou/plugin/susu/susu.go:456.62,458.3 1 0
pansou/plugin/susu/susu.go:461.2,463.34 2 0
pansou/plugin/susu/susu.go:467.70,472.56 2 0
pansou/plugin/susu/susu.go:472.56,474.3 1 0
pansou/plugin/susu/susu.go:476.2,482.9 4 0
pansou/plugin/susu/susu.go:483.51,484.21 1 0
pansou/plugin/susu/susu.go:485.97,486.22 1 0
pansou/plugin/susu/susu.go:487.52,488.22 1 0
pansou/plugin/susu/susu.go:489.50,490.21 1 0
pansou/plugin/susu/susu.go:491.50,492.22 1 0
pansou/plugin/susu/susu.go:493.45,494.19 1 0
pansou/plugin/susu/susu.go:495.49,496.18 1 0
pansou/plugin/susu/susu.go:497.52,498.22 1 0
pansou/plugin/susu/susu.go:499.54,500.22 1 0
pansou/plugin/susu/susu.go:501.44,502.22 1 0
pansou/plugin/susu/susu.go:503.52,504.26 1 0
pansou/plugin/susu/susu.go:505.48,506.19 1 0
pansou/plugin/susu/susu.go:507.50,508.22 1 0
pansou/plugin/susu/susu.go:509.10,511.10 1 0
pansou/plugin/susu/susu.go:512.46,513.22 1 0
pansou/plugin/susu/susu.go:514.46,515.23 1 0
pansou/plugin/susu/susu.go:516.46,517.23 1 0
pansou/plugin/susu/susu.go:518.46,519.22 1 0
pansou/plugin/susu/susu.go:520.46,521.23 1 0
pansou/plugin/susu/susu.go:522.43,523.20 1 0
pansou/plugin/susu/susu.go:524.42,525.19 1 0
pansou/plugin/susu/susu.go:526.87,527.23 1 0
pansou/plugin/susu/susu.go:528.46,529.23 1 0
pansou/plugin/susu/susu.go:530.46,531.23 1 0
pansou/plugin/susu/susu.go:532.46,533.27 1 0
pansou/plugin/susu/susu.go:534.43,535.20 1 0
pansou/plugin/susu/susu.go:536.46,537.23 1 0
pansou/plugin/susu/susu.go:538.11,539.23 1 0
pansou/plugin/susu/susu.go:544.2,546.17 2 0
pansou/plugin/susu/susu.go:550.126,554.35 3 0
pansou/plugin/susu/susu.go:554.35,556.12 1 0
pansou/plugin/susu/susu.go:556.12,559.31 2 0
pansou/plugin/susu/susu.go:559.31,561.5 1 0
pansou/plugin/susu/susu.go:562.4,562.23 1 0
pansou/plugin/susu/susu.go:566.3,572.43 3 0
pansou/plugin/susu/susu.go:572.43,573.9 1 0
pansou/plugin/susu/susu.go:577.2,577.18 1 0
pansou/plugin/susu/susu.go:581.39,582.16 1 0
pansou/plugin/susu/susu.go:582.16,584.3 1 0
pansou/plugin/susu/susu.go:587.2,587.39 1 0
pansou/plugin/susu/susu.go:587.39,589.3 1 0
pansou/plugin/susu/susu.go:592.2,595.34 2 0
pansou/plugin/susu/susu.go:599.30,601.30 2 0
pansou/plugin/susu/susu.go:601.30,603.3 1 0
pansou/plugin/susu/susu.go:604.2,604.10 1 0
pansou/plugin/thepiratebay/thepiratebay.go:85.47,101.2 2 0
pansou/plugin/thepiratebay/thepiratebay.go:104.50,109.2 1 0
pansou/plugin/thepiratebay/thepiratebay.go:112.13,117.2 2 0
pansou/plugin/thepiratebay/thepiratebay.go:120.26,124.21 3 0
pansou/plugin/thepiratebay/thepiratebay.go:124.21,128.3 2 0
pansou/plugin/thepiratebay/thepiratebay.go:132.111,134.16 2 0
pansou/plugin/thepiratebay/thepiratebay.go:134.16,136.3 1 0
pansou/plugin/thepiratebay/thepiratebay.go:137.2,137.28 1 0
pansou/plugin/thepiratebay/thepiratebay.go:141.125,143.2 1 0
pansou/plugin/thepiratebay/thepiratebay.go:146.136,148.30 1 0
pansou/plugin/thepiratebay/thepiratebay.go:148.30,150.3 1 0
pansou/plugin/thepiratebay/thepiratebay.go:153.2,154.16 2 0
pansou/plugin/thepiratebay/thepiratebay.go:154.16,155.49 1 0
pansou/plugin/thepiratebay/thepiratebay.go:155.49,156.66 1 0
pansou/plugin/thepiratebay/thepiratebay.go:156.66,158.5 1 0
pansou/plugin/thepiratebay/thepiratebay.go:162.2,167.16 4 0
pansou/plugin/thepiratebay/thepiratebay.go:167.16,169.3 1 0
pansou/plugin/thepiratebay/thepiratebay.go:170.2,174.33 3 0
pansou/plugin/thepiratebay/thepiratebay.go:174.33,176.3 1 0
pansou/plugin/thepiratebay/thepiratebay.go:178.2,178.44 1 0
pansou/plugin/thepiratebay/thepiratebay.go:178.44,189.51 5 0
pansou/plugin/thepiratebay/thepiratebay.go:189.51,191.25 2 0
pansou/plugin/thepiratebay/thepiratebay.go:191.25,196.18 3 0
pansou/plugin/thepiratebay/thepiratebay.go:196.18,196.33 1 0
pansou/plugin/thepiratebay/thepiratebay.go:198.5,199.50 2 0
pansou/plugin/thepiratebay/thepiratebay.go:199.50,203.6 3 0
pansou/plugin/thepiratebay/thepiratebay.go:207.3,210.51 2 0
pansou/plugin/thepiratebay/thepiratebay.go:210.51,211.52 1 0
pansou/plugin/thepiratebay/thepiratebay.go:211.52,213.5 1 0
pansou/plugin/thepiratebay/thepiratebay.go:219.2,221.21 2 0
pansou/plugin/thepiratebay/thepiratebay.go:225.130,228.15 2 0
pansou/plugin/thepiratebay/thepiratebay.go:228.15,230.3 1 0
pansou/plugin/thepiratebay/thepiratebay.go:230.8,232.3 1 0
pansou/plugin/thepiratebay/thepiratebay.go:235.2,236.48 2 0
pansou/plugin/thepiratebay/thepiratebay.go:236.48,237.51 1 0
pansou/plugin/thepiratebay/thepiratebay.go:237.51,238.51 1 0
pansou/plugin/thepiratebay/thepiratebay.go:238.51,240.5 1 0
pansou/plugin/thepiratebay/thepiratebay.go:245.2,250.16 4 0
pansou/plugin/thepiratebay/thepiratebay.go:250.16,252.3 1 0
pansou/plugin/thepiratebay/thepiratebay.go:255.2,265.16 9 0
pansou/plugin/thepiratebay/thepiratebay.go:265.16,267.3 1 0
pansou/plugin/thepiratebay/thepiratebay.go:268.2,271.28 2 0
pansou/plugin/thepiratebay/thepiratebay.go:271.28,273.3 1 0
pansou/plugin/thepiratebay/thepiratebay.go:276.2,277.16 2 0
pansou/plugin/thepiratebay/thepiratebay.go:277.16,279.3 1 0
pansou/plugin/thepiratebay/thepiratebay.go:282.2,283.15 2 0
pansou/plugin/thepiratebay/thepiratebay.go:283.15,285.3 1 0
pansou/plugin/thepiratebay/thepiratebay.go:288.2,289.75 2 0
pansou/plugin/thepiratebay/thepiratebay.go:289.75,291.27 1 0
pansou/plugin/thepiratebay/thepiratebay.go:291.27,293.4 1 0
pansou/plugin/thepiratebay/thepiratebay.go:295.3,296.20 2 0
pansou/plugin/thepiratebay/thepiratebay.go:296.20,298.4 1 0
pansou/plugin/thepiratebay/thepiratebay.go:302.2,309.33 3 0
pansou/plugin/thepiratebay/thepiratebay.go:313.73,318.89 2 0
pansou/plugin/thepiratebay/thepiratebay.go:318.89,320.14 2 0
pansou/plugin/thepiratebay/thepiratebay.go:320.14,322.4 1 0
pansou/plugin/thepiratebay/thepiratebay.go:325.3,326.22 2 0
pansou/plugin/thepiratebay/thepiratebay.go:326.22,327.42 1 0
pansou/plugin/thepiratebay/thepiratebay.go:327.42,328.79 1 0
pansou/plugin/thepiratebay/thepiratebay.go:328.79,330.6 1 0
pansou/plugin/thepiratebay/thepiratebay.go:336.2,336.71 1 0
pansou/plugin/thepiratebay/thepiratebay.go:336.71,338.78 2 0
pansou/plugin/thepiratebay/thepiratebay.go:338.78,340.4 1 0
pansou/plugin/thepiratebay/thepiratebay.go:344.2,344.24 1 0
pansou/plugin/thepiratebay/thepiratebay.go:344.24,346.3 1 0
pansou/plugin/thepiratebay/thepiratebay.go:348.2,348.16 1 0
pansou/plugin/thepiratebay/thepiratebay.go:352.94,355.32 2 0
pansou/plugin/thepiratebay/thepiratebay.go:355.32,357.3 1 0
pansou/plugin/thepiratebay/thepiratebay.go:359.2,360.17 2 0
pansou/plugin/thepiratebay/thepiratebay.go:360.17,362.3 1 0
pansou/plugin/thepiratebay/thepiratebay.go:365.2,368.32 3 0
pansou/plugin/thepiratebay/thepiratebay.go:368.32,370.3 1 0
pansou/plugin/thepiratebay/thepiratebay.go:373.2,373.39 1 0
pansou/plugin/thepiratebay/thepiratebay.go:373.39,375.3 1 0
pansou/plugin/thepiratebay/thepiratebay.go:378.2,379.22 2 0
pansou/plugin/thepiratebay/thepiratebay.go:379.22,381.3 1 0
pansou/plugin/thepiratebay/thepiratebay.go:382.2,387.32 4 0
pansou/plugin/thepiratebay/thepiratebay.go:387.32,389.3 1 0
pansou/plugin/thepiratebay/thepiratebay.go:392.2,392.45 1 0
pansou/plugin/thepiratebay/thepiratebay.go:392.45,394.3 1 0
pansou/plugin/thepiratebay/thepiratebay.go:397.2,398.64 2 0
pansou/plugin/thepiratebay/thepiratebay.go:398.64,400.16 2 0
pansou/plugin/thepiratebay/thepiratebay.go:400.16,402.4 1 0
pansou/plugin/thepiratebay/thepiratebay.go:406.2,413.80 4 0
pansou/plugin/thepiratebay/thepiratebay.go:413.80,415.3 1 0
pansou/plugin/thepiratebay/thepiratebay.go:418.2,418.19 1 0
pansou/plugin/thepiratebay/thepiratebay.go:418.19,420.3 1 0
pansou/plugin/thepiratebay/thepiratebay.go:421.2,427.37 4 0
pansou/plugin/thepiratebay/thepiratebay.go:427.37,429.3 1 0
pansou/plugin/thepiratebay/thepiratebay.go:432.2,446.3 2 0
pansou/plugin/thepiratebay/thepiratebay.go:450.72,455.80 2 0
pansou/plugin/thepiratebay/thepiratebay.go:455.80,458.72 3 0
pansou/plugin/thepiratebay/thepiratebay.go:458.72,460.4 1 0
pansou/plugin/thepiratebay/thepiratebay.go:464.2,464.80 1 0
pansou/plugin/thepiratebay/thepiratebay.go:464.80,466.62 2 0
pansou/plugin/thepiratebay/thepiratebay.go:466.62,468.4 1 0
pansou/plugin/thepiratebay/thepiratebay.go:472.2,472.19 1 0
pansou/plugin/thepiratebay/thepiratebay.go:476.113,480.34 3 0
pansou/plugin/thepiratebay/thepiratebay.go:480.34,481.12 1 0
pansou/plugin/thepiratebay/thepiratebay.go:481.12,485.4 2 0
pansou/plugin/thepiratebay/thepiratebay.go:488.3,491.43 3 0
pansou/plugin/thepiratebay/thepiratebay.go:491.43,493.4 1 0
pansou/plugin/thepiratebay/thepiratebay.go:495.3,495.18 1 0
pansou/plugin/thepiratebay/thepiratebay.go:495.18,497.4 1 0
pansou/plugin/thepiratebay/thepiratebay.go:498.3,498.16 1 0
pansou/plugin/thepiratebay/thepiratebay.go:501.2,501.81 1 0
pansou/plugin/wanou/wanou.go:36.13,38.2 1 0
pansou/plugin/wanou/wanou.go:70.47,83.2 2 0
pansou/plugin/wanou/wanou.go:86.41,91.2 1 0
pansou/plugin/wanou/wanou.go:94.109,96.16 2 0
pansou/plugin/wanou/wanou.go:96.16,98.3 1 0
pansou/plugin/wanou/wanou.go:99.2,99.28 1 0
pansou/plugin/wanou/wanou.go:103.123,105.2 1 0
pansou/plugin/wanou/wanou.go:108.134,112.15 3 0
pansou/plugin/wanou/wanou.go:112.15,115.3 2 0
pansou/plugin/wanou/wanou.go:118.2,118.30 1 0
pansou/plugin/wanou/wanou.go:118.30,120.3 1 0
pansou/plugin/wanou/wanou.go:123.2,130.16 5 0
pansou/plugin/wanou/wanou.go:130.16,132.3 1 0
pansou/plugin/wanou/wanou.go:135.2,144.16 8 0
pansou/plugin/wanou/wanou.go:144.16,146.3 1 0
pansou/plugin/wanou/wanou.go:147.2,151.16 3 0
pansou/plugin/wanou/wanou.go:151.16,153.3 1 0
pansou/plugin/wanou/wanou.go:155.2,156.59 2 0
pansou/plugin/wanou/wanou.go:156.59,158.3 1 0
pansou/plugin/wanou/wanou.go:161.2,161.27 1 0
pansou/plugin/wanou/wanou.go:161.27,163.3 1 0
pansou/plugin/wanou/wanou.go:166.2,167.40 2 0
pansou/plugin/wanou/wanou.go:167.40,168.57 1 0
pansou/plugin/wanou/wanou.go:168.57,170.4 1 0
pansou/plugin/wanou/wanou.go:173.2,173.21 1 0
pansou/plugin/wanou/wanou.go:204.79,210.17 3 0
pansou/plugin/wanou/wanou.go:210.17,212.3 1 0
pansou/plugin/wanou/wanou.go:215.2,216.25 2 0
pansou/plugin/wanou/wanou.go:216.25,218.3 1 0
pansou/plugin/wanou/wanou.go:219.2,219.28 1 0
pansou/plugin/wanou/wanou.go:219.28,221.3 1 0
pansou/plugin/wanou/wanou.go:222.2,222.24 1 0
pansou/plugin/wanou/wanou.go:222.24,224.3 1 0
pansou/plugin/wanou/wanou.go:225.2,225.24 1 0
pansou/plugin/wanou/wanou.go:225.24,227.3 1 0
pansou/plugin/wanou/wanou.go:228.2,228.27 1 0
pansou/plugin/wanou/wanou.go:228.27,230.3 1 0
pansou/plugin/wanou/wanou.go:231.2,238.24 4 0
pansou/plugin/wanou/wanou.go:238.24,240.3 1 0
pansou/plugin/wanou/wanou.go:241.2,241.24 1 0
pansou/plugin/wanou/wanou.go:241.24,243.3 1 0
pansou/plugin/wanou/wanou.go:245.2,253.3 1 0
pansou/plugin/wanou/wanou.go:257.92,258.43 1 0
pansou/plugin/wanou/wanou.go:258.43,260.3 1 0
pansou/plugin/wanou/wanou.go:263.2,268.28 4 0
pansou/plugin/wanou/wanou.go:268.28,270.3 1 0
pansou/plugin/wanou/wanou.go:272.2,273.30 2 0
pansou/plugin/wanou/wanou.go:273.30,277.19 3 0
pansou/plugin/wanou/wanou.go:277.19,278.12 1 0
pansou/plugin/wanou/wanou.go:282.3,283.21 2 0
pansou/plugin/wanou/wanou.go:283.21,284.12 1 0
pansou/plugin/wanou/wanou.go:288.3,294.5 2 0
pansou/plugin/wanou/wanou.go:297.2,297.14 1 0
pansou/plugin/wanou/wanou.go:301.83,306.111 1 0
pansou/plugin/wanou/wanou.go:306.111,308.3 1 0
pansou/plugin/wanou/wanou.go:311.2,311.34 1 0
pansou/plugin/wanou/wanou.go:312.12,313.38 1 0
pansou/plugin/wanou/wanou.go:313.38,315.4 1 0
pansou/plugin/wanou/wanou.go:316.12,317.38 1 0
pansou/plugin/wanou/wanou.go:317.38,319.4 1 0
pansou/plugin/wanou/wanou.go:320.12,321.35 1 0
pansou/plugin/wanou/wanou.go:321.35,323.4 1 0
pansou/plugin/wanou/wanou.go:324.13,325.39 1 0
pansou/plugin/wanou/wanou.go:325.39,327.4 1 0
pansou/plugin/wanou/wanou.go:328.12,329.39 1 0
pansou/plugin/wanou/wanou.go:329.39,331.4 1 0
pansou/plugin/wanou/wanou.go:332.12,333.39 1 0
pansou/plugin/wanou/wanou.go:333.39,335.4 1 0
pansou/plugin/wanou/wanou.go:336.13,337.36 1 0
pansou/plugin/wanou/wanou.go:337.36,339.4 1 0
pansou/plugin/wanou/wanou.go:340.12,341.39 1 0
pansou/plugin/wanou/wanou.go:341.39,343.4 1 0
pansou/plugin/wanou/wanou.go:344.12,345.39 1 0
pansou/plugin/wanou/wanou.go:345.39,347.4 1 0
pansou/plugin/wanou/wanou.go:348.12,349.39 1 0
pansou/plugin/wanou/wanou.go:349.39,351.4 1 0
pansou/plugin/wanou/wanou.go:352.13,353.43 1 0
pansou/plugin/wanou/wanou.go:353.43,355.4 1 0
pansou/plugin/wanou/wanou.go:356.13,357.36 1 0
pansou/plugin/wanou/wanou.go:357.36,359.4 1 0
pansou/plugin/wanou/wanou.go:360.16,361.39 1 0
pansou/plugin/wanou/wanou.go:361.39,363.4 1 0
pansou/plugin/wanou/wanou.go:367.2,367.9 1 0
pansou/plugin/wanou/wanou.go:368.39,369.17 1 0
pansou/plugin/wanou/wanou.go:370.36,371.14 1 0
pansou/plugin/wanou/wanou.go:372.40,373.18 1 0
pansou/plugin/wanou/wanou.go:374.40,375.18 1 0
pansou/plugin/wanou/wanou.go:376.40,377.18 1 0
pansou/plugin/wanou/wanou.go:378.37,379.15 1 0
pansou/plugin/wanou/wanou.go:380.40,381.18 1 0
pansou/plugin/wanou/wanou.go:382.40,383.18 1 0
pansou/plugin/wanou/wanou.go:384.40,385.18 1 0
pansou/plugin/wanou/wanou.go:386.44,387.22 1 0
pansou/plugin/wanou/wanou.go:388.37,389.15 1 0
pansou/plugin/wanou/wanou.go:390.40,391.18 1 0
pansou/plugin/wanou/wanou.go:392.40,393.18 1 0
pansou/plugin/wanou/wanou.go:394.38,395.16 1 0
pansou/plugin/wanou/wanou.go:396.39,397.17 1 0
pansou/plugin/wanou/wanou.go:398.10,399.12 1 0
pansou/plugin/wanou/wanou.go:404.65,405.9 1 0
pansou/plugin/wanou/wanou.go:406.39,407.17 1 0
pansou/plugin/wanou/wanou.go:408.36,409.14 1 0
pansou/plugin/wanou/wanou.go:410.39,411.17 1 0
pansou/plugin/wanou/wanou.go:412.40,413.18 1 0
pansou/plugin/wanou/wanou.go:414.40,415.18 1 0
pansou/plugin/wanou/wanou.go:416.40,417.18 1 0
pansou/plugin/wanou/wanou.go:418.37,419.15 1 0
pansou/plugin/wanou/wanou.go:420.40,421.18 1 0
pansou/plugin/wanou/wanou.go:422.40,423.18 1 0
pansou/plugin/wanou/wanou.go:424.40,425.18 1 0
pansou/plugin/wanou/wanou.go:426.44,427.22 1 0
pansou/plugin/wanou/wanou.go:428.37,429.15 1 0
pansou/plugin/wanou/wanou.go:430.40,431.18 1 0
pansou/plugin/wanou/wanou.go:432.40,433.18 1 0
pansou/plugin/wanou/wanou.go:434.38,435.16 1 0
pansou/plugin/wanou/wanou.go:436.10,437.12 1 0
pansou/plugin/wanou/wanou.go:442.63,444.22 2 0
pansou/plugin/wanou/wanou.go:444.22,446.3 1 0
pansou/plugin/wanou/wanou.go:447.2,447.11 1 0
pansou/plugin/wanou/wanou.go:451.111,455.34 3 0
pansou/plugin/wanou/wanou.go:455.34,457.17 2 0
pansou/plugin/wanou/wanou.go:457.17,458.40 1 0
pansou/plugin/wanou/wanou.go:458.40,460.5 1 0
pansou/plugin/wanou/wanou.go:461.4,462.62 2 0
pansou/plugin/wanou/wanou.go:463.9,465.4 1 0
pansou/plugin/wanou/wanou.go:468.3,468.23 1 0
pansou/plugin/wanou/wanou.go:468.23,470.4 1 0
pansou/plugin/wanou/wanou.go:473.2,473.106 1 0
pansou/plugin/wanou/wanou.go:477.73,482.23 4 0
pansou/plugin/wanou/wanou.go:482.23,484.3 1 0
pansou/plugin/wanou/wanou.go:486.2,490.3 1 0
pansou/plugin/xuexizhinan/xuexizhinan.go:69.48,73.2 1 0
pansou/plugin/xuexizhinan/xuexizhinan.go:76.13,81.2 2 0
pansou/plugin/xuexizhinan/xuexizhinan.go:84.26,88.21 3 0
pansou/plugin/xuexizhinan/xuexizhinan.go:88.21,92.3 2 0
pansou/plugin/xuexizhinan/xuexizhinan.go:96.110,98.16 2 0
pansou/plugin/xuexizhinan/xuexizhinan.go:98.16,100.3 1 0
pansou/plugin/xuexizhinan/xuexizhinan.go:101.2,101.28 1 0
pansou/plugin/xuexizhinan/xuexizhinan.go:105.124,107.2 1 0
pansou/plugin/xuexizhinan/xuexizhinan.go:110.133,116.16 3 0
pansou/plugin/xuexizhinan/xuexizhinan.go:116.16,118.3 1 0
pansou/plugin/xuexizhinan/xuexizhinan.go:120.2,129.16 6 0
pansou/plugin/xuexizhinan/xuexizhinan.go:129.16,131.3 1 0
pansou/plugin/xuexizhinan/xuexizhinan.go:132.2,135.38 2 0
pansou/plugin/xuexizhinan/xuexizhinan.go:135.38,137.3 1 0
pansou/plugin/xuexizhinan/xuexizhinan.go:140.2,141.16 2 0
pansou/plugin/xuexizhinan/xuexizhinan.go:141.16,143.3 1 0
pansou/plugin/xuexizhinan/xuexizhinan.go:146.2,160.63 5 0
pansou/plugin/xuexizhinan/xuexizhinan.go:160.63,166.43 4 0
pansou/plugin/xuexizhinan/xuexizhinan.go:166.43,168.4 1 0
pansou/plugin/xuexizhinan/xuexizhinan.go:171.3,175.31 3 0
pansou/plugin/xuexizhinan/xuexizhinan.go:175.31,176.41 1 0
pansou/plugin/xuexizhinan/xuexizhinan.go:176.41,178.10 2 0
pansou/plugin/xuexizhinan/xuexizhinan.go:183.3,183.14 1 0
pansou/plugin/xuexizhinan/xuexizhinan.go:183.14,185.4 1 0
pansou/plugin/xuexizhinan/xuexizhinan.go:189.2,189.26 1 0
pansou/plugin/xuexizhinan/xuexizhinan.go:189.26,191.3 1 0
pansou/plugin/xuexizhinan/xuexizhinan.go:194.2,203.34 6 0
pansou/plugin/xuexizhinan/xuexizhinan.go:203.34,205.23 2 0
pansou/plugin/xuexizhinan/xuexizhinan.go:205.23,210.17 3 0
pansou/plugin/xuexizhinan/xuexizhinan.go:210.17,210.32 1 0
pansou/plugin/xuexizhinan/xuexizhinan.go:213.4,214.18 2 0
pansou/plugin/xuexizhinan/xuexizhinan.go:214.18,217.5 2 0
pansou/plugin/xuexizhinan/xuexizhinan.go:219.4,219.21 1 0
pansou/plugin/xuexizhinan/xuexizhinan.go:219.21,221.5 1 0
pansou/plugin/xuexizhinan/xuexizhinan.go:226.2,232.27 5 0
pansou/plugin/xuexizhinan/xuexizhinan.go:232.27,234.3 1 0
pansou/plugin/xuexizhinan/xuexizhinan.go:237.2,238.31 2 0
pansou/plugin/xuexizhinan/xuexizhinan.go:238.31,240.3 1 0
pansou/plugin/xuexizhinan/xuexizhinan.go:243.2,243.22 1 0
pansou/plugin/xuexizhinan/xuexizhinan.go:243.22,248.3 2 0
pansou/plugin/xuexizhinan/xuexizhinan.go:248.8,248.26 1 0
pansou/plugin/xuexizhinan/xuexizhinan.go:248.26,250.3 1 0
pansou/plugin/xuexizhinan/xuexizhinan.go:252.2,252.17 1 0
pansou/plugin/xuexizhinan/xuexizhinan.go:256.115,258.61 1 0
pansou/plugin/xuexizhinan/xuexizhinan.go:258.61,262.54 2 0
pansou/plugin/xuexizhinan/xuexizhinan.go:262.54,264.4 1 0
pansou/plugin/xuexizhinan/xuexizhinan.go:268.2,269.22 2 0
pansou/plugin/xuexizhinan/xuexizhinan.go:269.22,271.3 1 0
pansou/plugin/xuexizhinan/xuexizhinan.go:274.2,275.16 2 0
pansou/plugin/xuexizhinan/xuexizhinan.go:275.16,277.3 1 0
pansou/plugin/xuexizhinan/xuexizhinan.go:279.2,288.16 6 0
pansou/plugin/xuexizhinan/xuexizhinan.go:288.16,290.3 1 0
pansou/plugin/xuexizhinan/xuexizhinan.go:291.2,294.38 2 0
pansou/plugin/xuexizhinan/xuexizhinan.go:294.38,296.3 1 0
pansou/plugin/xuexizhinan/xuexizhinan.go:299.2,300.16 2 0
pansou/plugin/xuexizhinan/xuexizhinan.go:300.16,302.3 1 0
pansou/plugin/xuexizhinan/xuexizhinan.go:305.2,311.26 3 0
pansou/plugin/xuexizhinan/xuexizhinan.go:311.26,316.3 3 0
pansou/plugin/xuexizhinan/xuexizhinan.go:319.2,322.74 2 0
pansou/plugin/xuexizhinan/xuexizhinan.go:322.74,324.16 2 0
pansou/plugin/xuexizhinan/xuexizhinan.go:324.16,326.4 1 0
pansou/plugin/xuexizhinan/xuexizhinan.go:330.2,334.68 2 0
pansou/plugin/xuexizhinan/xuexizhinan.go:334.68,335.17 1 0
pansou/plugin/xuexizhinan/xuexizhinan.go:335.17,338.54 2 0
pansou/plugin/xuexizhinan/xuexizhinan.go:338.54,341.26 2 0
pansou/plugin/xuexizhinan/xuexizhinan.go:341.26,343.6 1 0
pansou/plugin/xuexizhinan/xuexizhinan.go:345.9,345.23 1 0
pansou/plugin/xuexizhinan/xuexizhinan.go:345.23,351.119 4 0
pansou/plugin/xuexizhinan/xuexizhinan.go:351.119,358.5 2 0
pansou/plugin/xuexizhinan/xuexizhinan.go:363.2,366.59 2 0
pansou/plugin/xuexizhinan/xuexizhinan.go:370.119,371.93 1 0
pansou/plugin/xuexizhinan/xuexizhinan.go:371.93,373.3 1 0
pansou/plugin/xuexizhinan/xuexizhinan.go:376.2,378.23 3 0
pansou/plugin/xuexizhinan/xuexizhinan.go:378.23,380.3 1 0
pansou/plugin/xuexizhinan/xuexizhinan.go:383.2,389.27 4 0
pansou/plugin/xuexizhinan/xuexizhinan.go:389.27,391.69 1 0
pansou/plugin/xuexizhinan/xuexizhinan.go:391.69,393.4 1 0
pansou/plugin/xuexizhinan/xuexizhinan.go:397.2,401.50 3 0
pansou/plugin/xuexizhinan/xuexizhinan.go:401.50,407.3 1 0
pansou/plugin/xuexizhinan/xuexizhinan.go:410.2,422.15 3 0
pansou/util/compression.go:20.62,22.2 1 0
pansou/util/compression.go:25.65,27.2 1 0
pansou/util/compression.go:30.38,32.2 1 0
pansou/util/compression.go:35.39,36.30 1 0
pansou/util/compression.go:36.30,38.42 1 0
pansou/util/compression.go:38.42,41.4 2 0
pansou/util/compression.go:44.3,44.73 1 0
pansou/util/compression.go:44.73,47.4 2 0
pansou/util/compression.go:50.3,61.61 6 0
pansou/util/compression.go:61.61,64.4 2 0
pansou/util/compression.go:67.3,72.17 4 0
pansou/util/compression.go:72.17,75.4 2 0
pansou/util/compression.go:76.3,79.25 2 0
pansou/util/compression.go:90.53,93.2 2 0
pansou/util/compression.go:96.59,99.2 2 0
pansou/util/compression.go:102.48,107.16 3 0
pansou/util/compression.go:107.16,109.3 1 0
pansou/util/compression.go:112.2,112.42 1 0
pansou/util/compression.go:112.42,114.3 1 0
pansou/util/compression.go:117.2,117.35 1 0
pansou/util/compression.go:117.35,119.3 1 0
pansou/util/compression.go:121.2,121.25 1 0
pansou/util/compression.go:125.50,128.16 2 0
pansou/util/compression.go:128.16,130.3 1 0
pansou/util/compression.go:131.2,134.27 2 0
pansou/util/convert.go:8.32,9.13 1 0
pansou/util/convert.go:9.13,11.3 1 0
pansou/util/convert.go:13.2,14.16 2 0
pansou/util/convert.go:14.16,16.3 1 0
pansou/util/convert.go:17.2,17.10 1 0
pansou/util/crypto.go:16.52,19.16 2 0
pansou/util/crypto.go:19.16,21.3 1 0
pansou/util/crypto.go:22.2,22.33 1 0
pansou/util/crypto.go:34.60,39.2 2 0
pansou/util/http_util.go:20.23,48.31 2 0
pansou/util/http_util.go:48.31,50.17 2 0
pansou/util/http_util.go:50.17,52.35 1 0
pansou/util/http_util.go:52.35,55.19 2 0
pansou/util/http_util.go:55.19,56.96 1 0
pansou/util/http_util.go:56.96,58.7 1 0
pansou/util/http_util.go:60.10,63.5 1 0
pansou/util/http_util.go:68.2,71.3 1 0
pansou/util/http_util.go:75.35,76.23 1 0
pansou/util/http_util.go:76.23,78.3 1 0
pansou/util/http_util.go:79.2,79.19 1 0
pansou/util/http_util.go:83.50,89.16 3 0
pansou/util/http_util.go:89.16,91.3 1 0
pansou/util/http_util.go:94.2,102.16 7 0
pansou/util/http_util.go:102.16,104.3 1 0
pansou/util/http_util.go:105.2,109.16 3 0
pansou/util/http_util.go:109.16,111.3 1 0
pansou/util/http_util.go:113.2,113.26 1 0
pansou/util/http_util.go:117.82,119.19 2 0
pansou/util/http_util.go:119.19,121.26 2 0
pansou/util/http_util.go:121.26,123.4 1 0
pansou/util/http_util.go:125.2,125.16 1 0
pansou/util/jwt.go:28.104,30.2 1 0
pansou/util/jwt.go:33.129,34.20 1 0
pansou/util/jwt.go:34.20,36.3 1 0
pansou/util/jwt.go:37.2,37.18 1 0
pansou/util/jwt.go:37.18,39.3 1 0
pansou/util/jwt.go:41.2,54.43 4 0
pansou/util/jwt.go:68.105,69.20 1 0
pansou/util/jwt.go:69.20,71.3 1 0
pansou/util/jwt.go:72.2,72.16 1 0
pansou/util/jwt.go:72.16,74.3 1 0
pansou/util/jwt.go:75.2,75.18 1 0
pansou/util/jwt.go:75.18,77.3 1 0
pansou/util/jwt.go:79.2,92.43 4 0
pansou/util/jwt.go:96.72,97.23 1 0
pansou/util/jwt.go:97.23,99.3 1 0
pansou/util/jwt.go:100.2,100.18 1 0
pansou/util/jwt.go:100.18,102.3 1 0
pansou/util/jwt.go:104.2,106.101 2 0
pansou/util/jwt.go:106.101,108.58 1 0
pansou/util/jwt.go:108.58,110.4 1 0
pansou/util/jwt.go:111.3,111.29 1 0
pansou/util/jwt.go:114.2,114.16 1 0
pansou/util/jwt.go:114.16,116.3 1 0
pansou/util/jwt.go:118.2,118.18 1 0
pansou/util/jwt.go:118.18,120.3 1 0
pansou/util/jwt.go:122.2,122.20 1 0
pansou/util/jwt.go:133.78,134.23 1 0
pansou/util/jwt.go:134.23,136.3 1 0
pansou/util/jwt.go:137.2,137.18 1 0
pansou/util/jwt.go:137.18,139.3 1 0
pansou/util/jwt.go:141.2,143.101 2 0
pansou/util/jwt.go:143.101,145.58 1 0
pansou/util/jwt.go:145.58,147.4 1 0
pansou/util/jwt.go:148.3,148.29 1 0
pansou/util/jwt.go:151.2,151.16 1 0
pansou/util/jwt.go:151.16,153.3 1 0
pansou/util/jwt.go:155.2,155.18 1 0
pansou/util/jwt.go:155.18,157.3 1 0
pansou/util/jwt.go:160.2,160.24 1 0
pansou/util/jwt.go:160.24,162.3 1 0
pansou/util/jwt.go:163.2,163.27 1 0
pansou/util/jwt.go:163.27,165.3 1 0
pansou/util/jwt.go:166.2,166.23 1 0
pansou/util/jwt.go:166.23,168.3 1 0
pansou/util/jwt.go:170.2,170.20 1 0
pansou/util/keygen.go:21.30,27.16 3 0
pansou/util/keygen.go:27.16,30.61 1 0
pansou/util/keygen.go:34.2,37.26 2 0
pansou/util/parser_util.go:12.39,16.43 2 0
pansou/util/parser_util.go:16.43,18.3 1 0
pansou/util/parser_util.go:21.2,21.44 1 0
pansou/util/parser_util.go:21.44,23.3 1 0
pansou/util/parser_util.go:26.2,26.40 1 0
pansou/util/parser_util.go:26.40,28.3 1 0
pansou/util/parser_util.go:31.2,31.41 1 0
pansou/util/parser_util.go:31.41,33.3 1 0
pansou/util/parser_util.go:36.2,36.43 1 0
pansou/util/parser_util.go:36.43,38.3 1 0
pansou/util/parser_util.go:41.2,41.44 1 0
pansou/util/parser_util.go:41.44,43.3 1 0
pansou/util/parser_util.go:46.2,46.41 1 0
pansou/util/parser_util.go:46.41,48.3 1 0
pansou/util/parser_util.go:51.2,51.49 1 0
pansou/util/parser_util.go:55.63,60.36 2 0
pansou/util/parser_util.go:60.36,62.3 1 0
pansou/util/parser_util.go:65.2,65.20 1 0
pansou/util/parser_util.go:65.20,67.24 1 0
pansou/util/parser_util.go:67.24,69.4 1 0
pansou/util/parser_util.go:70.3,70.34 1 0
pansou/util/parser_util.go:73.2,73.12 1 0
pansou/util/parser_util.go:77.64,84.2 2 0
pansou/util/parser_util.go:87.60,94.2 2 0
pansou/util/parser_util.go:97.61,104.2 2 0
pansou/util/parser_util.go:107.61,114.2 2 0
pansou/util/parser_util.go:117.92,119.16 2 0
pansou/util/parser_util.go:119.16,121.3 1 0
pansou/util/parser_util.go:123.2,139.79 3 0
pansou/util/parser_util.go:139.79,144.14 3 0
pansou/util/parser_util.go:144.14,146.4 1 0
pansou/util/parser_util.go:148.3,149.22 2 0
pansou/util/parser_util.go:149.22,151.4 1 0
pansou/util/parser_util.go:153.3,160.14 4 0
pansou/util/parser_util.go:160.14,162.4 1 0
pansou/util/parser_util.go:164.3,165.17 2 0
pansou/util/parser_util.go:165.17,167.4 1 0
pansou/util/parser_util.go:170.3,195.68 14 0
pansou/util/parser_util.go:195.68,197.15 2 0
pansou/util/parser_util.go:197.15,199.5 1 0
pansou/util/parser_util.go:202.4,202.29 1 0
pansou/util/parser_util.go:202.29,207.28 3 0
pansou/util/parser_util.go:207.28,210.41 2 0
pansou/util/parser_util.go:210.41,212.7 1 0
pansou/util/parser_util.go:215.6,215.24 1 0
pansou/util/parser_util.go:215.24,217.7 1 0
pansou/util/parser_util.go:218.11,218.36 1 0
pansou/util/parser_util.go:218.36,223.24 2 0
pansou/util/parser_util.go:223.24,225.7 1 0
pansou/util/parser_util.go:225.12,227.61 1 0
pansou/util/parser_util.go:227.61,229.8 1 0
pansou/util/parser_util.go:231.11,231.32 1 0
pansou/util/parser_util.go:231.32,236.24 2 0
pansou/util/parser_util.go:236.24,238.7 1 0
pansou/util/parser_util.go:238.12,240.57 1 0
pansou/util/parser_util.go:240.57,242.8 1 0
pansou/util/parser_util.go:244.11,244.33 1 0
pansou/util/parser_util.go:244.33,249.24 2 0
pansou/util/parser_util.go:249.24,251.7 1 0
pansou/util/parser_util.go:251.12,253.61 1 0
pansou/util/parser_util.go:253.61,255.8 1 0
pansou/util/parser_util.go:257.11,257.33 1 0
pansou/util/parser_util.go:257.33,262.24 2 0
pansou/util/parser_util.go:262.24,264.7 1 0
pansou/util/parser_util.go:264.12,266.61 1 0
pansou/util/parser_util.go:266.61,268.8 1 0
pansou/util/parser_util.go:270.11,270.36 1 0
pansou/util/parser_util.go:270.36,275.24 2 0
pansou/util/parser_util.go:275.24,277.7 1 0
pansou/util/parser_util.go:277.12,279.61 1 0
pansou/util/parser_util.go:279.61,281.8 1 0
pansou/util/parser_util.go:283.11,285.27 1 0
pansou/util/parser_util.go:285.27,292.7 2 0
pansou/util/parser_util.go:298.3,298.42 1 0
pansou/util/parser_util.go:298.42,303.27 3 0
pansou/util/parser_util.go:303.27,306.43 2 0
pansou/util/parser_util.go:306.43,308.6 1 0
pansou/util/parser_util.go:311.5,311.23 1 0
pansou/util/parser_util.go:311.23,313.6 1 0
pansou/util/parser_util.go:314.10,314.35 1 0
pansou/util/parser_util.go:314.35,319.23 2 0
pansou/util/parser_util.go:319.23,321.6 1 0
pansou/util/parser_util.go:321.11,323.60 1 0
pansou/util/parser_util.go:323.60,325.7 1 0
pansou/util/parser_util.go:327.10,327.31 1 0
pansou/util/parser_util.go:327.31,332.23 2 0
pansou/util/parser_util.go:332.23,334.6 1 0
pansou/util/parser_util.go:334.11,336.56 1 0
pansou/util/parser_util.go:336.56,338.7 1 0
pansou/util/parser_util.go:340.10,340.32 1 0
pansou/util/parser_util.go:340.32,345.23 2 0
pansou/util/parser_util.go:345.23,347.6 1 0
pansou/util/parser_util.go:347.11,349.60 1 0
pansou/util/parser_util.go:349.60,351.7 1 0
pansou/util/parser_util.go:353.10,353.32 1 0
pansou/util/parser_util.go:353.32,358.23 2 0
pansou/util/parser_util.go:358.23,360.6 1 0
pansou/util/parser_util.go:360.11,362.60 1 0
pansou/util/parser_util.go:362.60,364.7 1 0
pansou/util/parser_util.go:366.10,366.35 1 0
pansou/util/parser_util.go:366.35,371.23 2 0
pansou/util/parser_util.go:371.23,373.6 1 0
pansou/util/parser_util.go:373.11,375.60 1 0
pansou/util/parser_util.go:375.60,377.7 1 0
pansou/util/parser_util.go:379.10,381.29 1 0
pansou/util/parser_util.go:381.29,388.6 2 0
pansou/util/parser_util.go:393.3,393.53 1 0
pansou/util/parser_util.go:393.53,397.34 2 0
pansou/util/parser_util.go:397.34,404.5 2 0
pansou/util/parser_util.go:408.3,408.54 1 0
pansou/util/parser_util.go:408.54,412.34 2 0
pansou/util/parser_util.go:412.34,419.5 2 0
pansou/util/parser_util.go:423.3,423.50 1 0
pansou/util/parser_util.go:423.50,427.34 2 0
pansou/util/parser_util.go:427.34,434.5 2 0
pansou/util/parser_util.go:438.3,438.54 1 0
pansou/util/parser_util.go:438.54,442.34 2 0
pansou/util/parser_util.go:442.34,449.5 2 0
pansou/util/parser_util.go:453.3,453.54 1 0
pansou/util/parser_util.go:453.54,457.34 2 0
pansou/util/parser_util.go:457.34,464.5 2 0
pansou/util/parser_util.go:468.3,468.54 1 0
pansou/util/parser_util.go:468.54,472.34 2 0
pansou/util/parser_util.go:472.34,479.5 2 0
pansou/util/parser_util.go:483.3,484.84 2 0
pansou/util/parser_util.go:484.84,486.35 2 0
pansou/util/parser_util.go:486.35,488.5 1 0
pansou/util/parser_util.go:492.3,499.104 4 0
pansou/util/parser_util.go:499.104,502.14 2 0
pansou/util/parser_util.go:502.14,504.49 2 0
pansou/util/parser_util.go:504.49,507.6 2 0
pansou/util/parser_util.go:512.3,512.70 1 0
pansou/util/parser_util.go:512.70,514.48 2 0
pansou/util/parser_util.go:514.48,517.5 2 0
pansou/util/parser_util.go:521.3,521.21 1 0
pansou/util/parser_util.go:521.21,533.4 1 0
pansou/util/parser_util.go:536.2,536.36 1 0
pansou/util/parser_util.go:540.52,546.22 4 0
pansou/util/parser_util.go:546.22,549.21 3 0
pansou/util/parser_util.go:549.21,551.4 1 0
pansou/util/parser_util.go:555.2,559.22 4 0
pansou/util/parser_util.go:559.22,562.21 3 0
pansou/util/parser_util.go:562.21,564.4 1 0
pansou/util/parser_util.go:568.2,572.22 4 0
pansou/util/parser_util.go:572.22,575.21 3 0
pansou/util/parser_util.go:575.21,580.4 3 0
pansou/util/parser_util.go:583.2,583.11 1 0
pansou/util/parser_util.go:587.66,589.63 1 0
pansou/util/parser_util.go:589.63,595.17 3 0
pansou/util/parser_util.go:595.17,600.49 2 0
pansou/util/parser_util.go:600.49,602.5 1 0
pansou/util/parser_util.go:604.4,604.20 1 0
pansou/util/parser_util.go:609.2,610.21 2 0
pansou/util/parser_util.go:610.21,612.3 1 0
pansou/util/parser_util.go:615.2,618.47 2 0
pansou/util/parser_util.go:618.47,620.3 1 0
pansou/util/parser_util.go:623.2,623.18 1 0
pansou/util/regex_util.go:40.37,44.76 2 0
pansou/util/regex_util.go:44.76,46.67 2 0
pansou/util/regex_util.go:46.67,48.4 1 0
pansou/util/regex_util.go:49.3,49.31 1 0
pansou/util/regex_util.go:53.2,53.36 1 0
pansou/util/regex_util.go:53.36,55.3 1 0
pansou/util/regex_util.go:57.2,57.39 1 0
pansou/util/regex_util.go:57.39,59.3 1 0
pansou/util/regex_util.go:61.2,61.44 1 0
pansou/util/regex_util.go:61.44,63.3 1 0
pansou/util/regex_util.go:64.2,64.43 1 0
pansou/util/regex_util.go:64.43,66.3 1 0
pansou/util/regex_util.go:67.2,67.85 1 0
pansou/util/regex_util.go:67.85,69.3 1 0
pansou/util/regex_util.go:70.2,70.43 1 0
pansou/util/regex_util.go:70.43,72.3 1 0
pansou/util/regex_util.go:73.2,73.42 1 0
pansou/util/regex_util.go:73.42,75.3 1 0
pansou/util/regex_util.go:76.2,76.45 1 0
pansou/util/regex_util.go:76.45,78.3 1 0
pansou/util/regex_util.go:79.2,79.115 1 0
pansou/util/regex_util.go:79.115,81.3 1 0
pansou/util/regex_util.go:82.2,82.43 1 0
pansou/util/regex_util.go:82.43,84.3 1 0
pansou/util/regex_util.go:85.2,85.45 1 0
pansou/util/regex_util.go:85.45,87.3 1 0
pansou/util/regex_util.go:90.2,92.77 1 0
pansou/util/regex_util.go:92.77,94.3 1 0
pansou/util/regex_util.go:96.2,96.17 1 0
pansou/util/regex_util.go:100.42,102.55 1 0
pansou/util/regex_util.go:102.55,105.20 2 0
pansou/util/regex_util.go:105.20,113.38 4 0
pansou/util/regex_util.go:113.38,115.35 2 0
pansou/util/regex_util.go:115.35,117.6 1 0
pansou/util/regex_util.go:121.4,121.28 1 0
pansou/util/regex_util.go:121.28,123.51 1 0
pansou/util/regex_util.go:123.51,126.30 3 0
pansou/util/regex_util.go:126.30,128.7 1 0
pansou/util/regex_util.go:130.5,130.27 1 0
pansou/util/regex_util.go:134.4,134.38 1 0
pansou/util/regex_util.go:134.38,136.43 2 0
pansou/util/regex_util.go:136.43,138.6 1 0
pansou/util/regex_util.go:142.2,142.12 1 0
pansou/util/regex_util.go:146.43,148.54 1 0
pansou/util/regex_util.go:148.54,151.20 2 0
pansou/util/regex_util.go:151.20,159.38 4 0
pansou/util/regex_util.go:159.38,161.35 2 0
pansou/util/regex_util.go:161.35,163.6 1 0
pansou/util/regex_util.go:167.4,167.28 1 0
pansou/util/regex_util.go:167.28,169.5 1 0
pansou/util/regex_util.go:172.2,172.12 1 0
pansou/util/regex_util.go:176.39,178.53 1 0
pansou/util/regex_util.go:178.53,181.20 2 0
pansou/util/regex_util.go:181.20,189.38 4 0
pansou/util/regex_util.go:189.38,191.35 2 0
pansou/util/regex_util.go:191.35,193.6 1 0
pansou/util/regex_util.go:197.4,197.28 1 0
pansou/util/regex_util.go:197.28,199.5 1 0
pansou/util/regex_util.go:202.4,202.41 1 0
pansou/util/regex_util.go:202.41,204.22 2 0
pansou/util/regex_util.go:204.22,206.33 1 0
pansou/util/regex_util.go:206.33,208.7 1 0
pansou/util/regex_util.go:209.6,209.30 1 0
pansou/util/regex_util.go:214.2,214.12 1 0
pansou/util/regex_util.go:218.40,223.33 3 0
pansou/util/regex_util.go:223.33,224.42 1 0
pansou/util/regex_util.go:224.42,226.9 2 0
pansou/util/regex_util.go:230.2,230.17 1 0
pansou/util/regex_util.go:230.17,236.34 3 0
pansou/util/regex_util.go:236.34,237.57 1 0
pansou/util/regex_util.go:237.57,239.10 2 0
pansou/util/regex_util.go:243.3,243.20 1 0
pansou/util/regex_util.go:243.20,245.20 1 0
pansou/util/regex_util.go:245.20,250.5 2 0
pansou/util/regex_util.go:250.10,250.27 1 0
pansou/util/regex_util.go:250.27,253.25 2 0
pansou/util/regex_util.go:253.25,256.6 2 0
pansou/util/regex_util.go:262.4,265.38 3 0
pansou/util/regex_util.go:265.38,267.35 2 0
pansou/util/regex_util.go:267.35,269.6 1 0
pansou/util/regex_util.go:273.4,273.28 1 0
pansou/util/regex_util.go:273.28,275.5 1 0
pansou/util/regex_util.go:278.4,278.60 1 0
pansou/util/regex_util.go:278.60,280.5 1 0
pansou/util/regex_util.go:283.2,283.12 1 0
pansou/util/regex_util.go:287.40,289.124 1 0
pansou/util/regex_util.go:289.124,292.56 2 0
pansou/util/regex_util.go:292.56,294.4 1 0
pansou/util/regex_util.go:294.9,294.66 1 0
pansou/util/regex_util.go:294.66,296.4 1 0
pansou/util/regex_util.go:296.9,296.65 1 0
pansou/util/regex_util.go:296.65,298.4 1 0
pansou/util/regex_util.go:300.3,300.20 1 0
pansou/util/regex_util.go:300.20,305.20 2 0
pansou/util/regex_util.go:305.20,310.5 2 0
pansou/util/regex_util.go:310.10,310.27 1 0
pansou/util/regex_util.go:310.27,313.25 2 0
pansou/util/regex_util.go:313.25,316.6 2 0
pansou/util/regex_util.go:320.4,320.43 1 0
pansou/util/regex_util.go:320.43,322.44 2 0
pansou/util/regex_util.go:322.44,326.6 2 0
pansou/util/regex_util.go:330.4,331.19 2 0
pansou/util/regex_util.go:331.19,334.5 2 0
pansou/util/regex_util.go:337.2,337.12 1 0
pansou/util/regex_util.go:341.43,343.91 1 0
pansou/util/regex_util.go:343.91,347.63 2 0
pansou/util/regex_util.go:347.63,349.4 1 0
pansou/util/regex_util.go:349.9,349.66 1 0
pansou/util/regex_util.go:349.66,351.4 1 0
pansou/util/regex_util.go:351.9,351.75 1 0
pansou/util/regex_util.go:351.75,353.4 1 0
pansou/util/regex_util.go:353.9,353.71 1 0
pansou/util/regex_util.go:353.71,355.4 1 0
pansou/util/regex_util.go:357.3,357.20 1 0
pansou/util/regex_util.go:357.20,362.20 2 0
pansou/util/regex_util.go:362.20,367.5 2 0
pansou/util/regex_util.go:367.10,367.27 1 0
pansou/util/regex_util.go:367.27,370.25 2 0
pansou/util/regex_util.go:370.25,373.6 2 0
pansou/util/regex_util.go:377.4,380.38 3 0
pansou/util/regex_util.go:380.38,382.35 2 0
pansou/util/regex_util.go:382.35,384.6 1 0
pansou/util/regex_util.go:388.4,388.28 1 0
pansou/util/regex_util.go:388.28,390.5 1 0
pansou/util/regex_util.go:393.2,393.12 1 0
pansou/util/regex_util.go:397.64,404.2 2 0
pansou/util/regex_util.go:407.50,410.22 2 0
pansou/util/regex_util.go:410.22,412.85 1 0
pansou/util/regex_util.go:412.85,414.4 1 0
pansou/util/regex_util.go:415.3,415.20 1 0
pansou/util/regex_util.go:419.2,422.38 1 0
pansou/util/regex_util.go:422.38,427.31 3 0
pansou/util/regex_util.go:427.31,429.4 1 0
pansou/util/regex_util.go:433.2,439.96 1 0
pansou/util/regex_util.go:439.96,444.27 3 0
pansou/util/regex_util.go:444.27,446.4 1 0
pansou/util/regex_util.go:450.2,456.38 1 0
pansou/util/regex_util.go:456.38,460.21 2 0
pansou/util/regex_util.go:460.21,463.53 2 0
pansou/util/regex_util.go:463.53,470.19 3 0
pansou/util/regex_util.go:470.19,472.6 1 0
pansou/util/regex_util.go:475.5,478.65 2 0
pansou/util/regex_util.go:478.65,480.6 1 0
pansou/util/regex_util.go:486.2,486.44 1 0
pansou/util/regex_util.go:486.44,489.30 2 0
pansou/util/regex_util.go:489.30,490.21 1 0
pansou/util/regex_util.go:490.21,493.50 2 0
pansou/util/regex_util.go:493.50,499.20 3 0
pansou/util/regex_util.go:499.20,501.7 1 0
pansou/util/regex_util.go:501.12,503.24 1 0
pansou/util/regex_util.go:503.24,505.50 1 0
pansou/util/regex_util.go:505.50,506.38 1 0
pansou/util/regex_util.go:506.38,508.15 2 0
pansou/util/regex_util.go:512.8,512.25 1 0
pansou/util/regex_util.go:512.25,514.9 1 0
pansou/util/regex_util.go:519.6,522.45 2 0
pansou/util/regex_util.go:522.45,524.7 1 0
pansou/util/regex_util.go:532.2,532.61 1 0
pansou/util/regex_util.go:532.61,535.28 2 0
pansou/util/regex_util.go:535.28,537.4 1 0
pansou/util/regex_util.go:541.2,542.22 2 0
pansou/util/regex_util.go:542.22,544.3 1 0
pansou/util/regex_util.go:546.2,546.11 1 0
pansou/util/regex_util.go:550.44,551.29 1 0
pansou/util/regex_util.go:551.29,552.84 1 0
pansou/util/regex_util.go:552.84,554.4 1 0
pansou/util/regex_util.go:556.2,556.13 1 0
pansou/util/regex_util.go:560.48,565.37 3 0
pansou/util/regex_util.go:565.37,569.43 2 0
pansou/util/regex_util.go:569.43,571.4 1 0
pansou/util/regex_util.go:572.3,572.21 1 0
pansou/util/regex_util.go:572.21,574.4 1 0
pansou/util/regex_util.go:578.2,579.38 2 0
pansou/util/regex_util.go:579.38,583.43 2 0
pansou/util/regex_util.go:583.43,585.4 1 0
pansou/util/regex_util.go:586.3,586.21 1 0
pansou/util/regex_util.go:586.21,588.4 1 0
pansou/util/regex_util.go:592.2,593.34 2 0
pansou/util/regex_util.go:593.34,597.43 2 0
pansou/util/regex_util.go:597.43,599.4 1 0
pansou/util/regex_util.go:600.3,600.21 1 0
pansou/util/regex_util.go:600.21,602.4 1 0
pansou/util/regex_util.go:606.2,607.38 2 0
pansou/util/regex_util.go:607.38,611.43 2 0
pansou/util/regex_util.go:611.43,613.4 1 0
pansou/util/regex_util.go:614.3,614.21 1 0
pansou/util/regex_util.go:614.21,617.39 2 0
pansou/util/regex_util.go:617.39,622.44 3 0
pansou/util/regex_util.go:622.44,624.11 2 0
pansou/util/regex_util.go:628.4,628.20 1 0
pansou/util/regex_util.go:628.20,630.5 1 0
pansou/util/regex_util.go:635.2,636.38 2 0
pansou/util/regex_util.go:636.38,640.43 2 0
pansou/util/regex_util.go:640.43,642.4 1 0
pansou/util/regex_util.go:643.3,643.21 1 0
pansou/util/regex_util.go:643.21,646.39 2 0
pansou/util/regex_util.go:646.39,650.44 3 0
pansou/util/regex_util.go:650.44,652.11 2 0
pansou/util/regex_util.go:656.4,656.20 1 0
pansou/util/regex_util.go:656.20,658.5 1 0
pansou/util/regex_util.go:663.2,664.26 2 0
pansou/util/regex_util.go:664.26,665.39 1 0
pansou/util/regex_util.go:665.39,669.44 2 0
pansou/util/regex_util.go:669.44,671.5 1 0
pansou/util/regex_util.go:672.4,672.22 1 0
pansou/util/regex_util.go:672.22,675.40 2 0
pansou/util/regex_util.go:675.40,679.45 3 0
pansou/util/regex_util.go:679.45,681.12 2 0
pansou/util/regex_util.go:685.5,685.21 1 0
pansou/util/regex_util.go:685.21,687.6 1 0
pansou/util/regex_util.go:693.2,694.23 2 0
pansou/util/regex_util.go:694.23,695.36 1 0
pansou/util/regex_util.go:695.36,698.44 2 0
pansou/util/regex_util.go:698.44,700.5 1 0
pansou/util/regex_util.go:702.4,703.39 2 0
pansou/util/regex_util.go:703.39,704.93 1 0
pansou/util/regex_util.go:704.93,706.11 2 0
pansou/util/regex_util.go:710.4,710.20 1 0
pansou/util/regex_util.go:710.20,712.5 1 0
pansou/util/regex_util.go:717.2,718.24 2 0
pansou/util/regex_util.go:718.24,719.37 1 0
pansou/util/regex_util.go:719.37,722.44 2 0
pansou/util/regex_util.go:722.44,724.5 1 0
pansou/util/regex_util.go:726.4,727.39 2 0
pansou/util/regex_util.go:727.39,728.93 1 0
pansou/util/regex_util.go:728.93,730.11 2 0
pansou/util/regex_util.go:734.4,734.20 1 0
pansou/util/regex_util.go:734.20,736.5 1 0
pansou/util/regex_util.go:741.2,742.23 2 0
pansou/util/regex_util.go:742.23,744.35 1 0
pansou/util/regex_util.go:744.35,747.44 2 0
pansou/util/regex_util.go:747.44,749.5 1 0
pansou/util/regex_util.go:751.4,761.46 1 0
pansou/util/regex_util.go:761.46,762.13 1 0
pansou/util/regex_util.go:765.4,766.39 2 0
pansou/util/regex_util.go:766.39,773.58 3 0
pansou/util/regex_util.go:773.58,775.11 2 0
pansou/util/regex_util.go:779.4,779.20 1 0
pansou/util/regex_util.go:779.20,781.5 1 0
pansou/util/regex_util.go:785.2,785.14 1 0
pansou/util/regex_util.go:790.51,792.48 1 0
pansou/util/regex_util.go:792.48,794.3 1 0
pansou/util/regex_util.go:797.2,797.58 1 0
pansou/util/regex_util.go:797.58,799.3 1 0
pansou/util/regex_util.go:801.2,801.12 1 0
pansou/plugin/zhizhen/zhizhen.go:36.13,38.2 1 0
pansou/plugin/zhizhen/zhizhen.go:70.47,83.2 2 0
pansou/plugin/zhizhen/zhizhen.go:86.45,91.2 1 0
pansou/plugin/zhizhen/zhizhen.go:94.111,96.16 2 0
pansou/plugin/zhizhen/zhizhen.go:96.16,98.3 1 0
pansou/plugin/zhizhen/zhizhen.go:99.2,99.28 1 0
pansou/plugin/zhizhen/zhizhen.go:103.125,105.2 1 0
pansou/plugin/zhizhen/zhizhen.go:108.136,112.15 3 0
pansou/plugin/zhizhen/zhizhen.go:112.15,115.3 2 0
pansou/plugin/zhizhen/zhizhen.go:118.2,118.30 1 0
pansou/plugin/zhizhen/zhizhen.go:118.30,120.3 1 0
pansou/plugin/zhizhen/zhizhen.go:123.2,130.16 5 0
pansou/plugin/zhizhen/zhizhen.go:130.16,132.3 1 0
pansou/plugin/zhizhen/zhizhen.go:135.2,144.16 8 0
pansou/plugin/zhizhen/zhizhen.go:144.16,146.3 1 0
pansou/plugin/zhizhen/zhizhen.go:147.2,151.16 3 0
pansou/plugin/zhizhen/zhizhen.go:151.16,153.3 1 0
pansou/plugin/zhizhen/zhizhen.go:155.2,156.59 2 0
pansou/plugin/zhizhen/zhizhen.go:156.59,158.3 1 0
pansou/plugin/zhizhen/zhizhen.go:161.2,161.27 1 0
pansou/plugin/zhizhen/zhizhen.go:161.27,163.3 1 0
pansou/plugin/zhizhen/zhizhen.go:166.2,167.40 2 0
pansou/plugin/zhizhen/zhizhen.go:167.40,168.57 1 0
pansou/plugin/zhizhen/zhizhen.go:168.57,170.4 1 0
pansou/plugin/zhizhen/zhizhen.go:173.2,173.21 1 0
pansou/plugin/zhizhen/zhizhen.go:205.83,211.17 3 0
pansou/plugin/zhizhen/zhizhen.go:211.17,213.3 1 0
pansou/plugin/zhizhen/zhizhen.go:216.2,217.25 2 0
pansou/plugin/zhizhen/zhizhen.go:217.25,219.3 1 0
pansou/plugin/zhizhen/zhizhen.go:220.2,220.28 1 0
pansou/plugin/zhizhen/zhizhen.go:220.28,222.3 1 0
pansou/plugin/zhizhen/zhizhen.go:223.2,223.24 1 0
pansou/plugin/zhizhen/zhizhen.go:223.24,225.3 1 0
pansou/plugin/zhizhen/zhizhen.go:226.2,226.24 1 0
pansou/plugin/zhizhen/zhizhen.go:226.24,228.3 1 0
pansou/plugin/zhizhen/zhizhen.go:229.2,229.24 1 0
pansou/plugin/zhizhen/zhizhen.go:229.24,231.3 1 0
pansou/plugin/zhizhen/zhizhen.go:232.2,232.27 1 0
pansou/plugin/zhizhen/zhizhen.go:232.27,234.3 1 0
pansou/plugin/zhizhen/zhizhen.go:235.2,242.24 4 0
pansou/plugin/zhizhen/zhizhen.go:242.24,244.3 1 0
pansou/plugin/zhizhen/zhizhen.go:245.2,245.24 1 0
pansou/plugin/zhizhen/zhizhen.go:245.24,247.3 1 0
pansou/plugin/zhizhen/zhizhen.go:249.2,257.3 1 0
pansou/plugin/zhizhen/zhizhen.go:261.94,262.43 1 0
pansou/plugin/zhizhen/zhizhen.go:262.43,264.3 1 0
pansou/plugin/zhizhen/zhizhen.go:267.2,272.28 4 0
pansou/plugin/zhizhen/zhizhen.go:272.28,274.3 1 0
pansou/plugin/zhizhen/zhizhen.go:276.2,277.30 2 0
pansou/plugin/zhizhen/zhizhen.go:277.30,281.56 3 0
pansou/plugin/zhizhen/zhizhen.go:281.56,282.12 1 0
pansou/plugin/zhizhen/zhizhen.go:286.3,287.21 2 0
pansou/plugin/zhizhen/zhizhen.go:287.21,288.12 1 0
pansou/plugin/zhizhen/zhizhen.go:292.3,298.5 2 0
pansou/plugin/zhizhen/zhizhen.go:301.2,301.14 1 0
pansou/plugin/zhizhen/zhizhen.go:305.71,307.34 1 0
pansou/plugin/zhizhen/zhizhen.go:308.15,309.17 1 0
pansou/plugin/zhizhen/zhizhen.go:310.16,311.17 1 0
pansou/plugin/zhizhen/zhizhen.go:312.12,313.14 1 0
pansou/plugin/zhizhen/zhizhen.go:314.13,315.18 1 0
pansou/plugin/zhizhen/zhizhen.go:316.12,317.18 1 0
pansou/plugin/zhizhen/zhizhen.go:318.12,319.18 1 0
pansou/plugin/zhizhen/zhizhen.go:320.13,321.15 1 0
pansou/plugin/zhizhen/zhizhen.go:322.12,323.18 1 0
pansou/plugin/zhizhen/zhizhen.go:324.12,325.18 1 0
pansou/plugin/zhizhen/zhizhen.go:326.12,327.18 1 0
pansou/plugin/zhizhen/zhizhen.go:328.13,329.22 1 0
pansou/plugin/zhizhen/zhizhen.go:330.13,331.15 1 0
pansou/plugin/zhizhen/zhizhen.go:332.12,333.18 1 0
pansou/plugin/zhizhen/zhizhen.go:337.2,337.33 1 0
pansou/plugin/zhizhen/zhizhen.go:341.70,346.111 1 0
pansou/plugin/zhizhen/zhizhen.go:346.111,348.3 1 0
pansou/plugin/zhizhen/zhizhen.go:351.2,365.33 1 0
pansou/plugin/zhizhen/zhizhen.go:369.67,370.9 1 0
pansou/plugin/zhizhen/zhizhen.go:371.39,372.17 1 0
pansou/plugin/zhizhen/zhizhen.go:373.36,374.14 1 0
pansou/plugin/zhizhen/zhizhen.go:375.39,376.17 1 0
pansou/plugin/zhizhen/zhizhen.go:377.40,378.18 1 0
pansou/plugin/zhizhen/zhizhen.go:379.40,380.18 1 0
pansou/plugin/zhizhen/zhizhen.go:381.40,382.18 1 0
pansou/plugin/zhizhen/zhizhen.go:383.37,384.15 1 0
pansou/plugin/zhizhen/zhizhen.go:385.40,386.18 1 0
pansou/plugin/zhizhen/zhizhen.go:387.40,388.18 1 0
pansou/plugin/zhizhen/zhizhen.go:389.40,390.18 1 0
pansou/plugin/zhizhen/zhizhen.go:391.44,392.22 1 0
pansou/plugin/zhizhen/zhizhen.go:393.37,394.15 1 0
pansou/plugin/zhizhen/zhizhen.go:395.40,396.18 1 0
pansou/plugin/zhizhen/zhizhen.go:397.40,398.18 1 0
pansou/plugin/zhizhen/zhizhen.go:399.38,400.16 1 0
pansou/plugin/zhizhen/zhizhen.go:401.10,402.12 1 0
pansou/plugin/zhizhen/zhizhen.go:407.65,409.22 2 0
pansou/plugin/zhizhen/zhizhen.go:409.22,411.3 1 0
pansou/plugin/zhizhen/zhizhen.go:412.2,412.11 1 0
pansou/plugin/zhizhen/zhizhen.go:416.113,420.34 3 0
pansou/plugin/zhizhen/zhizhen.go:420.34,422.17 2 0
pansou/plugin/zhizhen/zhizhen.go:422.17,423.40 1 0
pansou/plugin/zhizhen/zhizhen.go:423.40,425.5 1 0
pansou/plugin/zhizhen/zhizhen.go:426.4,427.62 2 0
pansou/plugin/zhizhen/zhizhen.go:428.9,430.4 1 0
pansou/plugin/zhizhen/zhizhen.go:433.3,433.23 1 0
pansou/plugin/zhizhen/zhizhen.go:433.23,435.4 1 0
pansou/plugin/zhizhen/zhizhen.go:438.2,438.106 1 0
pansou/plugin/zhizhen/zhizhen.go:442.75,447.23 4 0
pansou/plugin/zhizhen/zhizhen.go:447.23,449.3 1 0
pansou/plugin/zhizhen/zhizhen.go:451.2,455.3 1 0
pansou/util/json/json.go:11.13,18.2 1 0
pansou/util/json/json.go:21.45,23.2 1 0
pansou/util/json/json.go:26.50,28.2 1 0
pansou/util/json/json.go:31.51,33.16 2 0
pansou/util/json/json.go:33.16,35.3 1 0
pansou/util/json/json.go:36.2,36.27 1 0
pansou/util/json/json.go:40.55,42.2 1 0
pansou/util/json/json.go:45.74,48.2 1 0
pansou/util/pool/object_pool.go:11.26,13.3 1 0
pansou/util/pool/object_pool.go:18.26,23.3 1 0
pansou/util/pool/object_pool.go:28.26,30.3 1 0
pansou/util/pool/object_pool.go:34.28,36.2 1 0
pansou/util/pool/object_pool.go:39.33,44.2 4 0
pansou/util/pool/object_pool.go:47.44,49.2 1 0
pansou/util/pool/object_pool.go:52.50,61.2 7 0
pansou/util/pool/object_pool.go:64.40,66.2 1 0
pansou/util/pool/object_pool.go:69.46,75.2 4 0
pansou/util/pool/worker_pool.go:23.48,38.2 4 0
pansou/util/pool/worker_pool.go:41.80,56.2 4 0
pansou/util/pool/worker_pool.go:59.37,60.36 1 0
pansou/util/pool/worker_pool.go:60.36,62.13 2 0
pansou/util/pool/worker_pool.go:62.13,65.8 2 0
pansou/util/pool/worker_pool.go:65.8,66.12 1 0
pansou/util/pool/worker_pool.go:67.36,68.13 1 0
pansou/util/pool/worker_pool.go:68.13,70.7 1 0
pansou/util/pool/worker_pool.go:73.6,74.25 2 0
pansou/util/pool/worker_pool.go:76.25,77.12 1 0
pansou/util/pool/worker_pool.go:85.40,87.2 1 0
pansou/util/pool/worker_pool.go:90.58,94.29 2 0
pansou/util/pool/worker_pool.go:94.29,95.10 1 0
pansou/util/pool/worker_pool.go:96.30,97.37 1 0
pansou/util/pool/worker_pool.go:98.23,100.18 1 0
pansou/util/pool/worker_pool.go:104.2,104.16 1 0
pansou/util/pool/worker_pool.go:108.30,120.2 4 0
pansou/util/pool/worker_pool.go:123.63,124.21 1 0
pansou/util/pool/worker_pool.go:124.21,126.3 1 0
pansou/util/pool/worker_pool.go:129.2,129.29 1 0
pansou/util/pool/worker_pool.go:129.29,131.3 1 0
pansou/util/pool/worker_pool.go:134.2,138.29 3 0
pansou/util/pool/worker_pool.go:138.29,140.3 1 0
pansou/util/pool/worker_pool.go:143.2,143.36 1 0
pansou/util/pool/worker_pool.go:147.97,148.21 1 0
pansou/util/pool/worker_pool.go:148.21,150.3 1 0
pansou/util/pool/worker_pool.go:153.2,153.29 1 0
pansou/util/pool/worker_pool.go:153.29,155.3 1 0
pansou/util/pool/worker_pool.go:158.2,166.29 5 0
pansou/util/pool/worker_pool.go:166.29,167.10 1 0
pansou/util/pool/worker_pool.go:168.31,168.31 0 0
pansou/util/pool/worker_pool.go:170.21,172.38 1 0
pansou/util/pool/worker_pool.go:177.2,177.36 1 0
pansou/service/apikey_service.go:22.40,26.2 1 0
pansou/service/apikey_service.go:34.113,40.81 3 0
pansou/service/apikey_service.go:40.81,43.3 1 0
pansou/service/apikey_service.go:46.2,48.18 3 0
pansou/service/apikey_service.go:48.18,51.3 2 0
pansou/service/apikey_service.go:53.2,68.50 2 0
pansou/service/apikey_service.go:68.50,70.3 1 0
pansou/service/apikey_service.go:72.2,72.20 1 0
pansou/service/apikey_service.go:79.67,82.76 2 0
pansou/service/apikey_service.go:82.76,83.45 1 0
pansou/service/apikey_service.go:83.45,85.4 1 0
pansou/service/apikey_service.go:86.3,86.54 1 0
pansou/service/apikey_service.go:90.2,90.26 1 0
pansou/service/apikey_service.go:90.26,92.3 1 0
pansou/service/apikey_service.go:95.2,96.49 2 0
pansou/service/apikey_service.go:96.49,98.3 1 0
pansou/service/apikey_service.go:100.2,100.12 1 0
pansou/service/apikey_service.go:107.75,109.79 2 0
pansou/service/apikey_service.go:109.79,110.45 1 0
pansou/service/apikey_service.go:110.45,112.4 1 0
pansou/service/apikey_service.go:113.3,113.65 1 0
pansou/service/apikey_service.go:116.2,116.21 1 0
pansou/service/apikey_service.go:123.75,125.76 2 0
pansou/service/apikey_service.go:125.76,126.45 1 0
pansou/service/apikey_service.go:126.45,128.4 1 0
pansou/service/apikey_service.go:129.3,129.59 1 0
pansou/service/apikey_service.go:133.2,133.23 1 0
pansou/service/apikey_service.go:133.23,135.3 1 0
pansou/service/apikey_service.go:137.2,137.21 1 0
pansou/service/apikey_service.go:144.61,146.76 2 0
pansou/service/apikey_service.go:146.76,148.3 1 0
pansou/service/apikey_service.go:151.2,151.31 1 0
pansou/service/apikey_service.go:151.31,154.3 2 0
pansou/service/apikey_service.go:157.2,157.59 1 0
pansou/service/apikey_service.go:157.59,159.3 1 0
pansou/service/apikey_service.go:162.2,162.36 1 0
pansou/service/apikey_service.go:162.36,164.3 1 0
pansou/service/apikey_service.go:167.2,167.49 1 0
pansou/service/apikey_service.go:167.49,169.3 1 0
pansou/service/apikey_service.go:171.2,171.12 1 0
pansou/service/apikey_service.go:178.77,182.36 2 0
pansou/service/apikey_service.go:182.36,185.3 2 0
pansou/service/apikey_service.go:187.2,187.12 1 0
pansou/service/apikey_service.go:195.88,203.72 4 0
pansou/service/apikey_service.go:203.72,205.3 1 0
pansou/service/apikey_service.go:208.2,208.103 1 0
pansou/service/apikey_service.go:208.103,210.3 1 0
pansou/service/apikey_service.go:212.2,212.25 1 0
pansou/service/apikey_service.go:218.53,220.63 1 0
pansou/service/apikey_service.go:220.63,222.3 1 0
pansou/service/apikey_service.go:224.2,224.12 1 0
pansou/service/apikey_service.go:231.75,233.110 1 0
pansou/service/apikey_service.go:233.110,235.3 1 0
pansou/service/apikey_service.go:237.2,237.12 1 0
pansou/service/apikey_service.go:247.63,249.16 2 0
pansou/service/apikey_service.go:249.16,251.3 1 0
pansou/service/apikey_service.go:254.2,254.31 1 0
pansou/service/apikey_service.go:254.31,259.49 3 0
pansou/service/apikey_service.go:259.49,261.4 1 0
pansou/service/apikey_service.go:264.2,264.18 1 0
pansou/service/apikey_service.go:268.67,270.76 2 0
pansou/service/apikey_service.go:270.76,271.45 1 0
pansou/service/apikey_service.go:271.45,273.4 1 0
pansou/service/apikey_service.go:274.3,274.59 1 0
pansou/service/apikey_service.go:277.2,277.21 1 0
pansou/service/apikey_service.go:282.72,284.76 2 0
pansou/service/apikey_service.go:284.76,286.3 1 0
pansou/service/apikey_service.go:289.2,289.59 1 0
pansou/service/apikey_service.go:289.59,291.3 1 0
pansou/service/apikey_service.go:294.2,294.36 1 0
pansou/service/apikey_service.go:294.36,296.3 1 0
pansou/service/apikey_service.go:299.2,299.49 1 0
pansou/service/apikey_service.go:299.49,301.3 1 0
pansou/service/apikey_service.go:303.2,303.18 1 0
pansou/service/apikey_service.go:307.71,309.16 2 0
pansou/service/apikey_service.go:309.16,311.3 1 0
pansou/service/apikey_service.go:313.2,313.43 1 0
pansou/service/apikey_service.go:317.61,319.16 2 0
pansou/service/apikey_service.go:319.16,321.3 1 0
pansou/service/apikey_service.go:323.2,323.32 1 0
pansou/service/apikey_service.go:331.60,333.72 2 0
pansou/service/apikey_service.go:333.72,335.3 1 0
pansou/service/apikey_service.go:336.2,336.18 1 0
pansou/service/apikey_service.go:340.110,342.2 1 0
pansou/service/apikey_service.go:345.53,347.76 2 0
pansou/service/apikey_service.go:347.76,348.45 1 0
pansou/service/apikey_service.go:348.45,350.4 1 0
pansou/service/apikey_service.go:351.3,351.54 1 0
pansou/service/apikey_service.go:355.2,355.51 1 0
pansou/service/apikey_service.go:355.51,357.3 1 0
pansou/service/apikey_service.go:359.2,359.12 1 0
pansou/service/apikey_service.go:363.131,365.76 2 0
pansou/service/apikey_service.go:365.76,366.45 1 0
pansou/service/apikey_service.go:366.45,368.4 1 0
pansou/service/apikey_service.go:369.3,369.59 1 0
pansou/service/apikey_service.go:373.2,373.22 1 0
pansou/service/apikey_service.go:373.22,375.3 1 0
pansou/service/apikey_service.go:375.8,375.28 1 0
pansou/service/apikey_service.go:375.28,378.61 2 0
pansou/service/apikey_service.go:378.61,382.4 2 0
pansou/service/apikey_service.go:382.9,386.4 2 0
pansou/service/apikey_service.go:387.3,387.32 1 0
pansou/service/apikey_service.go:391.2,391.21 1 0
pansou/service/apikey_service.go:391.21,393.3 1 0
pansou/service/apikey_service.go:396.2,396.49 1 0
pansou/service/apikey_service.go:396.49,398.3 1 0
pansou/service/apikey_service.go:400.2,400.21 1 0
pansou/service/apikey_service.go:410.105,416.27 2 0
pansou/service/apikey_service.go:416.27,418.17 2 0
pansou/service/apikey_service.go:418.17,420.4 1 0
pansou/service/apikey_service.go:420.9,422.4 1 0
pansou/service/apikey_service.go:425.2,425.20 1 0
pansou/service/apikey_service.go:435.144,441.29 2 0
pansou/service/apikey_service.go:441.29,444.17 3 0
pansou/service/apikey_service.go:444.17,446.4 1 0
pansou/service/apikey_service.go:447.3,448.17 2 0
pansou/service/apikey_service.go:451.2,451.20 1 0
pansou/service/apikey_service.go:461.88,467.27 2 0
pansou/service/apikey_service.go:467.27,469.17 2 0
pansou/service/apikey_service.go:469.17,471.4 1 0
pansou/service/apikey_service.go:471.9,473.4 1 0
pansou/service/apikey_service.go:476.2,476.20 1 0
pansou/service/auth_service.go:24.36,28.2 1 0
pansou/service/auth_service.go:38.80,43.20 3 0
pansou/service/auth_service.go:43.20,45.3 1 0
pansou/service/auth_service.go:46.2,46.20 1 0
pansou/service/auth_service.go:46.20,48.3 1 0
pansou/service/auth_service.go:51.2,51.45 1 0
pansou/service/auth_service.go:51.45,53.3 1 0
pansou/service/auth_service.go:56.2,56.45 1 0
pansou/service/auth_service.go:56.45,58.3 1 0
pansou/service/auth_service.go:61.2,63.25 3 0
pansou/service/auth_service.go:63.25,66.3 1 0
pansou/service/auth_service.go:66.8,66.61 1 0
pansou/service/auth_service.go:66.61,69.3 1 0
pansou/service/auth_service.go:72.2,73.16 2 0
pansou/service/auth_service.go:73.16,75.3 1 0
pansou/service/auth_service.go:78.2,85.48 2 0
pansou/service/auth_service.go:85.48,87.3 1 0
pansou/service/auth_service.go:89.2,90.18 2 0
pansou/service/auth_service.go:102.100,107.20 3 0
pansou/service/auth_service.go:107.20,109.3 1 0
pansou/service/auth_service.go:110.2,110.20 1 0
pansou/service/auth_service.go:110.20,112.3 1 0
pansou/service/auth_service.go:115.2,117.25 3 0
pansou/service/auth_service.go:117.25,118.54 1 0
pansou/service/auth_service.go:118.54,121.4 1 0
pansou/service/auth_service.go:123.3,123.69 1 0
pansou/service/auth_service.go:127.2,127.58 1 0
pansou/service/auth_service.go:127.58,130.3 1 0
pansou/service/auth_service.go:134.2,136.22 3 0
pansou/service/auth_service.go:136.22,138.3 1 0
pansou/service/auth_service.go:140.2,141.16 2 0
pansou/service/auth_service.go:141.16,143.3 1 0
pansou/service/auth_service.go:145.2,146.28 2 0
pansou/service/auth_service.go:156.82,157.23 1 0
pansou/service/auth_service.go:157.23,159.3 1 0
pansou/service/auth_service.go:162.2,164.16 3 0
pansou/service/auth_service.go:164.16,166.3 1 0
pansou/service/auth_service.go:168.2,168.20 1 0
pansou/service/auth_service.go:175.50,178.102 2 0
pansou/service/auth_service.go:178.102,180.3 1 0
pansou/service/auth_service.go:183.2,183.20 1 0
pansou/service/auth_service.go:183.20,186.3 2 0
pansou/service/auth_service.go:189.2,194.16 4 0
pansou/service/auth_service.go:194.16,196.3 1 0
pansou/service/auth_service.go:199.2,206.49 2 0
pansou/service/auth_service.go:206.49,208.3 1 0
pansou/service/auth_service.go:211.2,216.12 5 0
pansou/service/auth_service.go:225.69,228.25 3 0
pansou/service/auth_service.go:228.25,229.54 1 0
pansou/service/auth_service.go:229.54,231.4 1 0
pansou/service/auth_service.go:232.3,232.65 1 0
pansou/service/auth_service.go:235.2,235.19 1 0
pansou/service/auth_service.go:244.79,247.25 3 0
pansou/service/auth_service.go:247.25,248.54 1 0
pansou/service/auth_service.go:248.54,250.4 1 0
pansou/service/auth_service.go:251.3,251.65 1 0
pansou/service/auth_service.go:254.2,254.19 1 0
pansou/service/auth_service.go:263.58,265.16 2 0
pansou/service/auth_service.go:265.16,267.3 1 0
pansou/service/auth_service.go:269.2,269.28 1 0
pansou/service/cache_integration.go:20.103,23.16 2 0
pansou/service/cache_integration.go:23.16,25.3 1 0
pansou/service/cache_integration.go:27.2,36.50 3 0
pansou/service/cache_integration.go:36.50,38.3 1 0
pansou/service/cache_integration.go:40.2,43.25 3 0
pansou/service/cache_integration.go:47.100,48.64 1 0
pansou/service/cache_integration.go:48.64,51.3 1 0
pansou/service/cache_integration.go:55.166,56.20 1 0
pansou/service/cache_integration.go:56.20,58.3 1 0
pansou/service/cache_integration.go:61.2,80.55 4 0
pansou/service/cache_integration.go:84.74,87.20 1 0
pansou/service/cache_integration.go:88.75,89.11 1 0
pansou/service/cache_integration.go:90.62,91.11 1 0
pansou/service/cache_integration.go:92.73,93.11 1 0
pansou/service/cache_integration.go:94.10,95.11 1 0
pansou/service/cache_integration.go:100.84,103.2 1 0
pansou/service/cache_integration.go:106.71,107.20 1 0
pansou/service/cache_integration.go:107.20,109.3 1 0
pansou/service/cache_integration.go:111.2,111.41 1 0
pansou/service/cache_integration.go:115.56,116.20 1 0
pansou/service/cache_integration.go:116.20,118.3 1 0
pansou/service/cache_integration.go:120.2,120.34 1 0
pansou/service/cache_integration.go:124.80,126.2 1 0
pansou/service/cache_integration.go:129.72,131.2 1 0
pansou/service/refresh_token_service.go:27.96,30.19 2 0
pansou/service/refresh_token_service.go:30.19,35.3 3 0
pansou/service/refresh_token_service.go:35.8,35.26 1 0
pansou/service/refresh_token_service.go:35.26,37.3 1 0
pansou/service/refresh_token_service.go:39.2,46.39 2 0
pansou/service/refresh_token_service.go:46.39,48.3 1 0
pansou/service/refresh_token_service.go:51.2,53.21 2 0
pansou/service/refresh_token_service.go:57.148,63.16 4 0
pansou/service/refresh_token_service.go:63.16,65.3 1 0
pansou/service/refresh_token_service.go:68.2,84.33 4 0
pansou/service/refresh_token_service.go:84.33,86.3 1 0
pansou/service/refresh_token_service.go:88.2,88.19 1 0
pansou/service/refresh_token_service.go:92.117,97.13 4 0
pansou/service/refresh_token_service.go:97.13,99.3 1 0
pansou/service/refresh_token_service.go:102.2,102.22 1 0
pansou/service/refresh_token_service.go:102.22,104.3 1 0
pansou/service/refresh_token_service.go:107.2,107.50 1 0
pansou/service/refresh_token_service.go:107.50,109.3 1 0
pansou/service/refresh_token_service.go:112.2,116.33 3 0
pansou/service/refresh_token_service.go:116.33,118.3 1 0
pansou/service/refresh_token_service.go:120.2,120.19 1 0
pansou/service/refresh_token_service.go:124.66,129.13 4 0
pansou/service/refresh_token_service.go:129.13,131.3 1 0
pansou/service/refresh_token_service.go:133.2,136.17 2 0
pansou/service/refresh_token_service.go:140.71,144.33 3 0
pansou/service/refresh_token_service.go:144.33,145.33 1 0
pansou/service/refresh_token_service.go:145.33,147.4 1 0
pansou/service/refresh_token_service.go:151.2,151.17 1 0
pansou/service/refresh_token_service.go:155.54,159.21 3 0
pansou/service/refresh_token_service.go:159.21,161.41 2 0
pansou/service/refresh_token_service.go:161.41,162.44 1 0
pansou/service/refresh_token_service.go:162.44,164.5 1 0
pansou/service/refresh_token_service.go:166.3,167.16 2 0
pansou/service/refresh_token_service.go:172.44,175.16 2 0
pansou/service/refresh_token_service.go:175.16,177.3 1 0
pansou/service/refresh_token_service.go:180.2,181.16 2 0
pansou/service/refresh_token_service.go:181.16,183.3 1 0
pansou/service/refresh_token_service.go:186.2,186.55 1 0
pansou/service/refresh_token_service.go:190.44,192.56 1 0
pansou/service/refresh_token_service.go:192.56,194.3 1 0
pansou/service/refresh_token_service.go:197.2,198.16 2 0
pansou/service/refresh_token_service.go:198.16,200.3 1 0
pansou/service/refresh_token_service.go:203.2,204.16 2 0
pansou/service/refresh_token_service.go:204.16,206.3 1 0
pansou/service/refresh_token_service.go:209.2,209.40 1 0
pansou/service/refresh_token_service.go:213.73,215.16 2 0
pansou/service/refresh_token_service.go:215.16,217.3 1 0
pansou/service/refresh_token_service.go:219.2,220.16 2 0
pansou/service/refresh_token_service.go:220.16,222.3 1 0
pansou/service/refresh_token_service.go:225.2,226.59 2 0
pansou/service/refresh_token_service.go:226.59,228.3 1 0
pansou/service/refresh_token_service.go:231.2,232.24 2 0
pansou/service/refresh_token_service.go:236.74,238.16 2 0
pansou/service/refresh_token_service.go:238.16,240.3 1 0
pansou/service/refresh_token_service.go:242.2,243.16 2 0
pansou/service/refresh_token_service.go:243.16,245.3 1 0
pansou/service/refresh_token_service.go:247.2,248.33 2 0
pansou/service/refresh_token_service.go:248.33,250.3 1 0
pansou/service/refresh_token_service.go:253.2,256.46 2 0
pansou/service/refresh_token_service.go:260.78,262.16 2 0
pansou/service/refresh_token_service.go:262.16,264.3 1 0
pansou/service/refresh_token_service.go:265.2,265.58 1 0
pansou/service/refresh_token_service.go:269.88,271.16 2 0
pansou/service/refresh_token_service.go:271.16,273.3 1 0
pansou/service/refresh_token_service.go:275.2,276.16 2 0
pansou/service/refresh_token_service.go:276.16,278.3 1 0
pansou/service/refresh_token_service.go:280.2,280.31 1 0
pansou/service/search_service.go:26.74,28.2 1 0
pansou/service/search_service.go:31.67,33.2 1 0
pansou/service/search_service.go:36.62,38.2 1 0
pansou/service/search_service.go:44.57,48.2 1 0
pansou/service/search_service.go:51.93,53.66 1 0
pansou/service/search_service.go:53.66,55.3 1 0
pansou/service/search_service.go:58.2,59.26 2 0
pansou/service/search_service.go:59.26,61.3 1 0
pansou/service/search_service.go:64.2,65.23 2 0
pansou/service/search_service.go:65.23,67.3 1 0
pansou/service/search_service.go:70.2,71.37 2 0
pansou/service/search_service.go:81.13,82.62 1 0
pansou/service/search_service.go:82.62,86.17 3 0
pansou/service/search_service.go:86.17,88.4 1 0
pansou/service/search_service.go:93.110,98.34 2 0
pansou/service/search_service.go:98.34,101.3 2 0
pansou/service/search_service.go:104.2,104.39 1 0
pansou/service/search_service.go:104.39,106.55 2 0
pansou/service/search_service.go:106.55,109.4 1 0
pansou/service/search_service.go:109.9,112.4 1 0
pansou/service/search_service.go:116.2,117.35 2 0
pansou/service/search_service.go:117.35,119.3 1 0
pansou/service/search_service.go:122.2,122.41 1 0
pansou/service/search_service.go:122.41,124.3 1 0
pansou/service/search_service.go:126.2,126.15 1 0
pansou/service/search_service.go:130.58,132.27 1 0
pansou/service/search_service.go:132.27,134.3 1 0
pansou/service/search_service.go:135.2,135.28 1 0
pansou/service/search_service.go:135.28,137.3 1 0
pansou/service/search_service.go:138.2,138.65 1 0
pansou/service/search_service.go:142.78,147.30 3 0
pansou/service/search_service.go:147.30,149.3 1 0
pansou/service/search_service.go:150.2,150.17 1 0
pansou/service/search_service.go:154.64,158.27 2 0
pansou/service/search_service.go:158.27,160.3 1 0
pansou/service/search_service.go:163.2,163.27 1 0
pansou/service/search_service.go:163.27,167.3 2 0
pansou/service/search_service.go:170.2,170.26 1 0
pansou/service/search_service.go:170.26,172.3 1 0
pansou/service/search_service.go:175.2,178.26 2 0
pansou/service/search_service.go:178.26,180.3 1 0
pansou/service/search_service.go:183.2,185.14 2 0
pansou/service/search_service.go:194.75,196.83 1 0
pansou/service/search_service.go:196.83,200.17 3 0
pansou/service/search_service.go:200.17,202.4 1 0
pansou/service/search_service.go:206.2,209.68 2 0
pansou/service/search_service.go:209.68,210.102 1 0
pansou/service/search_service.go:210.102,212.4 1 0
pansou/service/search_service.go:215.2,217.3 1 0
pansou/service/search_service.go:221.113,223.46 1 0
pansou/service/search_service.go:223.46,225.3 1 0
pansou/service/search_service.go:228.2,229.23 2 0
pansou/service/search_service.go:229.23,231.3 1 0
pansou/service/search_service.go:234.2,234.142 1 0
pansou/service/search_service.go:234.142,236.27 1 0
pansou/service/search_service.go:236.27,238.4 1 0
pansou/service/search_service.go:241.3,242.70 2 0
pansou/service/search_service.go:242.70,244.96 2 0
pansou/service/search_service.go:244.96,247.68 2 0
pansou/service/search_service.go:247.68,248.23 1 0
pansou/service/search_service.go:248.23,251.7 1 0
pansou/service/search_service.go:253.10,256.68 2 0
pansou/service/search_service.go:256.68,258.23 2 0
pansou/service/search_service.go:258.23,260.7 1 0
pansou/service/search_service.go:260.12,262.7 1 0
pansou/service/search_service.go:265.9,268.67 2 0
pansou/service/search_service.go:268.67,270.22 2 0
pansou/service/search_service.go:270.22,272.6 1 0
pansou/service/search_service.go:272.11,274.6 1 0
pansou/service/search_service.go:279.3,280.17 2 0
pansou/service/search_service.go:280.17,283.4 2 0
pansou/service/search_service.go:291.3,291.65 1 0
pansou/service/search_service.go:291.65,293.4 1 0
pansou/service/search_service.go:296.3,296.77 1 0
pansou/service/search_service.go:296.77,310.15 2 0
pansou/service/search_service.go:310.15,312.5 1 0
pansou/service/search_service.go:314.4,314.60 1 0
pansou/service/search_service.go:318.3,318.14 1 0
pansou/service/search_service.go:318.14,320.4 1 0
pansou/service/search_service.go:320.9,322.4 1 0
pansou/service/search_service.go:326.2,329.28 2 0
pansou/service/search_service.go:329.28,333.10 1 0
pansou/service/search_service.go:333.10,336.131 2 0
pansou/service/search_service.go:336.131,338.5 1 0
pansou/service/search_service.go:340.4,340.55 1 0
pansou/service/search_service.go:346.238,348.16 1 0
pansou/service/search_service.go:348.16,350.3 1 0
pansou/service/search_service.go:354.2,354.22 1 0
pansou/service/search_service.go:354.22,356.3 1 0
pansou/service/search_service.go:359.2,359.24 1 0
pansou/service/search_service.go:359.24,362.3 1 0
pansou/service/search_service.go:362.8,362.58 1 0
pansou/service/search_service.go:362.58,364.42 1 0
pansou/service/search_service.go:364.42,366.4 1 0
pansou/service/search_service.go:366.9,369.30 2 0
pansou/service/search_service.go:369.30,370.16 1 0
pansou/service/search_service.go:370.16,372.11 2 0
pansou/service/search_service.go:377.4,377.20 1 0
pansou/service/search_service.go:377.20,379.5 1 0
pansou/service/search_service.go:379.10,383.34 3 0
pansou/service/search_service.go:383.34,385.6 1 0
pansou/service/search_service.go:388.5,389.31 2 0
pansou/service/search_service.go:389.31,390.17 1 0
pansou/service/search_service.go:390.17,392.7 1 0
pansou/service/search_service.go:396.5,396.53 1 0
pansou/service/search_service.go:396.53,399.41 2 0
pansou/service/search_service.go:399.41,401.7 1 0
pansou/service/search_service.go:404.6,405.42 2 0
pansou/service/search_service.go:405.42,406.27 1 0
pansou/service/search_service.go:406.27,408.13 2 0
pansou/service/search_service.go:413.6,413.21 1 0
pansou/service/search_service.go:413.21,415.7 1 0
pansou/service/search_service.go:422.2,422.22 1 0
pansou/service/search_service.go:422.22,424.3 1 0
pansou/service/search_service.go:427.2,434.47 5 0
pansou/service/search_service.go:434.47,436.13 2 0
pansou/service/search_service.go:436.13,439.4 2 0
pansou/service/search_service.go:442.2,442.51 1 0
pansou/service/search_service.go:442.51,444.13 2 0
pansou/service/search_service.go:444.13,449.4 2 0
pansou/service/search_service.go:453.2,456.18 2 0
pansou/service/search_service.go:456.18,458.3 1 0
pansou/service/search_service.go:459.2,459.22 1 0
pansou/service/search_service.go:459.22,461.3 1 0
pansou/service/search_service.go:464.2,471.36 4 0
pansou/service/search_service.go:471.36,476.92 3 0
pansou/service/search_service.go:476.92,478.4 1 0
pansou/service/search_service.go:482.2,486.36 3 0
pansou/service/search_service.go:486.36,489.37 2 0
pansou/service/search_service.go:489.37,491.4 1 0
pansou/service/search_service.go:492.8,495.3 1 0
pansou/service/search_service.go:497.2,504.56 2 0
pansou/service/search_service.go:508.98,509.20 1 0
pansou/service/search_service.go:510.24,516.4 1 0
pansou/service/search_service.go:517.13,518.18 1 0
pansou/service/search_service.go:519.17,524.4 1 0
pansou/service/search_service.go:525.10,532.4 1 0
pansou/service/search_service.go:537.65,541.33 2 0
pansou/service/search_service.go:541.33,556.3 3 0
pansou/service/search_service.go:559.2,559.41 1 0
pansou/service/search_service.go:559.41,561.3 1 0
pansou/service/search_service.go:564.2,564.31 1 0
pansou/service/search_service.go:564.31,566.3 1 0
pansou/service/search_service.go:570.43,572.43 2 0
pansou/service/search_service.go:572.43,573.39 1 0
pansou/service/search_service.go:573.39,576.4 1 0
pansou/service/search_service.go:578.2,578.10 1 0
pansou/service/search_service.go:582.101,595.16 6 0
pansou/service/search_service.go:595.16,597.3 1 0
pansou/service/search_service.go:600.2,601.16 2 0
pansou/service/search_service.go:601.16,603.3 1 0
pansou/service/search_service.go:604.2,608.16 3 0
pansou/service/search_service.go:608.16,610.3 1 0
pansou/service/search_service.go:613.2,614.16 2 0
pansou/service/search_service.go:614.16,616.3 1 0
pansou/service/search_service.go:618.2,618.21 1 0
pansou/service/search_service.go:622.62,624.37 1 0
pansou/service/search_service.go:624.37,626.3 1 0
pansou/service/search_service.go:629.2,629.54 1 0
pansou/service/search_service.go:633.74,647.34 6 0
pansou/service/search_service.go:647.34,649.17 2 0
pansou/service/search_service.go:649.17,650.12 1 0
pansou/service/search_service.go:654.3,656.21 2 0
pansou/service/search_service.go:656.21,662.45 2 0
pansou/service/search_service.go:662.45,664.32 1 0
pansou/service/search_service.go:664.32,666.6 1 0
pansou/service/search_service.go:667.10,667.34 1 0
pansou/service/search_service.go:667.34,670.28 2 0
pansou/service/search_service.go:670.28,672.33 1 0
pansou/service/search_service.go:672.33,674.7 1 0
pansou/service/search_service.go:675.11,675.31 1 0
pansou/service/search_service.go:675.31,677.33 1 0
pansou/service/search_service.go:677.33,679.7 1 0
pansou/service/search_service.go:682.9,685.24 1 0
pansou/service/search_service.go:685.24,687.64 2 0
pansou/service/search_service.go:687.64,691.6 2 0
pansou/service/search_service.go:692.10,696.5 2 0
pansou/service/search_service.go:702.2,702.34 1 0
pansou/service/search_service.go:702.34,704.17 2 0
pansou/service/search_service.go:704.17,705.12 1 0
pansou/service/search_service.go:708.3,709.22 2 0
pansou/service/search_service.go:709.22,710.12 1 0
pansou/service/search_service.go:713.3,713.30 1 0
pansou/service/search_service.go:713.30,714.48 1 0
pansou/service/search_service.go:714.48,719.33 2 0
pansou/service/search_service.go:719.33,722.41 1 0
pansou/service/search_service.go:722.41,724.31 2 0
pansou/service/search_service.go:724.31,726.13 2 0
pansou/service/search_service.go:731.5,731.27 1 0
pansou/service/search_service.go:731.27,733.6 1 0
pansou/service/search_service.go:738.2,738.21 1 0
pansou/service/search_service.go:742.77,751.21 4 0
pansou/service/search_service.go:751.21,753.3 1 0
pansou/service/search_service.go:756.2,760.29 3 0
pansou/service/search_service.go:760.29,762.20 2 0
pansou/service/search_service.go:762.20,764.4 1 0
pansou/service/search_service.go:765.3,765.28 1 0
pansou/service/search_service.go:769.2,769.28 1 0
pansou/service/search_service.go:769.28,771.3 1 0
pansou/service/search_service.go:774.2,774.29 1 0
pansou/service/search_service.go:774.29,779.13 2 0
pansou/service/search_service.go:779.13,782.4 1 0
pansou/service/search_service.go:782.9,785.4 1 0
pansou/service/search_service.go:788.3,788.18 1 0
pansou/service/search_service.go:788.18,790.4 1 0
pansou/service/search_service.go:793.2,793.21 1 0
pansou/service/search_service.go:797.49,802.54 2 0
pansou/service/search_service.go:802.54,804.3 1 0
pansou/service/search_service.go:807.2,809.22 3 0
pansou/service/search_service.go:809.22,811.3 1 0
pansou/service/search_service.go:813.2,813.25 1 0
pansou/service/search_service.go:817.35,825.2 2 0
pansou/service/search_service.go:828.51,832.27 2 0
pansou/service/search_service.go:832.27,834.3 1 0
pansou/service/search_service.go:837.2,839.27 2 0
pansou/service/search_service.go:839.27,841.3 1 0
pansou/service/search_service.go:843.2,843.11 1 0
pansou/service/search_service.go:847.37,854.2 2 0
pansou/service/search_service.go:857.38,889.49 9 0
pansou/service/search_service.go:889.49,891.3 1 0
pansou/service/search_service.go:894.2,905.33 7 0
pansou/service/search_service.go:909.32,911.2 1 0
pansou/service/search_service.go:914.110,925.33 4 0
pansou/service/search_service.go:925.33,930.97 2 0
pansou/service/search_service.go:930.97,936.59 3 0
pansou/service/search_service.go:936.59,942.39 3 0
pansou/service/search_service.go:942.39,946.29 3 0
pansou/service/search_service.go:946.29,947.131 1 0
pansou/service/search_service.go:947.131,949.13 2 0
pansou/service/search_service.go:953.6,953.21 1 0
pansou/service/search_service.go:953.21,957.7 2 0
pansou/service/search_service.go:961.5,961.39 1 0
pansou/service/search_service.go:961.39,962.25 1 0
pansou/service/search_service.go:962.25,964.7 1 0
pansou/service/search_service.go:969.3,969.37 1 0
pansou/service/search_service.go:969.37,974.84 2 0
pansou/service/search_service.go:974.84,976.5 1 0
pansou/service/search_service.go:976.10,978.55 1 0
pansou/service/search_service.go:978.55,979.49 1 0
pansou/service/search_service.go:979.49,981.12 2 0
pansou/service/search_service.go:987.4,988.71 2 0
pansou/service/search_service.go:988.71,990.24 2 0
pansou/service/search_service.go:990.24,993.78 2 0
pansou/service/search_service.go:993.78,995.7 1 0
pansou/service/search_service.go:1000.4,1000.102 1 0
pansou/service/search_service.go:1000.102,1001.13 1 0
pansou/service/search_service.go:1005.4,1006.28 2 0
pansou/service/search_service.go:1006.28,1009.5 1 0
pansou/service/search_service.go:1009.10,1009.78 1 0
pansou/service/search_service.go:1009.78,1012.24 2 0
pansou/service/search_service.go:1012.24,1014.6 1 0
pansou/service/search_service.go:1015.10,1018.5 1 0
pansou/service/search_service.go:1021.4,1031.61 2 0
pansou/service/search_service.go:1031.61,1033.57 1 0
pansou/service/search_service.go:1033.57,1035.6 1 0
pansou/service/search_service.go:1036.10,1039.5 1 0
pansou/service/search_service.go:1045.2,1049.33 3 0
pansou/service/search_service.go:1049.33,1050.37 1 0
pansou/service/search_service.go:1050.37,1051.59 1 0
pansou/service/search_service.go:1051.59,1054.43 2 0
pansou/service/search_service.go:1054.43,1055.34 1 0
pansou/service/search_service.go:1055.34,1057.12 2 0
pansou/service/search_service.go:1060.5,1060.15 1 0
pansou/service/search_service.go:1060.15,1065.6 2 0
pansou/service/search_service.go:1071.2,1079.42 2 0
pansou/service/search_service.go:1079.42,1082.21 2 0
pansou/service/search_service.go:1082.21,1084.4 1 0
pansou/service/search_service.go:1087.3,1087.47 1 0
pansou/service/search_service.go:1087.47,1088.12 1 0
pansou/service/search_service.go:1092.3,1092.68 1 0
pansou/service/search_service.go:1108.2,1108.25 1 0
pansou/service/search_service.go:1108.25,1114.40 3 0
pansou/service/search_service.go:1114.40,1116.4 1 0
pansou/service/search_service.go:1119.3,1119.44 1 0
pansou/service/search_service.go:1119.44,1120.47 1 0
pansou/service/search_service.go:1120.47,1122.5 1 0
pansou/service/search_service.go:1125.3,1125.23 1 0
pansou/service/search_service.go:1128.2,1128.20 1 0
pansou/service/search_service.go:1132.118,1137.72 2 0
pansou/service/search_service.go:1137.72,1143.35 4 0
pansou/service/search_service.go:1143.35,1146.25 2 0
pansou/service/search_service.go:1146.25,1148.93 2 0
pansou/service/search_service.go:1148.93,1151.6 1 0
pansou/service/search_service.go:1157.2,1162.35 3 0
pansou/service/search_service.go:1162.35,1164.44 2 0
pansou/service/search_service.go:1164.44,1166.18 2 0
pansou/service/search_service.go:1166.18,1168.5 1 0
pansou/service/search_service.go:1169.4,1169.18 1 0
pansou/service/search_service.go:1174.2,1177.37 2 0
pansou/service/search_service.go:1177.37,1178.20 1 0
pansou/service/search_service.go:1178.20,1181.4 2 0
pansou/service/search_service.go:1185.2,1185.55 1 0
pansou/service/search_service.go:1185.55,1186.37 1 0
pansou/service/search_service.go:1186.37,1190.36 2 0
pansou/service/search_service.go:1190.36,1192.19 2 0
pansou/service/search_service.go:1192.19,1194.6 1 0
pansou/service/search_service.go:1195.5,1195.51 1 0
pansou/service/search_service.go:1200.2,1200.21 1 0
pansou/service/search_service.go:1204.167,1206.16 1 0
pansou/service/search_service.go:1206.16,1208.3 1 0
pansou/service/search_service.go:1211.2,1214.72 2 0
pansou/service/search_service.go:1214.72,1220.35 4 0
pansou/service/search_service.go:1220.35,1226.25 2 0
pansou/service/search_service.go:1226.25,1228.93 2 0
pansou/service/search_service.go:1228.93,1232.6 2 0
pansou/service/search_service.go:1232.11,1235.6 2 0
pansou/service/search_service.go:1243.2,1244.28 2 0
pansou/service/search_service.go:1244.28,1251.17 4 0
pansou/service/search_service.go:1251.17,1252.30 1 0
pansou/service/search_service.go:1252.30,1253.16 1 0
pansou/service/search_service.go:1253.16,1255.11 2 0
pansou/service/search_service.go:1261.3,1261.38 1 0
pansou/service/search_service.go:1261.38,1263.30 2 0
pansou/service/search_service.go:1263.30,1264.16 1 0
pansou/service/search_service.go:1264.16,1266.6 1 0
pansou/service/search_service.go:1269.4,1269.33 1 0
pansou/service/search_service.go:1269.33,1270.45 1 0
pansou/service/search_service.go:1270.45,1272.6 1 0
pansou/service/search_service.go:1274.9,1277.4 1 0
pansou/service/search_service.go:1281.2,1281.22 1 0
pansou/service/search_service.go:1281.22,1284.3 1 0
pansou/service/search_service.go:1287.2,1288.37 2 0
pansou/service/search_service.go:1288.37,1290.44 2 0
pansou/service/search_service.go:1290.44,1296.149 3 0
pansou/service/search_service.go:1296.149,1299.5 1 0
pansou/service/search_service.go:1301.4,1301.18 1 0
pansou/service/search_service.go:1301.18,1303.5 1 0
pansou/service/search_service.go:1304.4,1304.18 1 0
pansou/service/search_service.go:1309.2,1313.33 3 0
pansou/service/search_service.go:1313.33,1314.20 1 0
pansou/service/search_service.go:1314.20,1317.47 2 0
pansou/service/search_service.go:1317.47,1318.36 1 0
pansou/service/search_service.go:1318.36,1320.6 1 0
pansou/service/search_service.go:1326.2,1326.55 1 0
pansou/service/search_service.go:1326.55,1327.60 1 0
pansou/service/search_service.go:1327.60,1331.36 2 0
pansou/service/search_service.go:1331.36,1333.19 2 0
pansou/service/search_service.go:1333.19,1336.6 2 0
pansou/service/search_service.go:1340.5,1341.68 2 0
pansou/service/search_service.go:1341.68,1344.6 1 0
pansou/service/search_service.go:1349.2,1349.24 1 0
pansou/service/search_service.go:1353.66,1355.2 1 0
pansou/service/search_service.go:1376.56,1377.26 1 0
pansou/service/search_service.go:1377.26,1380.3 1 0
pansou/service/search_service.go:1380.8,1380.76 1 0
pansou/service/search_service.go:1380.76,1383.22 2 0
pansou/service/search_service.go:1383.22,1385.4 1 0
pansou/service/search_service.go:1387.2,1387.18 1 0
pansou/service/search_service.go:1391.48,1393.52 1 0
pansou/service/search_service.go:1393.52,1395.3 1 0
pansou/service/search_service.go:1397.2,1398.21 2 0
pansou/service/search_service.go:1398.21,1401.3 2 0
pansou/service/search_service.go:1403.2,1403.22 1 0
pansou/service/search_service.go:1403.22,1406.3 2 0
pansou/service/search_service.go:1408.2,1408.26 1 0
pansou/service/search_service.go:1408.26,1412.3 3 0
pansou/service/search_service.go:1414.2,1415.10 2 0
pansou/service/search_service.go:1419.53,1422.28 2 0
pansou/service/search_service.go:1422.28,1423.29 1 0
pansou/service/search_service.go:1423.29,1425.4 1 0
pansou/service/search_service.go:1427.2,1427.10 1 0
pansou/service/search_service.go:1431.45,1434.15 2 0
pansou/service/search_service.go:1435.9,1436.14 1 0
pansou/service/search_service.go:1437.9,1438.13 1 0
pansou/service/search_service.go:1439.9,1440.11 1 0
pansou/service/search_service.go:1441.9,1442.14 1 0
pansou/service/search_service.go:1443.10,1444.11 1 0
pansou/service/search_service.go:1449.53,1450.23 1 0
pansou/service/search_service.go:1450.23,1452.3 1 0
pansou/service/search_service.go:1454.2,1458.9 3 0
pansou/service/search_service.go:1459.21,1460.13 1 0
pansou/service/search_service.go:1461.21,1462.13 1 0
pansou/service/search_service.go:1463.21,1464.13 1 0
pansou/service/search_service.go:1465.22,1466.13 1 0
pansou/service/search_service.go:1467.22,1468.13 1 0
pansou/service/search_service.go:1469.23,1470.12 1 0
pansou/service/search_service.go:1471.10,1472.12 1 0
pansou/util/cache/adaptive_tuning_engine.go:377.54,415.2 8 0
pansou/util/cache/adaptive_tuning_engine.go:418.46,419.53 1 0
pansou/util/cache/adaptive_tuning_engine.go:419.53,421.3 1 0
pansou/util/cache/adaptive_tuning_engine.go:424.2,424.73 1 0
pansou/util/cache/adaptive_tuning_engine.go:424.73,426.3 1 0
pansou/util/cache/adaptive_tuning_engine.go:429.2,438.12 5 0
pansou/util/cache/adaptive_tuning_engine.go:442.45,446.6 3 0
pansou/util/cache/adaptive_tuning_engine.go:446.6,447.10 1 0
pansou/util/cache/adaptive_tuning_engine.go:448.19,449.21 1 0
pansou/util/cache/adaptive_tuning_engine.go:451.25,452.10 1 0
pansou/util/cache/adaptive_tuning_engine.go:458.47,462.6 3 0
pansou/util/cache/adaptive_tuning_engine.go:462.6,463.10 1 0
pansou/util/cache/adaptive_tuning_engine.go:464.19,465.23 1 0
pansou/util/cache/adaptive_tuning_engine.go:467.25,468.10 1 0
pansou/util/cache/adaptive_tuning_engine.go:474.47,478.6 3 0
pansou/util/cache/adaptive_tuning_engine.go:478.6,479.10 1 0
pansou/util/cache/adaptive_tuning_engine.go:480.19,481.23 1 0
pansou/util/cache/adaptive_tuning_engine.go:483.25,484.10 1 0
pansou/util/cache/adaptive_tuning_engine.go:490.48,495.27 3 0
pansou/util/cache/adaptive_tuning_engine.go:495.27,497.3 1 0
pansou/util/cache/adaptive_tuning_engine.go:500.2,504.21 3 0
pansou/util/cache/adaptive_tuning_engine.go:504.21,506.3 1 0
pansou/util/cache/adaptive_tuning_engine.go:509.2,509.35 1 0
pansou/util/cache/adaptive_tuning_engine.go:509.35,512.3 2 0
pansou/util/cache/adaptive_tuning_engine.go:515.2,531.20 5 0
pansou/util/cache/adaptive_tuning_engine.go:531.20,533.3 1 0
pansou/util/cache/adaptive_tuning_engine.go:533.8,536.3 2 0
pansou/util/cache/adaptive_tuning_engine.go:540.50,549.2 3 0
pansou/util/cache/adaptive_tuning_engine.go:552.50,557.64 2 0
pansou/util/cache/adaptive_tuning_engine.go:557.64,560.3 2 0
pansou/util/cache/adaptive_tuning_engine.go:563.2,571.90 6 0
pansou/util/cache/adaptive_tuning_engine.go:575.80,577.56 1 0
pansou/util/cache/adaptive_tuning_engine.go:577.56,579.3 1 0
pansou/util/cache/adaptive_tuning_engine.go:582.2,582.25 1 0
pansou/util/cache/adaptive_tuning_engine.go:582.25,584.3 1 0
pansou/util/cache/adaptive_tuning_engine.go:587.2,587.43 1 0
pansou/util/cache/adaptive_tuning_engine.go:587.43,588.66 1 0
pansou/util/cache/adaptive_tuning_engine.go:588.66,590.4 1 0
pansou/util/cache/adaptive_tuning_engine.go:593.2,593.13 1 0
pansou/util/cache/adaptive_tuning_engine.go:597.88,607.50 5 0
pansou/util/cache/adaptive_tuning_engine.go:607.50,608.64 1 0
pansou/util/cache/adaptive_tuning_engine.go:608.64,610.9 2 0
pansou/util/cache/adaptive_tuning_engine.go:614.2,614.14 1 0
pansou/util/cache/adaptive_tuning_engine.go:614.14,622.3 1 0
pansou/util/cache/adaptive_tuning_engine.go:625.2,645.3 8 0
pansou/util/cache/adaptive_tuning_engine.go:649.93,650.20 1 0
pansou/util/cache/adaptive_tuning_engine.go:650.20,652.3 1 0
pansou/util/cache/adaptive_tuning_engine.go:655.2,660.60 5 0
pansou/util/cache/adaptive_tuning_engine.go:664.96,665.35 1 0
pansou/util/cache/adaptive_tuning_engine.go:665.35,667.3 1 0
pansou/util/cache/adaptive_tuning_engine.go:670.2,675.36 4 0
pansou/util/cache/adaptive_tuning_engine.go:679.95,689.2 2 0
pansou/util/cache/adaptive_tuning_engine.go:692.54,697.34 3 0
pansou/util/cache/adaptive_tuning_engine.go:697.34,698.25 1 0
pansou/util/cache/adaptive_tuning_engine.go:698.25,718.4 8 0
pansou/util/cache/adaptive_tuning_engine.go:722.2,724.44 3 0
pansou/util/cache/adaptive_tuning_engine.go:724.44,729.3 4 0
pansou/util/cache/adaptive_tuning_engine.go:730.2,730.31 1 0
pansou/util/cache/adaptive_tuning_engine.go:734.97,735.58 1 0
pansou/util/cache/adaptive_tuning_engine.go:735.58,738.3 2 0
pansou/util/cache/adaptive_tuning_engine.go:742.82,753.58 2 0
pansou/util/cache/adaptive_tuning_engine.go:753.58,764.3 2 0
pansou/util/cache/adaptive_tuning_engine.go:767.2,781.44 4 0
pansou/util/cache/adaptive_tuning_engine.go:785.70,792.45 4 0
pansou/util/cache/adaptive_tuning_engine.go:792.45,794.3 1 0
pansou/util/cache/adaptive_tuning_engine.go:798.100,803.20 4 0
pansou/util/cache/adaptive_tuning_engine.go:803.20,808.54 4 0
pansou/util/cache/adaptive_tuning_engine.go:808.54,810.4 1 0
pansou/util/cache/adaptive_tuning_engine.go:811.8,813.3 1 0
pansou/util/cache/adaptive_tuning_engine.go:816.2,818.37 3 0
pansou/util/cache/adaptive_tuning_engine.go:822.99,824.43 2 0
pansou/util/cache/adaptive_tuning_engine.go:824.43,826.3 1 0
pansou/util/cache/adaptive_tuning_engine.go:827.2,827.15 1 0
pansou/util/cache/adaptive_tuning_engine.go:831.76,835.48 3 0
pansou/util/cache/adaptive_tuning_engine.go:835.48,837.3 1 0
pansou/util/cache/adaptive_tuning_engine.go:839.2,843.16 4 0
pansou/util/cache/adaptive_tuning_engine.go:847.45,848.53 1 0
pansou/util/cache/adaptive_tuning_engine.go:848.53,850.3 1 0
pansou/util/cache/adaptive_tuning_engine.go:853.2,859.12 4 0
pansou/util/cache/adaptive_tuning_engine.go:863.62,869.2 4 0
pansou/util/cache/adaptive_tuning_engine.go:872.73,884.2 3 0
pansou/util/cache/advanced_data_merger.go:75.50,93.2 4 0
pansou/util/cache/advanced_data_merger.go:96.58,108.2 4 0
pansou/util/cache/advanced_data_merger.go:111.53,116.56 1 0
pansou/util/cache/advanced_data_merger.go:116.56,118.5 1 0
pansou/util/cache/advanced_data_merger.go:126.56,130.5 1 0
pansou/util/cache/advanced_data_merger.go:138.56,142.5 2 0
pansou/util/cache/advanced_data_merger.go:150.56,152.5 1 0
pansou/util/cache/advanced_data_merger.go:161.98,163.15 2 0
pansou/util/cache/advanced_data_merger.go:163.15,166.3 2 0
pansou/util/cache/advanced_data_merger.go:168.2,173.47 3 0
pansou/util/cache/advanced_data_merger.go:173.47,174.46 1 0
pansou/util/cache/advanced_data_merger.go:174.46,177.18 2 0
pansou/util/cache/advanced_data_merger.go:177.18,179.13 2 0
pansou/util/cache/advanced_data_merger.go:183.4,190.9 5 0
pansou/util/cache/advanced_data_merger.go:194.2,194.15 1 0
pansou/util/cache/advanced_data_merger.go:198.85,200.36 1 0
pansou/util/cache/advanced_data_merger.go:200.36,201.52 1 0
pansou/util/cache/advanced_data_merger.go:201.52,203.4 1 0
pansou/util/cache/advanced_data_merger.go:206.2,206.14 1 0
pansou/util/cache/advanced_data_merger.go:210.99,213.36 2 0
pansou/util/cache/advanced_data_merger.go:213.36,214.52 1 0
pansou/util/cache/advanced_data_merger.go:214.52,215.60 1 0
pansou/util/cache/advanced_data_merger.go:215.60,217.5 1 0
pansou/util/cache/advanced_data_merger.go:221.2,221.21 1 0
pansou/util/cache/advanced_data_merger.go:221.21,223.3 1 0
pansou/util/cache/advanced_data_merger.go:226.2,226.42 1 0
pansou/util/cache/advanced_data_merger.go:230.99,247.2 3 0
pansou/util/cache/advanced_data_merger.go:250.109,271.2 4 0
pansou/util/cache/advanced_data_merger.go:274.102,291.2 3 0
pansou/util/cache/advanced_data_merger.go:294.105,311.2 3 0
pansou/util/cache/advanced_data_merger.go:314.106,319.34 2 0
pansou/util/cache/advanced_data_merger.go:319.34,322.3 2 0
pansou/util/cache/advanced_data_merger.go:325.2,325.29 1 0
pansou/util/cache/advanced_data_merger.go:325.29,327.55 2 0
pansou/util/cache/advanced_data_merger.go:327.55,331.4 2 0
pansou/util/cache/advanced_data_merger.go:331.9,333.4 1 0
pansou/util/cache/advanced_data_merger.go:337.2,338.35 2 0
pansou/util/cache/advanced_data_merger.go:338.35,340.3 1 0
pansou/util/cache/advanced_data_merger.go:342.2,342.15 1 0
pansou/util/cache/advanced_data_merger.go:346.112,352.34 3 0
pansou/util/cache/advanced_data_merger.go:352.34,355.3 2 0
pansou/util/cache/advanced_data_merger.go:358.2,358.29 1 0
pansou/util/cache/advanced_data_merger.go:358.29,360.43 2 0
pansou/util/cache/advanced_data_merger.go:360.43,362.4 1 0
pansou/util/cache/advanced_data_merger.go:362.9,364.4 1 0
pansou/util/cache/advanced_data_merger.go:368.2,372.35 3 0
pansou/util/cache/advanced_data_merger.go:372.35,374.3 1 0
pansou/util/cache/advanced_data_merger.go:376.2,376.21 1 0
pansou/util/cache/advanced_data_merger.go:380.82,383.27 2 0
pansou/util/cache/advanced_data_merger.go:383.27,385.3 1 0
pansou/util/cache/advanced_data_merger.go:386.2,386.12 1 0
pansou/util/cache/advanced_data_merger.go:390.106,394.46 2 0
pansou/util/cache/advanced_data_merger.go:394.46,396.3 1 0
pansou/util/cache/advanced_data_merger.go:399.2,400.38 2 0
pansou/util/cache/advanced_data_merger.go:400.38,402.3 1 0
pansou/util/cache/advanced_data_merger.go:403.2,403.33 1 0
pansou/util/cache/advanced_data_merger.go:403.33,405.3 1 0
pansou/util/cache/advanced_data_merger.go:407.2,408.31 2 0
pansou/util/cache/advanced_data_merger.go:408.31,410.3 1 0
pansou/util/cache/advanced_data_merger.go:411.2,415.36 3 0
pansou/util/cache/advanced_data_merger.go:415.36,417.3 1 0
pansou/util/cache/advanced_data_merger.go:418.2,418.31 1 0
pansou/util/cache/advanced_data_merger.go:418.31,420.3 1 0
pansou/util/cache/advanced_data_merger.go:422.2,423.26 2 0
pansou/util/cache/advanced_data_merger.go:423.26,425.3 1 0
pansou/util/cache/advanced_data_merger.go:426.2,429.43 2 0
pansou/util/cache/advanced_data_merger.go:429.43,431.3 1 0
pansou/util/cache/advanced_data_merger.go:433.2,433.15 1 0
pansou/util/cache/advanced_data_merger.go:437.84,438.51 1 0
pansou/util/cache/advanced_data_merger.go:438.51,440.3 1 0
pansou/util/cache/advanced_data_merger.go:443.2,444.37 2 0
pansou/util/cache/advanced_data_merger.go:444.37,446.3 1 0
pansou/util/cache/advanced_data_merger.go:447.2,447.32 1 0
pansou/util/cache/advanced_data_merger.go:447.32,449.3 1 0
pansou/util/cache/advanced_data_merger.go:451.2,451.34 1 0
pansou/util/cache/advanced_data_merger.go:451.34,452.35 1 0
pansou/util/cache/advanced_data_merger.go:452.35,453.51 1 0
pansou/util/cache/advanced_data_merger.go:453.51,455.5 1 0
pansou/util/cache/advanced_data_merger.go:459.2,459.14 1 0
pansou/util/cache/advanced_data_merger.go:463.86,464.17 1 0
pansou/util/cache/advanced_data_merger.go:464.17,466.3 1 0
pansou/util/cache/advanced_data_merger.go:467.2,467.13 1 0
pansou/util/cache/advanced_data_merger.go:471.81,472.27 1 0
pansou/util/cache/advanced_data_merger.go:472.27,474.3 1 0
pansou/util/cache/advanced_data_merger.go:475.2,475.18 1 0
pansou/util/cache/advanced_data_merger.go:479.74,486.28 4 0
pansou/util/cache/advanced_data_merger.go:486.28,489.3 1 0
pansou/util/cache/advanced_data_merger.go:492.2,492.45 1 0
pansou/util/cache/advanced_data_merger.go:492.45,494.3 1 0
pansou/util/cache/advanced_data_merger.go:498.91,510.39 7 0
pansou/util/cache/advanced_data_merger.go:510.39,513.3 1 0
pansou/util/cache/advanced_data_merger.go:516.2,524.22 6 0
pansou/util/cache/advanced_data_merger.go:524.22,527.3 2 0
pansou/util/cache/advanced_data_merger.go:531.69,536.23 4 0
pansou/util/cache/advanced_data_merger.go:536.23,538.3 1 0
pansou/util/cache/advanced_data_merger.go:540.2,552.3 1 0
pansou/util/cache/advanced_data_merger.go:560.77,562.2 1 0
pansou/util/cache/advanced_data_merger.go:564.94,567.2 1 0
pansou/util/cache/advanced_data_merger.go:569.50,571.2 1 0
pansou/util/cache/advanced_data_merger.go:576.87,578.2 1 0
pansou/util/cache/advanced_data_merger.go:580.104,582.2 1 0
pansou/util/cache/advanced_data_merger.go:584.60,586.2 1 0
pansou/util/cache/advanced_data_merger.go:591.83,594.2 1 0
pansou/util/cache/advanced_data_merger.go:596.100,598.2 1 0
pansou/util/cache/advanced_data_merger.go:600.56,602.2 1 0
pansou/util/cache/advanced_data_merger.go:607.87,612.2 1 0
pansou/util/cache/advanced_data_merger.go:614.104,616.2 1 0
pansou/util/cache/advanced_data_merger.go:618.60,620.2 1 0
pansou/util/cache/buffer_status_monitor.go:243.52,296.2 5 0
pansou/util/cache/buffer_status_monitor.go:299.73,300.56 1 0
pansou/util/cache/buffer_status_monitor.go:300.56,302.3 1 0
pansou/util/cache/buffer_status_monitor.go:306.2,308.28 3 0
pansou/util/cache/buffer_status_monitor.go:312.82,316.6 3 0
pansou/util/cache/buffer_status_monitor.go:316.6,317.10 1 0
pansou/util/cache/buffer_status_monitor.go:318.19,323.20 5 0
pansou/util/cache/buffer_status_monitor.go:325.25,326.10 1 0
pansou/util/cache/buffer_status_monitor.go:332.49,336.6 3 0
pansou/util/cache/buffer_status_monitor.go:336.6,337.10 1 0
pansou/util/cache/buffer_status_monitor.go:338.19,339.26 1 0
pansou/util/cache/buffer_status_monitor.go:341.25,342.10 1 0
pansou/util/cache/buffer_status_monitor.go:348.53,352.6 3 0
pansou/util/cache/buffer_status_monitor.go:352.6,353.10 1 0
pansou/util/cache/buffer_status_monitor.go:354.19,355.21 1 0
pansou/util/cache/buffer_status_monitor.go:357.25,358.10 1 0
pansou/util/cache/buffer_status_monitor.go:364.82,373.35 5 0
pansou/util/cache/buffer_status_monitor.go:373.35,374.55 1 0
pansou/util/cache/buffer_status_monitor.go:374.55,382.59 2 0
pansou/util/cache/buffer_status_monitor.go:382.59,384.5 1 0
pansou/util/cache/buffer_status_monitor.go:385.4,385.62 1 0
pansou/util/cache/buffer_status_monitor.go:385.62,387.5 1 0
pansou/util/cache/buffer_status_monitor.go:388.4,388.60 1 0
pansou/util/cache/buffer_status_monitor.go:388.60,390.5 1 0
pansou/util/cache/buffer_status_monitor.go:392.4,392.51 1 0
pansou/util/cache/buffer_status_monitor.go:397.2,400.25 2 0
pansou/util/cache/buffer_status_monitor.go:404.59,413.51 5 0
pansou/util/cache/buffer_status_monitor.go:413.51,415.3 1 0
pansou/util/cache/buffer_status_monitor.go:418.2,423.48 4 0
pansou/util/cache/buffer_status_monitor.go:423.48,425.3 1 0
pansou/util/cache/buffer_status_monitor.go:427.2,427.47 1 0
pansou/util/cache/buffer_status_monitor.go:431.53,434.47 2 0
pansou/util/cache/buffer_status_monitor.go:434.47,441.46 3 0
pansou/util/cache/buffer_status_monitor.go:441.46,444.4 1 0
pansou/util/cache/buffer_status_monitor.go:447.3,450.43 2 0
pansou/util/cache/buffer_status_monitor.go:454.2,454.42 1 0
pansou/util/cache/buffer_status_monitor.go:454.42,456.3 1 0
pansou/util/cache/buffer_status_monitor.go:458.2,458.32 1 0
pansou/util/cache/buffer_status_monitor.go:462.45,465.2 2 0
pansou/util/cache/buffer_status_monitor.go:468.47,472.50 2 0
pansou/util/cache/buffer_status_monitor.go:472.50,474.53 2 0
pansou/util/cache/buffer_status_monitor.go:474.53,476.4 1 0
pansou/util/cache/buffer_status_monitor.go:476.9,476.60 1 0
pansou/util/cache/buffer_status_monitor.go:476.60,478.4 1 0
pansou/util/cache/buffer_status_monitor.go:478.9,480.4 1 0
pansou/util/cache/buffer_status_monitor.go:484.2,485.56 2 0
pansou/util/cache/buffer_status_monitor.go:485.56,487.3 1 0
pansou/util/cache/buffer_status_monitor.go:487.8,489.3 1 0
pansou/util/cache/buffer_status_monitor.go:491.2,492.25 2 0
pansou/util/cache/buffer_status_monitor.go:496.49,498.78 1 0
pansou/util/cache/buffer_status_monitor.go:498.78,501.3 1 0
pansou/util/cache/buffer_status_monitor.go:501.8,501.84 1 0
pansou/util/cache/buffer_status_monitor.go:501.84,504.3 1 0
pansou/util/cache/buffer_status_monitor.go:507.2,508.57 2 0
pansou/util/cache/buffer_status_monitor.go:508.57,511.3 1 0
pansou/util/cache/buffer_status_monitor.go:511.8,511.63 1 0
pansou/util/cache/buffer_status_monitor.go:511.63,514.3 1 0
pansou/util/cache/buffer_status_monitor.go:518.45,520.56 1 0
pansou/util/cache/buffer_status_monitor.go:520.56,522.3 1 0
pansou/util/cache/buffer_status_monitor.go:522.8,522.62 1 0
pansou/util/cache/buffer_status_monitor.go:522.62,524.3 1 0
pansou/util/cache/buffer_status_monitor.go:528.78,533.73 3 0
pansou/util/cache/buffer_status_monitor.go:533.73,534.60 1 0
pansou/util/cache/buffer_status_monitor.go:534.60,537.4 2 0
pansou/util/cache/buffer_status_monitor.go:541.2,562.70 8 0
pansou/util/cache/buffer_status_monitor.go:566.51,570.50 2 0
pansou/util/cache/buffer_status_monitor.go:570.50,578.3 5 0
pansou/util/cache/buffer_status_monitor.go:581.2,582.56 2 0
pansou/util/cache/buffer_status_monitor.go:582.56,584.3 1 0
pansou/util/cache/buffer_status_monitor.go:584.8,586.3 1 0
pansou/util/cache/buffer_status_monitor.go:589.2,591.41 3 0
pansou/util/cache/buffer_status_monitor.go:595.66,599.77 2 0
pansou/util/cache/buffer_status_monitor.go:599.77,601.3 1 0
pansou/util/cache/buffer_status_monitor.go:604.2,605.56 2 0
pansou/util/cache/buffer_status_monitor.go:605.56,607.3 1 0
pansou/util/cache/buffer_status_monitor.go:610.2,610.64 1 0
pansou/util/cache/buffer_status_monitor.go:610.64,612.3 1 0
pansou/util/cache/buffer_status_monitor.go:614.2,614.31 1 0
pansou/util/cache/buffer_status_monitor.go:614.31,616.3 1 0
pansou/util/cache/buffer_status_monitor.go:618.2,618.24 1 0
pansou/util/cache/buffer_status_monitor.go:622.52,656.46 16 0
pansou/util/cache/buffer_status_monitor.go:656.46,658.3 1 0
pansou/util/cache/buffer_status_monitor.go:660.2,660.46 1 0
pansou/util/cache/buffer_status_monitor.go:664.67,675.54 5 0
pansou/util/cache/buffer_status_monitor.go:675.54,678.3 2 0
pansou/util/cache/buffer_status_monitor.go:678.8,678.60 1 0
pansou/util/cache/buffer_status_monitor.go:678.60,681.3 2 0
pansou/util/cache/buffer_status_monitor.go:681.8,683.3 1 0
pansou/util/cache/buffer_status_monitor.go:685.2,685.15 1 0
pansou/util/cache/buffer_status_monitor.go:689.67,700.57 5 0
pansou/util/cache/buffer_status_monitor.go:700.57,703.3 2 0
pansou/util/cache/buffer_status_monitor.go:703.8,703.63 1 0
pansou/util/cache/buffer_status_monitor.go:703.63,706.3 2 0
pansou/util/cache/buffer_status_monitor.go:706.8,708.3 1 0
pansou/util/cache/buffer_status_monitor.go:710.2,710.15 1 0
pansou/util/cache/buffer_status_monitor.go:714.72,725.19 5 0
pansou/util/cache/buffer_status_monitor.go:725.19,728.3 2 0
pansou/util/cache/buffer_status_monitor.go:728.8,730.3 1 0
pansou/util/cache/buffer_status_monitor.go:732.2,732.15 1 0
pansou/util/cache/buffer_status_monitor.go:736.63,740.68 3 0
pansou/util/cache/buffer_status_monitor.go:740.68,741.27 1 0
pansou/util/cache/buffer_status_monitor.go:742.19,743.22 1 0
pansou/util/cache/buffer_status_monitor.go:744.18,745.21 1 0
pansou/util/cache/buffer_status_monitor.go:749.2,749.17 1 0
pansou/util/cache/buffer_status_monitor.go:749.17,751.3 1 0
pansou/util/cache/buffer_status_monitor.go:751.8,751.23 1 0
pansou/util/cache/buffer_status_monitor.go:751.23,753.3 1 0
pansou/util/cache/buffer_status_monitor.go:755.2,755.18 1 0
pansou/util/cache/buffer_status_monitor.go:759.47,764.39 3 0
pansou/util/cache/buffer_status_monitor.go:764.39,766.22 2 0
pansou/util/cache/buffer_status_monitor.go:766.22,767.35 1 0
pansou/util/cache/buffer_status_monitor.go:767.35,774.5 4 0
pansou/util/cache/buffer_status_monitor.go:779.2,780.46 2 0
pansou/util/cache/buffer_status_monitor.go:780.46,781.22 1 0
pansou/util/cache/buffer_status_monitor.go:781.22,783.4 1 0
pansou/util/cache/buffer_status_monitor.go:783.9,785.4 1 0
pansou/util/cache/buffer_status_monitor.go:788.2,791.71 2 0
pansou/util/cache/buffer_status_monitor.go:791.71,794.3 2 0
pansou/util/cache/buffer_status_monitor.go:798.69,799.25 1 0
pansou/util/cache/buffer_status_monitor.go:800.16,801.81 1 0
pansou/util/cache/buffer_status_monitor.go:802.22,803.83 1 0
pansou/util/cache/buffer_status_monitor.go:804.23,805.59 1 0
pansou/util/cache/buffer_status_monitor.go:808.2,808.14 1 0
pansou/util/cache/buffer_status_monitor.go:812.46,829.45 5 0
pansou/util/cache/buffer_status_monitor.go:829.45,831.3 1 0
pansou/util/cache/buffer_status_monitor.go:835.38,836.56 1 0
pansou/util/cache/buffer_status_monitor.go:836.56,838.3 1 0
pansou/util/cache/buffer_status_monitor.go:840.2,841.65 2 0
pansou/util/cache/buffer_status_monitor.go:845.67,852.2 4 0
pansou/util/cache/buffer_status_monitor.go:855.62,860.2 3 0
pansou/util/cache/buffer_status_monitor.go:863.57,870.2 5 0
pansou/util/cache/buffer_status_monitor.go:873.78,877.48 3 0
pansou/util/cache/buffer_status_monitor.go:877.48,879.3 1 0
pansou/util/cache/buffer_status_monitor.go:881.2,885.16 4 0
pansou/util/cache/buffer_status_monitor.go:889.72,900.16 3 0
pansou/util/cache/buffer_status_monitor.go:900.16,902.3 1 0
pansou/util/cache/buffer_status_monitor.go:904.2,904.30 1 0
pansou/util/cache/cache_key.go:29.13,36.31 4 0
pansou/util/cache/cache_key.go:36.31,38.3 1 0
pansou/util/cache/cache_key.go:39.2,46.58 5 0
pansou/util/cache/cache_key.go:50.67,61.2 5 0
pansou/util/cache/cache_key.go:64.70,75.2 5 0
pansou/util/cache/cache_key.go:78.102,86.22 3 0
pansou/util/cache/cache_key.go:86.22,88.3 1 0
pansou/util/cache/cache_key.go:91.2,92.24 2 0
pansou/util/cache/cache_key.go:92.24,95.3 1 0
pansou/util/cache/cache_key.go:95.8,98.3 1 0
pansou/util/cache/cache_key.go:101.2,103.36 3 0
pansou/util/cache/cache_key.go:107.48,108.43 1 0
pansou/util/cache/cache_key.go:108.43,110.61 1 0
pansou/util/cache/cache_key.go:110.61,112.4 1 0
pansou/util/cache/cache_key.go:113.3,113.25 1 0
pansou/util/cache/cache_key.go:117.2,117.23 1 0
pansou/util/cache/cache_key.go:117.23,124.3 4 0
pansou/util/cache/cache_key.go:127.2,133.48 5 0
pansou/util/cache/cache_key.go:133.48,135.3 1 0
pansou/util/cache/cache_key.go:138.2,142.13 3 0
pansou/util/cache/cache_key.go:146.46,148.41 1 0
pansou/util/cache/cache_key.go:148.41,150.60 1 0
pansou/util/cache/cache_key.go:150.60,152.4 1 0
pansou/util/cache/cache_key.go:153.3,153.24 1 0
pansou/util/cache/cache_key.go:157.2,158.28 2 0
pansou/util/cache/cache_key.go:158.28,159.14 1 0
pansou/util/cache/cache_key.go:159.14,161.9 2 0
pansou/util/cache/cache_key.go:166.2,166.24 1 0
pansou/util/cache/cache_key.go:166.24,167.60 1 0
pansou/util/cache/cache_key.go:167.60,169.4 1 0
pansou/util/cache/cache_key.go:170.3,170.24 1 0
pansou/util/cache/cache_key.go:174.2,174.22 1 0
pansou/util/cache/cache_key.go:174.22,176.29 2 0
pansou/util/cache/cache_key.go:176.29,177.15 1 0
pansou/util/cache/cache_key.go:177.15,179.5 1 0
pansou/util/cache/cache_key.go:181.3,184.40 2 0
pansou/util/cache/cache_key.go:188.2,189.28 2 0
pansou/util/cache/cache_key.go:189.28,190.14 1 0
pansou/util/cache/cache_key.go:190.14,192.4 1 0
pansou/util/cache/cache_key.go:194.2,198.47 3 0
pansou/util/cache/cache_key.go:198.47,200.3 1 0
pansou/util/cache/cache_key.go:203.2,207.13 3 0
pansou/util/cache/cache_key.go:211.47,213.29 2 0
pansou/util/cache/cache_key.go:213.29,215.3 1 0
pansou/util/cache/cache_key.go:216.2,216.39 1 0
pansou/util/cache/cache_key.go:221.104,227.42 3 0
pansou/util/cache/cache_key.go:227.42,232.3 4 0
pansou/util/cache/cache_key.go:232.8,234.3 1 0
pansou/util/cache/cache_key.go:237.2,238.40 2 0
pansou/util/cache/cache_key.go:238.40,243.3 4 0
pansou/util/cache/cache_key.go:243.8,245.3 1 0
pansou/util/cache/cache_key.go:248.2,248.22 1 0
pansou/util/cache/cache_key.go:248.22,250.3 1 0
pansou/util/cache/cache_key.go:253.2,257.36 3 0
pansou/util/cache/cache_key.go:262.77,264.41 1 0
pansou/util/cache/cache_key.go:264.41,266.3 1 0
pansou/util/cache/cache_key.go:269.2,273.25 3 0
pansou/util/cache/cache_key.go:273.25,275.3 1 0
pansou/util/cache/cache_key.go:276.2,279.25 2 0
pansou/util/cache/cache_key.go:279.25,281.3 1 0
pansou/util/cache/cache_key.go:284.2,285.36 2 0
pansou/util/cache/delayed_batch_write_manager.go:70.47,81.29 6 0
pansou/util/cache/delayed_batch_write_manager.go:81.29,83.3 1 0
pansou/util/cache/delayed_batch_write_manager.go:84.2,84.25 1 0
pansou/util/cache/delayed_batch_write_manager.go:84.25,86.3 1 0
pansou/util/cache/delayed_batch_write_manager.go:87.2,87.29 1 0
pansou/util/cache/delayed_batch_write_manager.go:87.29,89.3 1 0
pansou/util/cache/delayed_batch_write_manager.go:92.2,98.34 5 0
pansou/util/cache/delayed_batch_write_manager.go:102.50,104.67 1 0
pansou/util/cache/delayed_batch_write_manager.go:104.67,106.3 1 0
pansou/util/cache/delayed_batch_write_manager.go:109.2,109.65 1 0
pansou/util/cache/delayed_batch_write_manager.go:109.65,110.57 1 0
pansou/util/cache/delayed_batch_write_manager.go:110.57,112.4 1 0
pansou/util/cache/delayed_batch_write_manager.go:115.2,115.53 1 0
pansou/util/cache/delayed_batch_write_manager.go:115.53,116.47 1 0
pansou/util/cache/delayed_batch_write_manager.go:116.47,118.4 1 0
pansou/util/cache/delayed_batch_write_manager.go:121.2,121.66 1 0
pansou/util/cache/delayed_batch_write_manager.go:121.66,122.52 1 0
pansou/util/cache/delayed_batch_write_manager.go:122.52,124.4 1 0
pansou/util/cache/delayed_batch_write_manager.go:128.2,128.60 1 0
pansou/util/cache/delayed_batch_write_manager.go:128.60,129.58 1 0
pansou/util/cache/delayed_batch_write_manager.go:129.58,131.4 1 0
pansou/util/cache/delayed_batch_write_manager.go:136.74,145.9 5 0
pansou/util/cache/delayed_batch_write_manager.go:146.29,147.30 1 0
pansou/util/cache/delayed_batch_write_manager.go:148.29,149.30 1 0
pansou/util/cache/delayed_batch_write_manager.go:150.10,151.30 1 0
pansou/util/cache/delayed_batch_write_manager.go:155.2,155.35 1 0
pansou/util/cache/delayed_batch_write_manager.go:155.35,157.3 1 0
pansou/util/cache/delayed_batch_write_manager.go:158.2,158.35 1 0
pansou/util/cache/delayed_batch_write_manager.go:158.35,160.3 1 0
pansou/util/cache/delayed_batch_write_manager.go:162.2,162.17 1 0
pansou/util/cache/delayed_batch_write_manager.go:166.60,175.9 6 0
pansou/util/cache/delayed_batch_write_manager.go:176.44,177.13 1 0
pansou/util/cache/delayed_batch_write_manager.go:178.44,179.13 1 0
pansou/util/cache/delayed_batch_write_manager.go:180.10,181.12 1 0
pansou/util/cache/delayed_batch_write_manager.go:185.2,185.27 1 0
pansou/util/cache/delayed_batch_write_manager.go:185.27,187.3 1 0
pansou/util/cache/delayed_batch_write_manager.go:188.2,188.27 1 0
pansou/util/cache/delayed_batch_write_manager.go:188.27,190.3 1 0
pansou/util/cache/delayed_batch_write_manager.go:192.2,192.13 1 0
pansou/util/cache/delayed_batch_write_manager.go:196.59,203.9 5 0
pansou/util/cache/delayed_batch_write_manager.go:204.30,205.14 1 0
pansou/util/cache/delayed_batch_write_manager.go:206.29,207.14 1 0
pansou/util/cache/delayed_batch_write_manager.go:208.10,209.13 1 0
pansou/util/cache/delayed_batch_write_manager.go:212.2,212.29 1 0
pansou/util/cache/delayed_batch_write_manager.go:216.58,218.45 1 0
pansou/util/cache/delayed_batch_write_manager.go:218.45,221.3 1 0
pansou/util/cache/delayed_batch_write_manager.go:223.2,223.37 1 0
pansou/util/cache/delayed_batch_write_manager.go:223.37,226.3 1 0
pansou/util/cache/delayed_batch_write_manager.go:228.2,228.56 1 0
pansou/util/cache/delayed_batch_write_manager.go:228.56,231.3 1 0
pansou/util/cache/delayed_batch_write_manager.go:234.2,234.45 1 0
pansou/util/cache/delayed_batch_write_manager.go:234.45,236.3 1 0
pansou/util/cache/delayed_batch_write_manager.go:237.2,237.37 1 0
pansou/util/cache/delayed_batch_write_manager.go:237.37,239.3 1 0
pansou/util/cache/delayed_batch_write_manager.go:242.2,242.79 1 0
pansou/util/cache/delayed_batch_write_manager.go:242.79,244.3 1 0
pansou/util/cache/delayed_batch_write_manager.go:246.2,246.12 1 0
pansou/util/cache/delayed_batch_write_manager.go:312.71,319.44 2 0
pansou/util/cache/delayed_batch_write_manager.go:319.44,321.3 1 0
pansou/util/cache/delayed_batch_write_manager.go:324.2,340.21 3 0
pansou/util/cache/delayed_batch_write_manager.go:344.55,345.55 1 0
pansou/util/cache/delayed_batch_write_manager.go:345.55,347.3 1 0
pansou/util/cache/delayed_batch_write_manager.go:349.2,353.59 3 0
pansou/util/cache/delayed_batch_write_manager.go:353.59,355.3 1 0
pansou/util/cache/delayed_batch_write_manager.go:358.2,371.12 7 0
pansou/util/cache/delayed_batch_write_manager.go:375.107,377.2 1 0
pansou/util/cache/delayed_batch_write_manager.go:380.83,382.39 1 0
pansou/util/cache/delayed_batch_write_manager.go:382.39,384.3 1 0
pansou/util/cache/delayed_batch_write_manager.go:387.2,387.48 1 0
pansou/util/cache/delayed_batch_write_manager.go:387.48,389.3 1 0
pansou/util/cache/delayed_batch_write_manager.go:392.2,392.42 1 0
pansou/util/cache/delayed_batch_write_manager.go:392.42,394.3 1 0
pansou/util/cache/delayed_batch_write_manager.go:397.2,397.37 1 0
pansou/util/cache/delayed_batch_write_manager.go:401.85,404.16 2 0
pansou/util/cache/delayed_batch_write_manager.go:404.16,407.3 1 0
pansou/util/cache/delayed_batch_write_manager.go:410.2,410.17 1 0
pansou/util/cache/delayed_batch_write_manager.go:410.17,412.3 1 0
pansou/util/cache/delayed_batch_write_manager.go:414.2,414.12 1 0
pansou/util/cache/delayed_batch_write_manager.go:418.77,420.16 2 0
pansou/util/cache/delayed_batch_write_manager.go:420.16,422.3 1 0
pansou/util/cache/delayed_batch_write_manager.go:424.2,424.26 1 0
pansou/util/cache/delayed_batch_write_manager.go:424.26,426.3 1 0
pansou/util/cache/delayed_batch_write_manager.go:429.2,429.45 1 0
pansou/util/cache/delayed_batch_write_manager.go:429.45,430.55 1 0
pansou/util/cache/delayed_batch_write_manager.go:430.55,432.4 1 0
pansou/util/cache/delayed_batch_write_manager.go:433.3,433.65 1 0
pansou/util/cache/delayed_batch_write_manager.go:437.2,445.16 7 0
pansou/util/cache/delayed_batch_write_manager.go:445.16,448.3 2 0
pansou/util/cache/delayed_batch_write_manager.go:451.2,454.12 3 0
pansou/util/cache/delayed_batch_write_manager.go:458.58,462.6 3 0
pansou/util/cache/delayed_batch_write_manager.go:462.6,463.10 1 0
pansou/util/cache/delayed_batch_write_manager.go:464.19,466.35 1 0
pansou/util/cache/delayed_batch_write_manager.go:468.25,469.10 1 0
pansou/util/cache/delayed_batch_write_manager.go:475.66,480.42 3 0
pansou/util/cache/delayed_batch_write_manager.go:480.42,481.55 1 0
pansou/util/cache/delayed_batch_write_manager.go:481.55,483.34 1 0
pansou/util/cache/delayed_batch_write_manager.go:483.34,485.13 1 0
pansou/util/cache/delayed_batch_write_manager.go:488.4,488.88 1 0
pansou/util/cache/delayed_batch_write_manager.go:489.9,491.4 1 0
pansou/util/cache/delayed_batch_write_manager.go:494.2,494.22 1 0
pansou/util/cache/delayed_batch_write_manager.go:494.22,496.3 1 0
pansou/util/cache/delayed_batch_write_manager.go:500.44,503.2 1 0
pansou/util/cache/delayed_batch_write_manager.go:506.80,508.31 1 0
pansou/util/cache/delayed_batch_write_manager.go:508.31,511.17 2 0
pansou/util/cache/delayed_batch_write_manager.go:511.17,513.4 1 0
pansou/util/cache/delayed_batch_write_manager.go:518.3,518.11 1 0
pansou/util/cache/delayed_batch_write_manager.go:520.2,520.12 1 0
pansou/util/cache/delayed_batch_write_manager.go:524.83,525.31 1 0
pansou/util/cache/delayed_batch_write_manager.go:525.31,527.3 1 0
pansou/util/cache/delayed_batch_write_manager.go:530.2,531.16 2 0
pansou/util/cache/delayed_batch_write_manager.go:531.16,533.3 1 0
pansou/util/cache/delayed_batch_write_manager.go:536.2,540.49 4 0
pansou/util/cache/delayed_batch_write_manager.go:544.83,546.32 1 0
pansou/util/cache/delayed_batch_write_manager.go:546.32,549.13 3 0
pansou/util/cache/delayed_batch_write_manager.go:549.13,553.4 2 0
pansou/util/cache/delayed_batch_write_manager.go:554.3,555.22 2 0
pansou/util/cache/delayed_batch_write_manager.go:559.2,559.9 1 0
pansou/util/cache/delayed_batch_write_manager.go:560.26,563.13 3 0
pansou/util/cache/delayed_batch_write_manager.go:564.10,566.28 1 0
pansou/util/cache/delayed_batch_write_manager.go:571.58,572.6 1 0
pansou/util/cache/delayed_batch_write_manager.go:572.6,573.10 1 0
pansou/util/cache/delayed_batch_write_manager.go:574.29,580.72 4 0
pansou/util/cache/delayed_batch_write_manager.go:580.72,582.5 1 0
pansou/util/cache/delayed_batch_write_manager.go:583.4,583.25 1 0
pansou/util/cache/delayed_batch_write_manager.go:585.25,588.10 2 0
pansou/util/cache/delayed_batch_write_manager.go:594.58,595.6 1 0
pansou/util/cache/delayed_batch_write_manager.go:595.6,596.10 1 0
pansou/util/cache/delayed_batch_write_manager.go:597.26,599.30 2 0
pansou/util/cache/delayed_batch_write_manager.go:599.30,601.5 1 0
pansou/util/cache/delayed_batch_write_manager.go:602.4,602.25 1 0
pansou/util/cache/delayed_batch_write_manager.go:604.25,606.10 2 0
pansou/util/cache/delayed_batch_write_manager.go:612.58,616.6 3 0
pansou/util/cache/delayed_batch_write_manager.go:616.6,617.10 1 0
pansou/util/cache/delayed_batch_write_manager.go:618.19,619.26 1 0
pansou/util/cache/delayed_batch_write_manager.go:621.25,622.10 1 0
pansou/util/cache/delayed_batch_write_manager.go:628.74,629.55 1 0
pansou/util/cache/delayed_batch_write_manager.go:629.55,631.3 1 0
pansou/util/cache/delayed_batch_write_manager.go:636.2,643.12 5 0
pansou/util/cache/delayed_batch_write_manager.go:643.12,650.51 4 0
pansou/util/cache/delayed_batch_write_manager.go:650.51,653.4 2 0
pansou/util/cache/delayed_batch_write_manager.go:653.9,655.4 1 0
pansou/util/cache/delayed_batch_write_manager.go:658.3,659.49 2 0
pansou/util/cache/delayed_batch_write_manager.go:659.49,662.4 2 0
pansou/util/cache/delayed_batch_write_manager.go:662.9,664.4 1 0
pansou/util/cache/delayed_batch_write_manager.go:667.3,668.58 2 0
pansou/util/cache/delayed_batch_write_manager.go:668.58,671.4 2 0
pansou/util/cache/delayed_batch_write_manager.go:671.9,673.4 1 0
pansou/util/cache/delayed_batch_write_manager.go:675.3,675.21 1 0
pansou/util/cache/delayed_batch_write_manager.go:675.21,677.4 1 0
pansou/util/cache/delayed_batch_write_manager.go:679.3,679.18 1 0
pansou/util/cache/delayed_batch_write_manager.go:682.2,682.9 1 0
pansou/util/cache/delayed_batch_write_manager.go:683.21,684.17 1 0
pansou/util/cache/delayed_batch_write_manager.go:684.17,686.4 1 0
pansou/util/cache/delayed_batch_write_manager.go:688.3,688.13 1 0
pansou/util/cache/delayed_batch_write_manager.go:689.20,690.42 1 0
pansou/util/cache/delayed_batch_write_manager.go:695.66,704.47 6 0
pansou/util/cache/delayed_batch_write_manager.go:704.47,705.26 1 0
pansou/util/cache/delayed_batch_write_manager.go:705.26,707.57 2 0
pansou/util/cache/delayed_batch_write_manager.go:707.57,710.13 3 0
pansou/util/cache/delayed_batch_write_manager.go:712.4,714.22 3 0
pansou/util/cache/delayed_batch_write_manager.go:718.2,718.25 1 0
pansou/util/cache/delayed_batch_write_manager.go:718.25,720.3 1 0
pansou/util/cache/delayed_batch_write_manager.go:720.8,722.3 1 0
pansou/util/cache/delayed_batch_write_manager.go:724.2,724.16 1 0
pansou/util/cache/delayed_batch_write_manager.go:728.64,733.28 3 0
pansou/util/cache/delayed_batch_write_manager.go:733.28,734.61 1 0
pansou/util/cache/delayed_batch_write_manager.go:734.61,736.4 1 0
pansou/util/cache/delayed_batch_write_manager.go:740.2,740.59 1 0
pansou/util/cache/delayed_batch_write_manager.go:740.59,742.26 2 0
pansou/util/cache/delayed_batch_write_manager.go:742.26,744.4 1 0
pansou/util/cache/delayed_batch_write_manager.go:747.2,747.12 1 0
pansou/util/cache/delayed_batch_write_manager.go:751.77,755.65 2 0
pansou/util/cache/delayed_batch_write_manager.go:755.65,757.3 1 0
pansou/util/cache/delayed_batch_write_manager.go:760.2,760.49 1 0
pansou/util/cache/delayed_batch_write_manager.go:760.49,762.3 1 0
pansou/util/cache/delayed_batch_write_manager.go:765.2,766.44 2 0
pansou/util/cache/delayed_batch_write_manager.go:766.44,768.3 1 0
pansou/util/cache/delayed_batch_write_manager.go:771.2,772.53 2 0
pansou/util/cache/delayed_batch_write_manager.go:772.53,774.3 1 0
pansou/util/cache/delayed_batch_write_manager.go:777.2,777.22 1 0
pansou/util/cache/delayed_batch_write_manager.go:777.22,779.3 1 0
pansou/util/cache/delayed_batch_write_manager.go:782.2,782.67 1 0
pansou/util/cache/delayed_batch_write_manager.go:782.67,784.3 1 0
pansou/util/cache/delayed_batch_write_manager.go:786.2,786.18 1 0
pansou/util/cache/delayed_batch_write_manager.go:790.62,792.35 2 0
pansou/util/cache/delayed_batch_write_manager.go:792.35,794.3 1 0
pansou/util/cache/delayed_batch_write_manager.go:795.2,795.18 1 0
pansou/util/cache/delayed_batch_write_manager.go:799.73,800.29 1 0
pansou/util/cache/delayed_batch_write_manager.go:800.29,802.3 1 0
pansou/util/cache/delayed_batch_write_manager.go:804.2,805.35 2 0
pansou/util/cache/delayed_batch_write_manager.go:805.35,806.23 1 0
pansou/util/cache/delayed_batch_write_manager.go:806.23,808.4 1 0
pansou/util/cache/delayed_batch_write_manager.go:811.2,811.65 1 0
pansou/util/cache/delayed_batch_write_manager.go:815.56,822.2 3 0
pansou/util/cache/delayed_batch_write_manager.go:825.76,826.29 1 0
pansou/util/cache/delayed_batch_write_manager.go:826.29,828.3 1 0
pansou/util/cache/delayed_batch_write_manager.go:831.2,832.32 2 0
pansou/util/cache/delayed_batch_write_manager.go:832.32,834.3 1 0
pansou/util/cache/delayed_batch_write_manager.go:834.8,837.3 2 0
pansou/util/cache/delayed_batch_write_manager.go:839.2,839.26 1 0
pansou/util/cache/delayed_batch_write_manager.go:839.26,841.3 1 0
pansou/util/cache/delayed_batch_write_manager.go:844.2,844.45 1 0
pansou/util/cache/delayed_batch_write_manager.go:844.45,845.55 1 0
pansou/util/cache/delayed_batch_write_manager.go:845.55,847.4 1 0
pansou/util/cache/delayed_batch_write_manager.go:848.3,848.65 1 0
pansou/util/cache/delayed_batch_write_manager.go:852.2,859.16 6 0
pansou/util/cache/delayed_batch_write_manager.go:859.16,862.3 2 0
pansou/util/cache/delayed_batch_write_manager.go:865.2,866.32 2 0
pansou/util/cache/delayed_batch_write_manager.go:866.32,870.3 3 0
pansou/util/cache/delayed_batch_write_manager.go:873.2,877.12 4 0
pansou/util/cache/delayed_batch_write_manager.go:881.80,886.36 4 0
pansou/util/cache/delayed_batch_write_manager.go:886.36,888.3 1 0
pansou/util/cache/delayed_batch_write_manager.go:890.2,890.19 1 0
pansou/util/cache/delayed_batch_write_manager.go:894.89,895.31 1 0
pansou/util/cache/delayed_batch_write_manager.go:895.31,897.3 1 0
pansou/util/cache/delayed_batch_write_manager.go:900.2,900.32 1 0
pansou/util/cache/delayed_batch_write_manager.go:900.32,903.17 2 0
pansou/util/cache/delayed_batch_write_manager.go:903.17,905.4 1 0
pansou/util/cache/delayed_batch_write_manager.go:908.3,908.66 1 0
pansou/util/cache/delayed_batch_write_manager.go:908.66,910.4 1 0
pansou/util/cache/delayed_batch_write_manager.go:913.2,913.12 1 0
pansou/util/cache/delayed_batch_write_manager.go:917.59,922.2 3 0
pansou/util/cache/delayed_batch_write_manager.go:925.57,931.9 3 0
pansou/util/cache/delayed_batch_write_manager.go:932.27,933.104 1 0
pansou/util/cache/delayed_batch_write_manager.go:934.27,935.103 1 0
pansou/util/cache/delayed_batch_write_manager.go:939.2,940.9 2 0
pansou/util/cache/delayed_batch_write_manager.go:941.23,942.87 1 0
pansou/util/cache/delayed_batch_write_manager.go:943.22,944.86 1 0
pansou/util/cache/delayed_batch_write_manager.go:949.76,951.2 1 0
pansou/util/cache/delayed_batch_write_manager.go:954.82,955.11 1 0
pansou/util/cache/delayed_batch_write_manager.go:955.11,957.3 1 0
pansou/util/cache/delayed_batch_write_manager.go:958.2,958.10 1 0
pansou/util/cache/delayed_batch_write_manager.go:961.82,962.11 1 0
pansou/util/cache/delayed_batch_write_manager.go:962.11,964.3 1 0
pansou/util/cache/delayed_batch_write_manager.go:965.2,965.10 1 0
pansou/util/cache/delayed_batch_write_manager.go:968.57,969.11 1 0
pansou/util/cache/delayed_batch_write_manager.go:969.11,971.3 1 0
pansou/util/cache/delayed_batch_write_manager.go:972.2,972.10 1 0
pansou/util/cache/delayed_batch_write_manager.go:975.57,976.11 1 0
pansou/util/cache/delayed_batch_write_manager.go:976.11,978.3 1 0
pansou/util/cache/delayed_batch_write_manager.go:979.2,979.10 1 0
pansou/util/cache/delayed_batch_write_manager.go:983.70,989.31 4 0
pansou/util/cache/delayed_batch_write_manager.go:989.31,991.3 1 0
pansou/util/cache/delayed_batch_write_manager.go:994.2,998.48 3 0
pansou/util/cache/delayed_batch_write_manager.go:998.48,1000.3 1 0
pansou/util/cache/delayed_batch_write_manager.go:1003.2,1010.22 2 0
pansou/util/cache/delayed_batch_write_manager.go:1014.78,1020.31 4 0
pansou/util/cache/delayed_batch_write_manager.go:1020.31,1022.3 1 0
pansou/util/cache/delayed_batch_write_manager.go:1024.2,1024.15 1 0
pansou/util/cache/disk_cache.go:35.67,37.48 1 0
pansou/util/cache/disk_cache.go:37.48,39.3 1 0
pansou/util/cache/disk_cache.go:41.2,53.19 4 0
pansou/util/cache/disk_cache.go:57.36,63.16 4 0
pansou/util/cache/disk_cache.go:63.16,65.3 1 0
pansou/util/cache/disk_cache.go:67.2,67.29 1 0
pansou/util/cache/disk_cache.go:67.29,68.19 1 0
pansou/util/cache/disk_cache.go:68.19,69.12 1 0
pansou/util/cache/disk_cache.go:73.3,73.37 1 0
pansou/util/cache/disk_cache.go:73.37,74.12 1 0
pansou/util/cache/disk_cache.go:78.3,80.17 3 0
pansou/util/cache/disk_cache.go:80.17,81.12 1 0
pansou/util/cache/disk_cache.go:84.3,85.53 2 0
pansou/util/cache/disk_cache.go:85.53,86.12 1 0
pansou/util/cache/disk_cache.go:90.3,93.31 2 0
pansou/util/cache/disk_cache.go:98.77,101.16 3 0
pansou/util/cache/disk_cache.go:101.16,103.3 1 0
pansou/util/cache/disk_cache.go:104.2,104.51 1 0
pansou/util/cache/disk_cache.go:108.52,111.2 2 0
pansou/util/cache/disk_cache.go:114.75,119.45 3 0
pansou/util/cache/disk_cache.go:119.45,125.3 4 0
pansou/util/cache/disk_cache.go:128.2,129.43 2 0
pansou/util/cache/disk_cache.go:129.43,132.3 1 0
pansou/util/cache/disk_cache.go:135.2,139.50 3 0
pansou/util/cache/disk_cache.go:139.50,141.3 1 0
pansou/util/cache/disk_cache.go:144.2,144.63 1 0
pansou/util/cache/disk_cache.go:144.63,146.3 1 0
pansou/util/cache/disk_cache.go:149.2,159.50 3 0
pansou/util/cache/disk_cache.go:159.50,163.3 2 0
pansou/util/cache/disk_cache.go:166.2,169.12 3 0
pansou/util/cache/disk_cache.go:173.59,178.13 4 0
pansou/util/cache/disk_cache.go:178.13,180.3 1 0
pansou/util/cache/disk_cache.go:183.2,183.35 1 0
pansou/util/cache/disk_cache.go:183.35,186.3 2 0
pansou/util/cache/disk_cache.go:189.2,193.16 3 0
pansou/util/cache/disk_cache.go:193.16,195.25 1 0
pansou/util/cache/disk_cache.go:195.25,197.4 1 0
pansou/util/cache/disk_cache.go:198.3,198.25 1 0
pansou/util/cache/disk_cache.go:202.2,207.24 5 0
pansou/util/cache/disk_cache.go:211.46,216.13 4 0
pansou/util/cache/disk_cache.go:216.13,218.3 1 0
pansou/util/cache/disk_cache.go:221.2,229.12 6 0
pansou/util/cache/disk_cache.go:233.42,238.13 4 0
pansou/util/cache/disk_cache.go:238.13,240.3 1 0
pansou/util/cache/disk_cache.go:243.2,243.35 1 0
pansou/util/cache/disk_cache.go:243.35,247.3 2 0
pansou/util/cache/disk_cache.go:249.2,249.13 1 0
pansou/util/cache/disk_cache.go:253.36,258.36 4 0
pansou/util/cache/disk_cache.go:258.36,259.29 1 0
pansou/util/cache/disk_cache.go:259.29,263.40 3 0
pansou/util/cache/disk_cache.go:263.40,267.5 3 0
pansou/util/cache/disk_cache.go:273.51,282.31 3 0
pansou/util/cache/disk_cache.go:282.31,288.3 1 0
pansou/util/cache/disk_cache.go:292.2,292.34 1 0
pansou/util/cache/disk_cache.go:292.34,293.39 1 0
pansou/util/cache/disk_cache.go:293.39,294.52 1 0
pansou/util/cache/disk_cache.go:294.52,296.5 1 0
pansou/util/cache/disk_cache.go:301.2,302.29 2 0
pansou/util/cache/disk_cache.go:302.29,303.42 1 0
pansou/util/cache/disk_cache.go:303.42,304.9 1 0
pansou/util/cache/disk_cache.go:308.3,310.39 3 0
pansou/util/cache/disk_cache.go:310.39,314.4 3 0
pansou/util/cache/disk_cache.go:319.40,321.21 2 0
pansou/util/cache/disk_cache.go:321.21,323.3 1 0
pansou/util/cache/disk_cache.go:327.35,333.16 4 0
pansou/util/cache/disk_cache.go:333.16,335.3 1 0
pansou/util/cache/disk_cache.go:337.2,337.29 1 0
pansou/util/cache/disk_cache.go:337.29,338.19 1 0
pansou/util/cache/disk_cache.go:338.19,339.12 1 0
pansou/util/cache/disk_cache.go:342.3,342.48 1 0
pansou/util/cache/disk_cache.go:346.2,349.12 3 0
pansou/util/cache/disk_cache.go:353.67,358.13 4 0
pansou/util/cache/disk_cache.go:358.13,360.3 1 0
pansou/util/cache/disk_cache.go:362.2,362.32 1 0
pansou/util/cache/enhanced_two_level_cache.go:20.65,30.16 6 0
pansou/util/cache/enhanced_two_level_cache.go:30.16,32.3 1 0
pansou/util/cache/enhanced_two_level_cache.go:35.2,44.8 3 0
pansou/util/cache/enhanced_two_level_cache.go:48.87,56.47 3 0
pansou/util/cache/enhanced_two_level_cache.go:56.47,59.3 1 0
pansou/util/cache/enhanced_two_level_cache.go:61.2,61.12 1 0
pansou/util/cache/enhanced_two_level_cache.go:65.97,72.2 3 0
pansou/util/cache/enhanced_two_level_cache.go:75.97,83.2 3 0
pansou/util/cache/enhanced_two_level_cache.go:86.114,87.13 1 0
pansou/util/cache/enhanced_two_level_cache.go:87.13,89.3 1 0
pansou/util/cache/enhanced_two_level_cache.go:89.8,91.3 1 0
pansou/util/cache/enhanced_two_level_cache.go:95.71,99.12 2 0
pansou/util/cache/enhanced_two_level_cache.go:99.12,101.3 1 0
pansou/util/cache/enhanced_two_level_cache.go:104.2,105.31 2 0
pansou/util/cache/enhanced_two_level_cache.go:105.31,111.3 4 0
pansou/util/cache/enhanced_two_level_cache.go:113.2,113.24 1 0
pansou/util/cache/enhanced_two_level_cache.go:117.58,123.2 2 0
pansou/util/cache/enhanced_two_level_cache.go:126.47,132.2 2 0
pansou/util/cache/enhanced_two_level_cache.go:135.70,139.2 3 0
pansou/util/cache/enhanced_two_level_cache.go:142.60,146.2 3 0
pansou/util/cache/enhanced_two_level_cache.go:149.59,158.34 5 0
pansou/util/cache/enhanced_two_level_cache.go:158.34,160.62 1 0
pansou/util/cache/enhanced_two_level_cache.go:160.62,163.12 3 0
pansou/util/cache/enhanced_two_level_cache.go:165.3,165.15 1 0
pansou/util/cache/enhanced_two_level_cache.go:168.2,168.20 1 0
pansou/util/cache/enhanced_two_level_cache.go:168.20,170.3 1 0
pansou/util/cache/enhanced_two_level_cache.go:170.8,172.3 1 0
pansou/util/cache/enhanced_two_level_cache.go:174.2,174.16 1 0
pansou/util/cache/global_buffer_manager.go:118.81,120.30 1 0
pansou/util/cache/global_buffer_manager.go:120.30,122.3 1 0
pansou/util/cache/global_buffer_manager.go:124.2,140.16 5 0
pansou/util/cache/global_buffer_manager.go:144.50,145.55 1 0
pansou/util/cache/global_buffer_manager.go:145.55,147.3 1 0
pansou/util/cache/global_buffer_manager.go:150.2,157.12 4 0
pansou/util/cache/global_buffer_manager.go:161.93,162.39 1 0
pansou/util/cache/global_buffer_manager.go:162.39,164.3 1 0
pansou/util/cache/global_buffer_manager.go:167.2,174.13 5 0
pansou/util/cache/global_buffer_manager.go:174.13,179.3 4 0
pansou/util/cache/global_buffer_manager.go:182.2,187.33 3 0
pansou/util/cache/global_buffer_manager.go:191.76,192.20 1 0
pansou/util/cache/global_buffer_manager.go:193.23,194.47 1 0
pansou/util/cache/global_buffer_manager.go:196.22,197.49 1 0
pansou/util/cache/global_buffer_manager.go:199.23,201.59 2 0
pansou/util/cache/global_buffer_manager.go:203.20,207.37 2 0
pansou/util/cache/global_buffer_manager.go:209.10,210.43 1 0
pansou/util/cache/global_buffer_manager.go:215.103,232.2 3 0
pansou/util/cache/global_buffer_manager.go:235.99,241.12 4 0
pansou/util/cache/global_buffer_manager.go:241.12,244.3 2 0
pansou/util/cache/global_buffer_manager.go:244.8,251.46 4 0
pansou/util/cache/global_buffer_manager.go:251.46,253.4 1 0
pansou/util/cache/global_buffer_manager.go:254.3,257.48 2 0
pansou/util/cache/global_buffer_manager.go:257.48,259.4 1 0
pansou/util/cache/global_buffer_manager.go:260.3,260.86 1 0
pansou/util/cache/global_buffer_manager.go:263.2,266.36 2 0
pansou/util/cache/global_buffer_manager.go:270.76,274.52 2 0
pansou/util/cache/global_buffer_manager.go:274.52,276.3 1 0
pansou/util/cache/global_buffer_manager.go:279.2,279.48 1 0
pansou/util/cache/global_buffer_manager.go:279.48,281.3 1 0
pansou/util/cache/global_buffer_manager.go:284.2,284.48 1 0
pansou/util/cache/global_buffer_manager.go:284.48,286.3 1 0
pansou/util/cache/global_buffer_manager.go:289.2,290.32 2 0
pansou/util/cache/global_buffer_manager.go:290.32,292.3 1 0
pansou/util/cache/global_buffer_manager.go:295.2,296.29 2 0
pansou/util/cache/global_buffer_manager.go:296.29,298.3 1 0
pansou/util/cache/global_buffer_manager.go:300.2,300.14 1 0
pansou/util/cache/global_buffer_manager.go:304.88,305.33 1 0
pansou/util/cache/global_buffer_manager.go:305.33,307.3 1 0
pansou/util/cache/global_buffer_manager.go:309.2,310.39 2 0
pansou/util/cache/global_buffer_manager.go:310.39,311.23 1 0
pansou/util/cache/global_buffer_manager.go:311.23,313.4 1 0
pansou/util/cache/global_buffer_manager.go:316.2,316.69 1 0
pansou/util/cache/global_buffer_manager.go:320.87,325.13 4 0
pansou/util/cache/global_buffer_manager.go:325.13,327.3 1 0
pansou/util/cache/global_buffer_manager.go:329.2,344.25 10 0
pansou/util/cache/global_buffer_manager.go:344.25,346.3 1 0
pansou/util/cache/global_buffer_manager.go:348.2,348.24 1 0
pansou/util/cache/global_buffer_manager.go:352.78,355.28 3 0
pansou/util/cache/global_buffer_manager.go:355.28,357.3 1 0
pansou/util/cache/global_buffer_manager.go:358.2,361.31 3 0
pansou/util/cache/global_buffer_manager.go:361.31,362.64 1 0
pansou/util/cache/global_buffer_manager.go:362.64,364.4 1 0
pansou/util/cache/global_buffer_manager.go:367.2,367.15 1 0
pansou/util/cache/global_buffer_manager.go:371.48,372.6 1 0
pansou/util/cache/global_buffer_manager.go:372.6,373.10 1 0
pansou/util/cache/global_buffer_manager.go:374.28,375.22 1 0
pansou/util/cache/global_buffer_manager.go:377.25,379.10 2 0
pansou/util/cache/global_buffer_manager.go:385.48,393.36 5 0
pansou/util/cache/global_buffer_manager.go:393.36,397.83 2 0
pansou/util/cache/global_buffer_manager.go:397.83,399.4 1 0
pansou/util/cache/global_buffer_manager.go:401.3,401.25 1 0
pansou/util/cache/global_buffer_manager.go:405.2,405.30 1 0
pansou/util/cache/global_buffer_manager.go:405.30,409.3 3 0
pansou/util/cache/global_buffer_manager.go:412.2,418.23 4 0
pansou/util/cache/global_buffer_manager.go:418.23,420.3 1 0
pansou/util/cache/global_buffer_manager.go:424.51,427.35 2 0
pansou/util/cache/global_buffer_manager.go:427.35,431.3 3 0
pansou/util/cache/global_buffer_manager.go:433.2,433.54 1 0
pansou/util/cache/global_buffer_manager.go:437.48,438.55 1 0
pansou/util/cache/global_buffer_manager.go:438.55,440.3 1 0
pansou/util/cache/global_buffer_manager.go:443.2,448.37 4 0
pansou/util/cache/global_buffer_manager.go:448.37,450.3 1 0
pansou/util/cache/global_buffer_manager.go:452.2,455.12 2 0
pansou/util/cache/global_buffer_manager.go:459.61,465.39 4 0
pansou/util/cache/global_buffer_manager.go:465.39,467.3 1 0
pansou/util/cache/global_buffer_manager.go:470.2,470.39 1 0
pansou/util/cache/global_buffer_manager.go:470.39,472.3 1 0
pansou/util/cache/global_buffer_manager.go:474.2,474.15 1 0
pansou/util/cache/global_buffer_manager.go:478.70,484.36 4 0
pansou/util/cache/global_buffer_manager.go:484.36,500.3 4 0
pansou/util/cache/global_buffer_manager.go:502.2,502.13 1 0
pansou/util/cache/global_buffer_manager.go:506.68,513.36 5 0
pansou/util/cache/global_buffer_manager.go:513.36,515.53 1 0
pansou/util/cache/global_buffer_manager.go:515.53,516.12 1 0
pansou/util/cache/global_buffer_manager.go:519.3,521.82 2 0
pansou/util/cache/global_buffer_manager.go:521.82,523.4 1 0
pansou/util/cache/global_buffer_manager.go:524.3,524.25 1 0
pansou/util/cache/global_buffer_manager.go:527.2,527.23 1 0
pansou/util/cache/memory_cache.go:27.63,33.2 1 0
pansou/util/cache/memory_cache.go:36.71,38.2 1 0
pansou/util/cache/memory_cache.go:41.108,46.42 3 0
pansou/util/cache/memory_cache.go:46.42,48.3 1 0
pansou/util/cache/memory_cache.go:51.2,61.75 3 0
pansou/util/cache/memory_cache.go:61.75,63.3 1 0
pansou/util/cache/memory_cache.go:66.2,67.32 2 0
pansou/util/cache/memory_cache.go:71.54,76.13 4 0
pansou/util/cache/memory_cache.go:76.13,78.3 1 0
pansou/util/cache/memory_cache.go:81.2,81.35 1 0
pansou/util/cache/memory_cache.go:81.35,87.3 5 0
pansou/util/cache/memory_cache.go:90.2,94.24 4 0
pansou/util/cache/memory_cache.go:98.78,103.13 4 0
pansou/util/cache/memory_cache.go:103.13,105.3 1 0
pansou/util/cache/memory_cache.go:108.2,108.35 1 0
pansou/util/cache/memory_cache.go:108.35,114.3 5 0
pansou/util/cache/memory_cache.go:117.2,121.43 4 0
pansou/util/cache/memory_cache.go:125.69,130.13 4 0
pansou/util/cache/memory_cache.go:130.13,132.3 1 0
pansou/util/cache/memory_cache.go:135.2,135.35 1 0
pansou/util/cache/memory_cache.go:135.35,137.3 1 0
pansou/util/cache/memory_cache.go:139.2,139.32 1 0
pansou/util/cache/memory_cache.go:143.31,151.28 4 0
pansou/util/cache/memory_cache.go:151.28,152.36 1 0
pansou/util/cache/memory_cache.go:152.36,155.4 2 0
pansou/util/cache/memory_cache.go:159.2,159.21 1 0
pansou/util/cache/memory_cache.go:159.21,163.3 3 0
pansou/util/cache/memory_cache.go:167.38,172.28 4 0
pansou/util/cache/memory_cache.go:172.28,173.26 1 0
pansou/util/cache/memory_cache.go:173.26,176.4 2 0
pansou/util/cache/memory_cache.go:181.42,183.12 2 0
pansou/util/cache/memory_cache.go:183.12,184.22 1 0
pansou/util/cache/memory_cache.go:184.22,186.4 1 0
pansou/util/cache/metric_collector.go:10.44,19.2 1 0
pansou/util/cache/metric_collector.go:22.63,23.56 1 0
pansou/util/cache/metric_collector.go:23.56,25.3 1 0
pansou/util/cache/metric_collector.go:27.2,28.12 2 0
pansou/util/cache/metric_collector.go:32.34,33.55 1 0
pansou/util/cache/metric_collector.go:33.55,35.3 1 0
pansou/util/cache/metric_collector.go:39.66,43.6 3 0
pansou/util/cache/metric_collector.go:43.6,44.10 1 0
pansou/util/cache/metric_collector.go:45.19,46.22 1 0
pansou/util/cache/metric_collector.go:48.27,49.10 1 0
pansou/util/cache/metric_collector.go:55.44,82.2 9 0
pansou/util/cache/metric_collector.go:85.84,101.2 3 0
pansou/util/cache/metric_collector.go:104.94,116.2 1 0
pansou/util/cache/metric_collector.go:119.82,132.2 1 0
pansou/util/cache/metric_collector.go:135.89,143.2 5 0
pansou/util/cache/metric_collector.go:146.81,153.2 4 0
pansou/util/cache/metric_collector.go:156.80,160.31 3 0
pansou/util/cache/metric_collector.go:160.31,162.3 1 0
pansou/util/cache/metric_collector.go:163.2,165.51 2 0
pansou/util/cache/metric_collector.go:169.65,176.46 4 0
pansou/util/cache/metric_collector.go:176.46,178.3 1 0
pansou/util/cache/metric_collector.go:182.62,186.32 3 0
pansou/util/cache/metric_collector.go:186.32,188.3 1 0
pansou/util/cache/metric_collector.go:190.2,191.16 2 0
pansou/util/cache/metric_collector.go:195.73,199.49 3 0
pansou/util/cache/metric_collector.go:199.49,201.3 1 0
pansou/util/cache/metric_collector.go:203.2,207.16 4 0
pansou/util/cache/performance_analyzer.go:49.52,64.2 1 0
pansou/util/cache/performance_analyzer.go:67.71,68.22 1 0
pansou/util/cache/performance_analyzer.go:68.22,70.3 1 0
pansou/util/cache/performance_analyzer.go:72.2,87.35 5 0
pansou/util/cache/performance_analyzer.go:87.35,94.3 6 0
pansou/util/cache/performance_analyzer.go:97.2,97.42 1 0
pansou/util/cache/performance_analyzer.go:97.42,100.3 2 0
pansou/util/cache/performance_analyzer.go:104.113,105.21 1 0
pansou/util/cache/performance_analyzer.go:105.21,114.3 1 0
pansou/util/cache/performance_analyzer.go:117.2,121.28 3 0
pansou/util/cache/performance_analyzer.go:121.28,122.16 1 0
pansou/util/cache/performance_analyzer.go:122.16,124.4 1 0
pansou/util/cache/performance_analyzer.go:124.9,126.4 1 0
pansou/util/cache/performance_analyzer.go:130.2,143.3 4 0
pansou/util/cache/performance_analyzer.go:147.122,149.11 2 0
pansou/util/cache/performance_analyzer.go:149.11,151.3 1 0
pansou/util/cache/performance_analyzer.go:154.2,155.31 2 0
pansou/util/cache/performance_analyzer.go:155.31,157.3 1 0
pansou/util/cache/performance_analyzer.go:160.2,161.30 2 0
pansou/util/cache/performance_analyzer.go:161.30,164.3 2 0
pansou/util/cache/performance_analyzer.go:165.2,170.30 4 0
pansou/util/cache/performance_analyzer.go:170.30,173.3 2 0
pansou/util/cache/performance_analyzer.go:175.2,175.22 1 0
pansou/util/cache/performance_analyzer.go:175.22,177.3 1 0
pansou/util/cache/performance_analyzer.go:179.2,184.30 4 0
pansou/util/cache/performance_analyzer.go:184.30,188.3 3 0
pansou/util/cache/performance_analyzer.go:190.2,190.16 1 0
pansou/util/cache/performance_analyzer.go:190.16,192.3 1 0
pansou/util/cache/performance_analyzer.go:192.8,194.3 1 0
pansou/util/cache/performance_analyzer.go:196.2,196.48 1 0
pansou/util/cache/performance_analyzer.go:200.79,201.27 1 0
pansou/util/cache/performance_analyzer.go:201.27,203.3 1 0
pansou/util/cache/performance_analyzer.go:205.2,221.41 5 0
pansou/util/cache/performance_analyzer.go:221.41,223.21 2 0
pansou/util/cache/performance_analyzer.go:223.21,225.4 1 0
pansou/util/cache/performance_analyzer.go:230.115,232.21 2 0
pansou/util/cache/performance_analyzer.go:232.21,243.3 2 0
pansou/util/cache/performance_analyzer.go:246.2,249.25 2 0
pansou/util/cache/performance_analyzer.go:249.25,255.19 4 0
pansou/util/cache/performance_analyzer.go:255.19,258.4 2 0
pansou/util/cache/performance_analyzer.go:258.9,258.26 1 0
pansou/util/cache/performance_analyzer.go:258.26,261.4 2 0
pansou/util/cache/performance_analyzer.go:261.9,261.26 1 0
pansou/util/cache/performance_analyzer.go:261.26,264.4 2 0
pansou/util/cache/performance_analyzer.go:264.9,266.4 1 0
pansou/util/cache/performance_analyzer.go:269.3,282.4 2 0
pansou/util/cache/performance_analyzer.go:285.2,285.12 1 0
pansou/util/cache/performance_analyzer.go:289.105,296.29 4 0
pansou/util/cache/performance_analyzer.go:296.29,300.3 2 0
pansou/util/cache/performance_analyzer.go:303.2,303.29 1 0
pansou/util/cache/performance_analyzer.go:303.29,305.3 1 0
pansou/util/cache/performance_analyzer.go:306.2,306.29 1 0
pansou/util/cache/performance_analyzer.go:306.29,308.3 1 0
pansou/util/cache/performance_analyzer.go:310.2,310.33 1 0
pansou/util/cache/performance_analyzer.go:314.77,315.22 1 0
pansou/util/cache/performance_analyzer.go:315.22,317.3 1 0
pansou/util/cache/performance_analyzer.go:319.2,331.35 4 0
pansou/util/cache/performance_analyzer.go:331.35,337.3 5 0
pansou/util/cache/performance_analyzer.go:340.2,341.28 2 0
pansou/util/cache/performance_analyzer.go:341.28,343.3 1 0
pansou/util/cache/performance_analyzer.go:344.2,346.38 2 0
pansou/util/cache/performance_analyzer.go:346.38,347.62 1 0
pansou/util/cache/performance_analyzer.go:347.62,349.4 1 0
pansou/util/cache/performance_analyzer.go:351.3,351.39 1 0
pansou/util/cache/performance_analyzer.go:351.39,352.14 1 0
pansou/util/cache/performance_analyzer.go:352.14,358.58 4 0
pansou/util/cache/performance_analyzer.go:358.58,360.6 1 0
pansou/util/cache/performance_analyzer.go:367.76,368.36 1 0
pansou/util/cache/performance_analyzer.go:368.36,370.3 1 0
pansou/util/cache/performance_analyzer.go:372.2,376.30 3 0
pansou/util/cache/performance_analyzer.go:376.30,379.3 2 0
pansou/util/cache/performance_analyzer.go:380.2,385.30 4 0
pansou/util/cache/performance_analyzer.go:385.30,391.3 5 0
pansou/util/cache/performance_analyzer.go:394.2,394.38 1 0
pansou/util/cache/performance_analyzer.go:394.38,396.3 1 0
pansou/util/cache/performance_analyzer.go:398.2,399.20 2 0
pansou/util/cache/performance_analyzer.go:403.86,404.27 1 0
pansou/util/cache/performance_analyzer.go:404.27,406.3 1 0
pansou/util/cache/performance_analyzer.go:408.2,411.42 2 0
pansou/util/cache/performance_analyzer.go:411.42,413.3 1 0
pansou/util/cache/performance_analyzer.go:416.2,417.29 2 0
pansou/util/cache/performance_analyzer.go:417.29,419.3 1 0
pansou/util/cache/performance_analyzer.go:422.2,422.61 1 0
pansou/util/cache/performance_analyzer.go:422.61,424.3 1 0
pansou/util/cache/performance_analyzer.go:427.2,427.49 1 0
pansou/util/cache/performance_analyzer.go:427.49,429.3 1 0
pansou/util/cache/performance_analyzer.go:432.2,432.40 1 0
pansou/util/cache/performance_analyzer.go:432.40,434.3 1 0
pansou/util/cache/performance_analyzer.go:437.2,437.44 1 0
pansou/util/cache/performance_analyzer.go:437.44,439.3 1 0
pansou/util/cache/performance_analyzer.go:441.2,441.15 1 0
pansou/util/cache/performance_analyzer.go:445.67,450.36 4 0
pansou/util/cache/performance_analyzer.go:450.36,452.3 1 0
pansou/util/cache/performance_analyzer.go:454.2,454.15 1 0
pansou/util/cache/performance_analyzer.go:458.64,466.2 5 0
pansou/util/cache/performance_analyzer.go:469.68,474.35 4 0
pansou/util/cache/performance_analyzer.go:474.35,476.3 1 0
pansou/util/cache/performance_analyzer.go:478.2,478.21 1 0
pansou/util/cache/predictive_model.go:10.44,19.2 1 0
pansou/util/cache/predictive_model.go:22.65,26.50 3 0
pansou/util/cache/predictive_model.go:26.50,28.3 1 0
pansou/util/cache/predictive_model.go:31.2,34.21 2 0
pansou/util/cache/predictive_model.go:35.27,36.42 1 0
pansou/util/cache/predictive_model.go:37.31,38.46 1 0
pansou/util/cache/predictive_model.go:39.10,40.65 1 0
pansou/util/cache/predictive_model.go:45.73,50.23 4 0
pansou/util/cache/predictive_model.go:50.23,52.3 1 0
pansou/util/cache/predictive_model.go:55.2,61.33 4 0
pansou/util/cache/predictive_model.go:61.33,68.36 2 0
pansou/util/cache/predictive_model.go:68.36,74.4 5 0
pansou/util/cache/predictive_model.go:78.2,78.39 1 0
pansou/util/cache/predictive_model.go:78.39,85.44 3 0
pansou/util/cache/predictive_model.go:85.44,91.4 5 0
pansou/util/cache/predictive_model.go:96.81,100.80 3 0
pansou/util/cache/predictive_model.go:100.80,102.3 1 0
pansou/util/cache/predictive_model.go:104.2,114.43 6 0
pansou/util/cache/predictive_model.go:114.43,119.37 3 0
pansou/util/cache/predictive_model.go:119.37,122.39 2 0
pansou/util/cache/predictive_model.go:122.39,124.5 1 0
pansou/util/cache/predictive_model.go:127.4,132.39 4 0
pansou/util/cache/predictive_model.go:132.39,134.5 1 0
pansou/util/cache/predictive_model.go:138.3,138.44 1 0
pansou/util/cache/predictive_model.go:138.44,140.4 1 0
pansou/util/cache/predictive_model.go:143.3,146.22 2 0
pansou/util/cache/predictive_model.go:146.22,147.9 1 0
pansou/util/cache/predictive_model.go:151.2,151.12 1 0
pansou/util/cache/predictive_model.go:155.85,159.29 3 0
pansou/util/cache/predictive_model.go:159.29,161.3 1 0
pansou/util/cache/predictive_model.go:164.2,172.29 5 0
pansou/util/cache/predictive_model.go:172.29,174.3 1 0
pansou/util/cache/predictive_model.go:176.2,176.12 1 0
pansou/util/cache/predictive_model.go:180.99,184.30 3 0
pansou/util/cache/predictive_model.go:184.30,186.3 1 0
pansou/util/cache/predictive_model.go:188.2,191.21 3 0
pansou/util/cache/predictive_model.go:192.27,193.45 1 0
pansou/util/cache/predictive_model.go:193.45,195.4 1 0
pansou/util/cache/predictive_model.go:198.3,199.36 2 0
pansou/util/cache/predictive_model.go:199.36,201.4 1 0
pansou/util/cache/predictive_model.go:204.3,204.37 1 0
pansou/util/cache/predictive_model.go:206.31,209.19 2 0
pansou/util/cache/predictive_model.go:211.10,212.70 1 0
pansou/util/cache/predictive_model.go:215.2,221.8 1 0
pansou/util/cache/predictive_model.go:225.46,229.26 3 0
pansou/util/cache/predictive_model.go:229.26,231.3 1 0
pansou/util/cache/predictive_model.go:233.2,236.39 3 0
pansou/util/cache/predictive_model.go:236.39,248.17 3 0
pansou/util/cache/predictive_model.go:248.17,249.12 1 0
pansou/util/cache/predictive_model.go:253.3,257.22 3 0
pansou/util/cache/predictive_model.go:257.22,259.4 1 0
pansou/util/cache/predictive_model.go:262.2,268.17 4 0
pansou/util/cache/predictive_model.go:272.88,280.2 5 0
pansou/util/cache/predictive_model.go:283.43,284.26 1 0
pansou/util/cache/predictive_model.go:284.26,286.3 1 0
pansou/util/cache/predictive_model.go:288.2,291.39 3 0
pansou/util/cache/predictive_model.go:291.39,301.17 3 0
pansou/util/cache/predictive_model.go:301.17,302.12 1 0
pansou/util/cache/predictive_model.go:305.3,308.21 4 0
pansou/util/cache/predictive_model.go:311.2,311.26 1 0
pansou/util/cache/predictive_model.go:311.26,313.3 1 0
pansou/util/cache/predictive_model.go:317.123,318.27 1 0
pansou/util/cache/predictive_model.go:318.27,320.3 1 0
pansou/util/cache/predictive_model.go:322.2,332.35 3 0
pansou/util/cache/predictive_model.go:332.35,336.17 3 0
pansou/util/cache/predictive_model.go:336.17,338.4 1 0
pansou/util/cache/predictive_model.go:341.2,341.20 1 0
pansou/util/cache/predictive_model.go:345.49,350.2 3 0
pansou/util/cache/predictive_model.go:353.66,358.34 4 0
pansou/util/cache/predictive_model.go:358.34,360.3 1 0
pansou/util/cache/predictive_model.go:362.2,362.20 1 0
pansou/util/cache/predictive_model.go:366.77,367.27 1 0
pansou/util/cache/predictive_model.go:367.27,369.3 1 0
pansou/util/cache/predictive_model.go:372.2,385.35 5 0
pansou/util/cache/predictive_model.go:385.35,387.3 1 0
pansou/util/cache/predictive_model.go:390.2,391.34 2 0
pansou/util/cache/predictive_model.go:391.34,392.43 1 0
pansou/util/cache/predictive_model.go:392.43,394.4 1 0
pansou/util/cache/search_pattern_analyzer.go:40.56,51.2 3 0
pansou/util/cache/search_pattern_analyzer.go:54.58,111.2 1 0
pansou/util/cache/search_pattern_analyzer.go:114.83,122.56 4 0
pansou/util/cache/search_pattern_analyzer.go:122.56,124.56 1 0
pansou/util/cache/search_pattern_analyzer.go:124.56,130.4 5 0
pansou/util/cache/search_pattern_analyzer.go:132.2,140.16 4 0
pansou/util/cache/search_pattern_analyzer.go:144.77,153.2 3 0
pansou/util/cache/search_pattern_analyzer.go:156.73,166.2 5 0
pansou/util/cache/search_pattern_analyzer.go:169.86,189.2 5 0
pansou/util/cache/search_pattern_analyzer.go:192.72,194.38 1 0
pansou/util/cache/search_pattern_analyzer.go:194.38,195.40 1 0
pansou/util/cache/search_pattern_analyzer.go:195.40,197.4 1 0
pansou/util/cache/search_pattern_analyzer.go:200.2,200.23 1 0
pansou/util/cache/search_pattern_analyzer.go:204.103,226.30 11 0
pansou/util/cache/search_pattern_analyzer.go:226.30,228.3 1 0
pansou/util/cache/search_pattern_analyzer.go:228.8,228.23 1 0
pansou/util/cache/search_pattern_analyzer.go:228.23,230.3 1 0
pansou/util/cache/search_pattern_analyzer.go:230.8,230.23 1 0
pansou/util/cache/search_pattern_analyzer.go:230.23,232.3 1 0
pansou/util/cache/search_pattern_analyzer.go:232.8,234.3 1 0
pansou/util/cache/search_pattern_analyzer.go:237.2,238.21 2 0
pansou/util/cache/search_pattern_analyzer.go:238.21,240.3 1 0
pansou/util/cache/search_pattern_analyzer.go:241.2,241.16 1 0
pansou/util/cache/search_pattern_analyzer.go:241.16,243.3 1 0
pansou/util/cache/search_pattern_analyzer.go:246.2,247.21 2 0
pansou/util/cache/search_pattern_analyzer.go:247.21,249.3 1 0
pansou/util/cache/search_pattern_analyzer.go:249.8,249.28 1 0
pansou/util/cache/search_pattern_analyzer.go:249.28,251.3 1 0
pansou/util/cache/search_pattern_analyzer.go:253.2,253.54 1 0
pansou/util/cache/search_pattern_analyzer.go:257.105,262.57 3 0
pansou/util/cache/search_pattern_analyzer.go:262.57,264.3 1 0
pansou/util/cache/search_pattern_analyzer.go:264.8,264.65 1 0
pansou/util/cache/search_pattern_analyzer.go:264.65,266.3 1 0
pansou/util/cache/search_pattern_analyzer.go:266.8,266.68 1 0
pansou/util/cache/search_pattern_analyzer.go:266.68,268.3 1 0
pansou/util/cache/search_pattern_analyzer.go:270.2,271.38 2 0
pansou/util/cache/search_pattern_analyzer.go:275.97,281.9 4 0
pansou/util/cache/search_pattern_analyzer.go:282.30,283.25 1 0
pansou/util/cache/search_pattern_analyzer.go:284.31,285.27 1 0
pansou/util/cache/search_pattern_analyzer.go:286.31,287.25 1 0
pansou/util/cache/search_pattern_analyzer.go:288.10,289.23 1 0
pansou/util/cache/search_pattern_analyzer.go:292.2,300.42 5 0
pansou/util/cache/search_pattern_analyzer.go:300.42,302.3 1 0
pansou/util/cache/search_pattern_analyzer.go:302.8,304.3 1 0
pansou/util/cache/search_pattern_analyzer.go:308.87,313.21 2 0
pansou/util/cache/search_pattern_analyzer.go:314.9,315.24 1 0
pansou/util/cache/search_pattern_analyzer.go:316.9,317.28 1 0
pansou/util/cache/search_pattern_analyzer.go:318.9,319.20 1 0
pansou/util/cache/search_pattern_analyzer.go:320.9,321.24 1 0
pansou/util/cache/search_pattern_analyzer.go:322.10,323.20 1 0
pansou/util/cache/search_pattern_analyzer.go:328.87,333.43 3 0
pansou/util/cache/search_pattern_analyzer.go:333.43,335.3 1 0
pansou/util/cache/search_pattern_analyzer.go:337.2,337.36 1 0
pansou/util/cache/search_pattern_analyzer.go:341.48,346.43 3 0
pansou/util/cache/search_pattern_analyzer.go:346.43,347.54 1 0
pansou/util/cache/search_pattern_analyzer.go:347.54,349.4 1 0
pansou/util/cache/search_pattern_analyzer.go:353.2,353.43 1 0
pansou/util/cache/search_pattern_analyzer.go:353.43,362.44 3 0
pansou/util/cache/search_pattern_analyzer.go:362.44,368.4 1 0
pansou/util/cache/search_pattern_analyzer.go:371.3,371.44 1 0
pansou/util/cache/search_pattern_analyzer.go:371.44,372.54 1 0
pansou/util/cache/search_pattern_analyzer.go:372.54,374.5 1 0
pansou/util/cache/search_pattern_analyzer.go:375.4,375.56 1 0
pansou/util/cache/search_pattern_analyzer.go:379.3,380.36 2 0
pansou/util/cache/search_pattern_analyzer.go:380.36,382.4 1 0
pansou/util/cache/search_pattern_analyzer.go:386.2,386.31 1 0
pansou/util/cache/search_pattern_analyzer.go:386.31,388.3 1 0
pansou/util/cache/search_pattern_analyzer.go:392.72,397.25 4 0
pansou/util/cache/search_pattern_analyzer.go:397.25,399.3 1 0
pansou/util/cache/search_pattern_analyzer.go:401.2,408.3 1 0
pansou/util/cache/search_pattern_analyzer.go:412.80,417.41 4 0
pansou/util/cache/search_pattern_analyzer.go:417.41,419.3 1 0
pansou/util/cache/search_pattern_analyzer.go:422.2,422.43 1 0
pansou/util/cache/search_pattern_analyzer.go:422.43,424.3 1 0
pansou/util/cache/search_pattern_analyzer.go:426.2,426.40 1 0
pansou/util/cache/search_pattern_analyzer.go:426.40,428.3 1 0
pansou/util/cache/search_pattern_analyzer.go:430.2,430.17 1 0
pansou/util/cache/serializer.go:13.13,31.2 6 0
pansou/util/cache/serializer.go:45.40,48.28 1 0
pansou/util/cache/serializer.go:48.28,50.5 1 0
pansou/util/cache/serializer.go:56.66,62.38 5 0
pansou/util/cache/serializer.go:62.38,64.3 1 0
pansou/util/cache/serializer.go:66.2,68.20 3 0
pansou/util/cache/serializer.go:72.71,80.2 6 0
pansou/util/cache/serializer.go:89.42,93.2 1 0
pansou/util/cache/serializer.go:96.67,98.2 1 0
pansou/util/cache/serializer.go:101.72,103.2 1 0
pansou/util/cache/sharded_disk_cache.go:23.96,25.2 1 0
pansou/util/cache/sharded_disk_cache.go:28.93,31.20 2 0
pansou/util/cache/sharded_disk_cache.go:31.20,33.3 1 0
pansou/util/cache/sharded_disk_cache.go:34.2,34.21 1 0
pansou/util/cache/sharded_disk_cache.go:34.21,36.3 1 0
pansou/util/cache/sharded_disk_cache.go:39.2,41.69 2 0
pansou/util/cache/sharded_disk_cache.go:45.36,46.12 1 0
pansou/util/cache/sharded_disk_cache.go:46.12,48.3 1 0
pansou/util/cache/sharded_disk_cache.go:49.2,55.14 7 0
pansou/util/cache/sharded_disk_cache.go:59.105,62.19 2 0
pansou/util/cache/sharded_disk_cache.go:62.19,64.3 1 0
pansou/util/cache/sharded_disk_cache.go:66.2,75.34 2 0
pansou/util/cache/sharded_disk_cache.go:75.34,78.17 3 0
pansou/util/cache/sharded_disk_cache.go:78.17,80.4 1 0
pansou/util/cache/sharded_disk_cache.go:81.3,81.30 1 0
pansou/util/cache/sharded_disk_cache.go:84.2,84.19 1 0
pansou/util/cache/sharded_disk_cache.go:88.60,94.2 4 0
pansou/util/cache/sharded_disk_cache.go:97.82,100.2 2 0
pansou/util/cache/sharded_disk_cache.go:103.66,106.2 2 0
pansou/util/cache/sharded_disk_cache.go:109.53,112.2 2 0
pansou/util/cache/sharded_disk_cache.go:115.49,118.2 2 0
pansou/util/cache/sharded_disk_cache.go:121.42,126.33 4 0
pansou/util/cache/sharded_disk_cache.go:126.33,127.39 1 0
pansou/util/cache/sharded_disk_cache.go:127.39,129.4 1 0
pansou/util/cache/sharded_disk_cache.go:132.2,132.16 1 0
pansou/util/cache/sharded_disk_cache.go:136.74,139.2 2 0
pansou/util/cache/sharded_disk_cache.go:142.43,144.33 1 0
pansou/util/cache/sharded_disk_cache.go:144.33,145.25 1 0
pansou/util/cache/sharded_disk_cache.go:145.25,147.4 1 0
pansou/util/cache/sharded_disk_cache.go:152.43,154.2 1 0
pansou/util/cache/sharded_disk_cache.go:157.47,161.2 2 0
pansou/util/cache/sharded_disk_cache.go:164.53,166.2 1 0
pansou/util/cache/sharded_disk_cache.go:169.58,172.21 3 0
pansou/util/cache/sharded_disk_cache.go:172.21,174.3 1 0
pansou/util/cache/sharded_disk_cache.go:174.8,177.3 1 0
pansou/util/cache/sharded_memory_cache.go:53.77,56.20 2 0
pansou/util/cache/sharded_memory_cache.go:56.20,58.3 1 0
pansou/util/cache/sharded_memory_cache.go:59.2,59.21 1 0
pansou/util/cache/sharded_memory_cache.go:59.21,61.3 1 0
pansou/util/cache/sharded_memory_cache.go:64.2,71.34 6 0
pansou/util/cache/sharded_memory_cache.go:71.34,75.3 1 0
pansou/util/cache/sharded_memory_cache.go:77.2,84.3 1 0
pansou/util/cache/sharded_memory_cache.go:88.32,89.12 1 0
pansou/util/cache/sharded_memory_cache.go:89.12,91.3 1 0
pansou/util/cache/sharded_memory_cache.go:92.2,98.14 7 0
pansou/util/cache/sharded_memory_cache.go:102.69,107.2 4 0
pansou/util/cache/sharded_memory_cache.go:110.78,112.2 1 0
pansou/util/cache/sharded_memory_cache.go:115.115,121.46 4 0
pansou/util/cache/sharded_memory_cache.go:121.46,123.3 1 0
pansou/util/cache/sharded_memory_cache.go:126.2,136.93 3 0
pansou/util/cache/sharded_memory_cache.go:136.93,138.3 1 0
pansou/util/cache/sharded_memory_cache.go:141.2,142.52 2 0
pansou/util/cache/sharded_memory_cache.go:146.61,152.13 5 0
pansou/util/cache/sharded_memory_cache.go:152.13,154.3 1 0
pansou/util/cache/sharded_memory_cache.go:157.2,157.35 1 0
pansou/util/cache/sharded_memory_cache.go:157.35,163.3 5 0
pansou/util/cache/sharded_memory_cache.go:166.2,168.24 2 0
pansou/util/cache/sharded_memory_cache.go:172.85,178.13 5 0
pansou/util/cache/sharded_memory_cache.go:178.13,180.3 1 0
pansou/util/cache/sharded_memory_cache.go:183.2,183.35 1 0
pansou/util/cache/sharded_memory_cache.go:183.35,189.3 5 0
pansou/util/cache/sharded_memory_cache.go:192.2,194.43 2 0
pansou/util/cache/sharded_memory_cache.go:198.76,204.13 5 0
pansou/util/cache/sharded_memory_cache.go:204.13,206.3 1 0
pansou/util/cache/sharded_memory_cache.go:209.2,209.35 1 0
pansou/util/cache/sharded_memory_cache.go:209.35,211.3 1 0
pansou/util/cache/sharded_memory_cache.go:213.2,213.32 1 0
pansou/util/cache/sharded_memory_cache.go:217.70,222.32 4 0
pansou/util/cache/sharded_memory_cache.go:222.32,224.28 2 0
pansou/util/cache/sharded_memory_cache.go:224.28,228.4 3 0
pansou/util/cache/sharded_memory_cache.go:232.2,232.42 1 0
pansou/util/cache/sharded_memory_cache.go:232.42,235.63 2 0
pansou/util/cache/sharded_memory_cache.go:235.63,237.55 1 0
pansou/util/cache/sharded_memory_cache.go:237.55,239.16 2 0
pansou/util/cache/sharded_memory_cache.go:239.16,241.6 1 0
pansou/util/cache/sharded_memory_cache.go:246.3,247.33 2 0
pansou/util/cache/sharded_memory_cache.go:252.45,257.33 3 0
pansou/util/cache/sharded_memory_cache.go:257.33,259.32 2 0
pansou/util/cache/sharded_memory_cache.go:259.32,264.30 4 0
pansou/util/cache/sharded_memory_cache.go:264.30,265.28 1 0
pansou/util/cache/sharded_memory_cache.go:265.28,268.6 2 0
pansou/util/cache/sharded_memory_cache.go:272.2,272.11 1 0
pansou/util/cache/sharded_memory_cache.go:276.49,281.46 4 0
pansou/util/cache/sharded_memory_cache.go:281.46,284.3 2 0
pansou/util/cache/sharded_memory_cache.go:288.38,291.33 2 0
pansou/util/cache/sharded_memory_cache.go:291.33,293.32 2 0
pansou/util/cache/sharded_memory_cache.go:293.32,300.4 5 0
pansou/util/cache/sharded_memory_cache.go:302.2,302.11 1 0
pansou/util/cache/sharded_memory_cache.go:306.31,307.30 1 0
pansou/util/cache/sharded_memory_cache.go:307.30,309.13 2 0
pansou/util/cache/sharded_memory_cache.go:309.13,310.36 1 0
pansou/util/cache/sharded_memory_cache.go:310.36,317.34 5 0
pansou/util/cache/sharded_memory_cache.go:317.34,319.6 1 0
pansou/util/cache/sharded_memory_cache.go:326.46,330.2 3 0
pansou/util/cache/sharded_memory_cache.go:333.49,336.2 2 0
pansou/util/cache/sharded_memory_cache.go:339.81,343.2 3 0
pansou/util/cache/sharded_memory_cache.go:346.72,350.2 3 0
pansou/util/cache/sharded_memory_cache.go:359.72,364.33 3 0
pansou/util/cache/sharded_memory_cache.go:364.33,366.38 2 0
pansou/util/cache/sharded_memory_cache.go:366.38,368.55 1 0
pansou/util/cache/sharded_memory_cache.go:368.55,369.13 1 0
pansou/util/cache/sharded_memory_cache.go:373.4,374.29 2 0
pansou/util/cache/sharded_memory_cache.go:374.29,376.17 2 0
pansou/util/cache/sharded_memory_cache.go:376.17,377.14 1 0
pansou/util/cache/sharded_memory_cache.go:381.4,384.5 1 0
pansou/util/cache/sharded_memory_cache.go:386.3,386.24 1 0
pansou/util/cache/sharded_memory_cache.go:389.2,389.15 1 0
pansou/util/cache/tuning_strategy.go:9.42,21.2 3 0
pansou/util/cache/tuning_strategy.go:24.44,34.2 1 0
pansou/util/cache/tuning_strategy.go:37.44,43.50 1 0
pansou/util/cache/tuning_strategy.go:43.50,45.5 1 0
pansou/util/cache/tuning_strategy.go:46.72,48.5 1 0
pansou/util/cache/tuning_strategy.go:54.50,57.5 2 0
pansou/util/cache/tuning_strategy.go:58.72,60.5 1 0
pansou/util/cache/tuning_strategy.go:66.50,68.5 1 0
pansou/util/cache/tuning_strategy.go:69.72,71.5 1 0
pansou/util/cache/tuning_strategy.go:77.50,79.5 1 0
pansou/util/cache/tuning_strategy.go:80.72,82.5 1 0
pansou/util/cache/tuning_strategy.go:88.50,90.5 1 0
pansou/util/cache/tuning_strategy.go:91.72,93.5 1 0
pansou/util/cache/tuning_strategy.go:99.50,102.5 1 0
pansou/util/cache/tuning_strategy.go:103.72,105.5 1 0
pansou/util/cache/tuning_strategy.go:111.101,112.20 1 0
pansou/util/cache/tuning_strategy.go:112.20,114.3 1 0
pansou/util/cache/tuning_strategy.go:116.2,120.42 3 0
pansou/util/cache/tuning_strategy.go:120.42,122.3 1 0
pansou/util/cache/tuning_strategy.go:125.2,125.31 1 0
pansou/util/cache/tuning_strategy.go:125.31,126.20 1 0
pansou/util/cache/tuning_strategy.go:126.20,127.12 1 0
pansou/util/cache/tuning_strategy.go:131.3,131.53 1 0
pansou/util/cache/tuning_strategy.go:131.53,132.12 1 0
pansou/util/cache/tuning_strategy.go:136.3,136.30 1 0
pansou/util/cache/tuning_strategy.go:136.30,138.18 2 0
pansou/util/cache/tuning_strategy.go:138.18,139.13 1 0
pansou/util/cache/tuning_strategy.go:143.4,150.19 5 0
pansou/util/cache/tuning_strategy.go:154.2,154.12 1 0
pansou/util/cache/tuning_strategy.go:158.111,187.2 2 0
pansou/util/cache/tuning_strategy.go:190.114,219.2 2 0
pansou/util/cache/tuning_strategy.go:222.120,251.2 2 0
pansou/util/cache/tuning_strategy.go:254.113,283.2 2 0
pansou/util/cache/tuning_strategy.go:286.114,315.2 2 0
pansou/util/cache/tuning_strategy.go:318.106,339.2 2 0
pansou/util/cache/tuning_strategy.go:342.87,364.35 6 0
pansou/util/cache/tuning_strategy.go:364.35,366.3 1 0
pansou/util/cache/tuning_strategy.go:367.2,369.18 2 0
pansou/util/cache/tuning_strategy.go:373.78,377.51 3 0
pansou/util/cache/tuning_strategy.go:377.51,379.3 1 0
pansou/util/cache/tuning_strategy.go:381.2,385.16 4 0
pansou/util/cache/tuning_strategy.go:389.62,396.22 4 0
pansou/util/cache/tuning_strategy.go:397.22,399.32 1 0
pansou/util/cache/tuning_strategy.go:399.32,401.4 1 0
pansou/util/cache/tuning_strategy.go:403.20,405.32 1 0
pansou/util/cache/tuning_strategy.go:405.32,407.4 1 0
pansou/util/cache/tuning_strategy.go:409.18,411.32 1 0
pansou/util/cache/tuning_strategy.go:411.32,413.4 1 0
pansou/util/cache/tuning_strategy.go:418.68,432.31 6 0
pansou/util/cache/tuning_strategy.go:432.31,433.19 1 0
pansou/util/cache/tuning_strategy.go:433.19,435.4 1 0
pansou/util/cache/tuning_strategy.go:437.3,442.4 1 0
pansou/util/cache/tuning_strategy.go:445.2,450.47 4 0
pansou/util/cache/tuning_strategy.go:450.47,451.58 1 0
pansou/util/cache/tuning_strategy.go:451.58,453.4 1 0
pansou/util/cache/tuning_strategy.go:456.2,456.33 1 0
pansou/util/cache/tuning_strategy.go:456.33,458.3 1 0
pansou/util/cache/tuning_strategy.go:458.8,460.3 1 0
pansou/util/cache/tuning_strategy.go:462.2,462.14 1 0
pansou/util/cache/utils.go:12.26,14.3 1 0
pansou/util/cache/utils.go:18.55,25.42 5 0
pansou/util/cache/utils.go:25.42,27.3 1 0
pansou/util/cache/utils.go:30.2,32.20 3 0
pansou/util/cache/utils.go:36.60,47.2 6 0
